Date,Copper_US_Tonne,Cobalt_US_Tonne,Oil_US_barrel,Maize_K_50Kg
1-Jan-2003,1536.486061,15542.43,25.84,56.2275
2-Jan-2003,1544.485989,15456.4506,25.8,56.2275
3-Jan-2003,1591.985558,15456.4506,26.77,56.2275
6-Jan-2003,1600.985476,15456.4506,27.21,56.2275
7-Jan-2003,1598.985494,15456.4506,25.86,56.2275
8-Jan-2003,1597.985503,15456.4506,25.5,56.2275
9-Jan-2003,1633.985177,15456.4506,25.96,56.2275
10-Jan-2003,1641.485109,15456.4506,26.52,56.2275
13-Jan-2003,1620.985295,15456.4506,26.1,56.2275
14-Jan-2003,1637.485145,15456.4506,26.42,56.2275
15-Jan-2003,1661.984923,15456.4506,27.1,56.2275
16-Jan-2003,1654.484991,16644.73,27.56,56.2275
17-Jan-2003,1661.484927,16644.73,27.42,56.2275
20-Jan-2003,1668.984859,16644.73,27.61,56.2275
21-Jan-2003,1685.984705,16644.73,28.01,56.2275
22-Jan-2003,1680.98475,16644.73,27.74,56.2275
23-Jan-2003,1686.4847,16644.73,27.36,56.2275
24-Jan-2003,1690.984659,16644.73,27.02,56.2275
27-Jan-2003,1671.484836,16644.73,27.81,56.2275
28-Jan-2003,1657.984959,16644.73,27.21,56.2275
29-Jan-2003,1663.984904,16644.73,27.29,56.2275
30-Jan-2003,1681.484746,16644.73,27.76,56.2275
31-Jan-2003,1713.484455,16644.73,28.22,56.2275
3-Feb-2003,1727.984324,16203.81,27.65,56.2275
4-Feb-2003,1715.984433,16203.81,27.45,56.2275
5-Feb-2003,1698.984587,16203.81,28.26,56.2275
6-Feb-2003,1690.484664,16203.81,28.43,56.2275
7-Feb-2003,1675.4848,16203.81,29.16,56.2275
10-Feb-2003,1666.484882,16203.81,29.53,56.2275
11-Feb-2003,1707.48451,16203.81,28.82,56.2275
12-Feb-2003,1686.984696,16203.81,29.67,56.2275
13-Feb-2003,1665.984886,16203.81,29.32,56.2275
14-Feb-2003,1638.985131,16203.81,29.86,56.2275
17-Feb-2003,1639.985122,17885.9198,29.22,56.2275
18-Feb-2003,1640.985113,17885.9198,28.85,56.2275
19-Feb-2003,1627.485236,17885.9198,29.17,56.2275
20-Feb-2003,1652.485009,17885.9198,29.2,56.2275
21-Feb-2003,1668.984859,17885.9198,28.85,56.2275
24-Feb-2003,1707.984505,17885.9198,29.53,56.2275
25-Feb-2003,1696.984605,17885.9198,30.52,56.2275
26-Feb-2003,1720.984387,17885.9198,29.43,56.2275
27-Feb-2003,1727.984324,17885.9198,30.44,56.2275
28-Feb-2003,1715.984433,17885.9198,29.53,56.2275
3-Mar-2003,1669.484855,17098.8776,28.1,56.2275
4-Mar-2003,1720.484392,17098.8776,28.46,56.2275
5-Mar-2003,1684.984714,17098.8776,29.34,56.2275
6-Mar-2003,1664.984895,17098.8776,29.14,56.2275
7-Mar-2003,1648.985041,17098.8776,29.15,56.2275
10-Mar-2003,1661.984923,17098.8776,30.19,56.2275
11-Mar-2003,1656.984968,17098.8776,29.54,56.2275
12-Mar-2003,1651.985013,17098.8776,28.73,56.2275
13-Mar-2003,1650.485027,17098.8776,29.53,56.2275
14-Mar-2003,1635.985158,17098.8776,28.34,56.2275
17-Mar-2003,1634.985168,18933.1048,27.49,56.2275
18-Mar-2003,1683.484728,18933.1048,24.94,56.2275
19-Mar-2003,1682.984732,18933.1048,25.1,56.2275
20-Mar-2003,1674.484809,18933.1048,24.64,56.2275
21-Mar-2003,1684.984714,18933.1048,23.88,56.2275
24-Mar-2003,1664.984895,18933.1048,23.42,56.2275
25-Mar-2003,1674.484809,18933.1048,25.07,56.2275
26-Mar-2003,1661.984923,18933.1048,23.68,56.2275
27-Mar-2003,1628.985222,18933.1048,24.24,56.2275
28-Mar-2003,1583.98563,18933.1048,26.08,56.2275
31-Mar-2003,1586.985603,18933.1048,25.45,56.2275
1-Apr-2003,1575.985703,18077.72,24.4,56.2275
2-Apr-2003,1579.985666,18077.72,22.4,56.2275
3-Apr-2003,1563.985812,18077.72,21.55,56.2275
4-Apr-2003,1577.985685,18077.72,22.5,56.2275
7-Apr-2003,1597.985503,18077.72,20.69,56.2275
8-Apr-2003,1579.985666,18077.72,22.05,56.2275
9-Apr-2003,1569.985757,18077.72,24.02,56.2275
10-Apr-2003,1580.985657,18077.72,23.32,56.2275
11-Apr-2003,1569.985757,18077.72,23.23,56.2275
14-Apr-2003,1578.48568,18077.72,22.6,56.2275
15-Apr-2003,1611.985376,18077.72,23.14,56.2275
16-Apr-2003,1619.985304,20421.2098,23.46,56.2275
17-Apr-2003,1615.485344,20421.2098,23.97,56.2275
18-Apr-2003,1615.485344,20421.2098,24.3,56.2275
21-Apr-2003,1615.485344,20421.2098,24.05,56.2275
22-Apr-2003,1601.485471,20421.2098,23.86,56.2275
23-Apr-2003,1594.98553,20421.2098,24.17,56.2275
24-Apr-2003,1576.985694,20421.2098,23.22,56.2275
25-Apr-2003,1579.985666,20421.2098,23.07,56.2275
28-Apr-2003,1585.985612,20421.2098,21.74,56.2275
29-Apr-2003,1582.985639,20421.2098,21.81,56.2275
30-Apr-2003,1603.985449,20421.2098,22.69,56.2275
1-May-2003,1604.985449,20422.2098,22.69,56.2275
2-May-2003,1588.985585,16887.236,23.18,56.2275
5-May-2003,1588.985585,16887.236,22.23,56.2275
6-May-2003,1582.985639,16887.236,22.8,56.2275
7-May-2003,1604.98544,16887.236,22.55,56.2275
8-May-2003,1624.485263,16887.236,22.73,56.2275
9-May-2003,1610.985385,16887.236,23.54,56.2275
12-May-2003,1612.985367,16887.236,24.11,56.2275
13-May-2003,1654.984986,16887.236,24.15,56.2275
14-May-2003,1662.984913,16887.236,24.2,56.2275
15-May-2003,1660.727305,16887.236,24.42,56.2275
16-May-2003,1663.984904,16887.236,23.89,56.2275
19-May-2003,1666.984877,16887.236,23.89,56.2275
20-May-2003,1650.985022,16887.236,24.46,56.2275
21-May-2003,1669.98485,16887.236,24.56,56.2275
22-May-2003,1691.98465,16887.236,24.4,56.2275
23-May-2003,1669.98485,16887.236,24.59,56.2275
26-May-2003,1669.98485,16887.236,24.43,56.2275
27-May-2003,1680.98475,16887.236,24.85,56.2275
28-May-2003,1691.484655,16887.236,24.5,56.2275
29-May-2003,1681.984741,16887.236,23.65,56.2275
30-May-2003,1682.984732,16887.236,24.7,56.2275
2-Jun-2003,1704.984532,16931.328,24.79,56.2275
3-Jun-2003,1711.484474,16931.328,25.22,56.2275
4-Jun-2003,1705.984523,16931.328,24.61,56.2275
5-Jun-2003,1705.984523,16931.328,24.06,56.2275
6-Jun-2003,1708.984496,16931.328,25.09,56.2275
9-Jun-2003,1691.98465,16931.328,25.32,56.2275
10-Jun-2003,1682.984732,16931.328,24.81,56.2275
11-Jun-2003,1681.984741,16931.328,25.17,56.2275
12-Jun-2003,1670.984841,16931.328,25.32,56.2275
13-Jun-2003,1681.984741,16931.328,25.27,56.2275
16-Jun-2003,1658.484954,16931.328,24.49,56.2275
17-Jun-2003,1684.484718,16931.328,24.67,56.2275
18-Jun-2003,1707.984505,16931.328,24.13,56.2275
19-Jun-2003,1708.984496,16931.328,24.22,56.2275
20-Jun-2003,1700.984569,16931.328,24.798,56.2275
23-Jun-2003,1688.984678,16931.328,25.21,56.2275
24-Jun-2003,1683.484728,16931.328,25.21,56.2275
25-Jun-2003,1667.984868,16931.328,24.98,56.2275
26-Jun-2003,1657.484963,16931.328,25.66,56.2275
27-Jun-2003,1665.984886,16931.328,25.67,56.2275
30-Jun-2003,1643.985086,16931.328,25.47,56.2275
1-Jul-2003,1637.98514,17747.03,26.08,56.2275
2-Jul-2003,1658.484954,17747.03,26.31,56.2275
3-Jul-2003,1646.985059,17747.03,26.33,56.2275
4-Jul-2003,1654.984986,17747.03,26.36,56.2275
7-Jul-2003,1669.98485,17747.03,26.04,56.2275
8-Jul-2003,1680.484755,17747.03,25.12,56.2275
9-Jul-2003,1686.984696,17747.03,26.19,56.2275
10-Jul-2003,1710.984478,17747.03,26.79,56.2275
11-Jul-2003,1699.984578,17747.03,26.87,56.2275
14-Jul-2003,1719.484401,17747.03,26.44,56.2275
15-Jul-2003,1731.984288,17747.03,26.55,56.2275
16-Jul-2003,1736.984242,17747.03,26.55,56.2275
17-Jul-2003,1726.484337,17747.03,26.51,56.2275
18-Jul-2003,1713.484455,17747.03,26.44,56.2275
21-Jul-2003,1713.484455,17747.03,26.79,56.2275
22-Jul-2003,1700.484573,17747.03,26.01,56.2275
23-Jul-2003,1695.984614,17747.03,25.59,56.2275
24-Jul-2003,1715.984433,17747.03,25.93,56.2275
25-Jul-2003,1738.984224,17747.03,25.92,56.2275
28-Jul-2003,1774.983897,17747.03,26.05,56.2275
29-Jul-2003,1764.483993,17747.03,25.82,56.2275
30-Jul-2003,1780.983843,17747.03,25.99,56.2275
31-Jul-2003,1768.983952,17747.03,26.68,56.2275
1-Aug-2003,1824.483448,17438.386,26.22,56.2275
4-Aug-2003,1772.983916,17438.386,27.1,56.2275
5-Aug-2003,1780.483848,17438.386,27.01,56.2275
6-Aug-2003,1783.983816,17438.386,27.93,56.2275
7-Aug-2003,1782.983825,17438.386,27.28,56.2275
8-Aug-2003,1806.983607,17438.386,27.64,56.2275
11-Aug-2003,1765.483984,17438.386,27.47,56.2275
12-Aug-2003,1768.983952,17438.386,27.37,56.2275
13-Aug-2003,1724.984351,17438.386,27.65,56.2275
14-Aug-2003,1734.484265,17438.386,26.83,56.2275
15-Aug-2003,1737.484238,17438.386,27.16,56.2275
18-Aug-2003,1731.984288,17438.386,27.45,56.2275
19-Aug-2003,1755.98407,17438.386,26.61,56.2275
20-Aug-2003,1754.984079,17438.386,25.76,56.2275
21-Aug-2003,1745.984161,17438.386,26.86,56.2275
22-Aug-2003,1769.983943,17438.386,27.39,56.2275
25-Aug-2003,1769.983943,17438.386,27.86,56.2275
26-Aug-2003,1761.48402,17438.386,27.43,56.2275
27-Aug-2003,1723.98436,17438.386,27.72,56.2275
28-Aug-2003,1731.484292,17438.386,27.05,56.2275
29-Aug-2003,1745.984161,17438.386,27.08,56.2275
1-Sep-2003,1758.984043,17372.248,26.78,56.2275
2-Sep-2003,1774.983897,17372.248,26.07,56.2275
3-Sep-2003,1788.98377,17372.248,25.64,56.2275
4-Sep-2003,1789.983761,17372.248,25.37,56.2275
5-Sep-2003,1781.983834,17372.248,25.75,56.2275
8-Sep-2003,1794.483721,17372.248,25.16,56.2275
9-Sep-2003,1794.483721,17372.248,24.9,56.2275
10-Sep-2003,1773.983907,17372.248,25.09,56.2275
11-Sep-2003,1781.983834,17372.248,25.32,56.2275
12-Sep-2003,1803.983634,17372.248,25.44,56.2275
15-Sep-2003,1782.983825,17372.248,24.41,56.2275
16-Sep-2003,1761.48402,17372.248,24.72,56.2275
17-Sep-2003,1787.98378,17372.248,24.33,56.2275
18-Sep-2003,1775.983888,17372.248,23.77,56.2275
19-Sep-2003,1801.983653,17372.248,23.74,56.2275
22-Sep-2003,1812.983553,17372.248,23.26,56.2275
23-Sep-2003,1808.983589,17372.248,23.8,56.2275
24-Sep-2003,1814.983535,17372.248,23.71,56.2275
25-Sep-2003,1806.983607,17372.248,25.16,56.2275
26-Sep-2003,1793.983725,17372.248,24.7,56.2275
29-Sep-2003,1784.483811,17372.248,25.31,56.2275
30-Sep-2003,1793.983725,17372.248,25.01,56.2275
1-Oct-2003,1790.483757,17372.248,25.23,56.2275
2-Oct-2003,1814.983535,17372.248,25.56,56.2275
3-Oct-2003,1820.98348,17372.248,25.87,56.2275
6-Oct-2003,1819.483494,17372.248,26.48,56.2275
7-Oct-2003,1828.483412,17372.248,26.38,56.2275
8-Oct-2003,1840.983299,17372.248,26.47,56.2275
9-Oct-2003,1864.983081,17372.248,25.78,56.2275
10-Oct-2003,1858.563139,17372.248,27.49,56.2275
13-Oct-2003,1898.982773,17372.248,28.19,56.2275
14-Oct-2003,1911.982655,17372.248,27.89,56.2275
15-Oct-2003,1926.482523,17372.248,27.64,56.2275
16-Oct-2003,1940.482396,17372.248,28.15,56.2275
17-Oct-2003,1949.98231,17372.248,27.86,56.2275
20-Oct-2003,1976.982065,17372.248,26.32,56.2275
21-Oct-2003,1972.982101,17372.248,26.87,56.2275
22-Oct-2003,1995.981893,17372.248,26.87,56.2275
23-Oct-2003,1969.982128,17372.248,26.57,56.2275
24-Oct-2003,1961.482206,17372.248,27.17,56.2275
27-Oct-2003,1960.482215,20304.366,27.04,56.2275
28-Oct-2003,1980.982029,20304.366,26.38,56.2275
29-Oct-2003,1988.481961,20304.366,26.31,56.2275
30-Oct-2003,2040.981484,20304.366,25.5,56.2275
31-Oct-2003,2056.981339,20304.366,25.53,56.2275
3-Nov-2003,2061.481298,24184.462,26.51,56.2275
4-Nov-2003,2052.981375,24184.462,25.11,56.2275
5-Nov-2003,2100.98094,24184.462,25.17,56.2275
6-Nov-2003,2113.480827,24184.462,26.27,56.2275
7-Nov-2003,2070.481217,24184.462,26.3,56.2275
10-Nov-2003,2067.981239,24184.462,27.49,56.2275
11-Nov-2003,2057.98133,24184.462,26.95,56.2275
12-Nov-2003,2087.981058,24184.462,27.27,56.2275
13-Nov-2003,2117.980786,24184.462,27.47,56.2275
14-Nov-2003,2102.980922,24184.462,27.61,56.2275
17-Nov-2003,2090.981031,24184.462,27.58,56.2275
18-Nov-2003,2049.981403,24184.462,27.36,56.2275
19-Nov-2003,2045.981439,24184.462,28.5,56.2275
20-Nov-2003,1995.981893,24184.462,27.87,56.2275
21-Nov-2003,1979.982038,24184.462,28.2,56.2275
24-Nov-2003,1986.981974,24184.462,27.09,56.2275
25-Nov-2003,2018.981684,24184.462,26.45,56.2275
26-Nov-2003,2001.981838,24184.462,26.57,56.2275
27-Nov-2003,2028.981593,24184.462,26.82,56.2275
28-Nov-2003,2072.981194,24184.462,27.06,56.2275
1-Dec-2003,2098.980958,33201.276,26.07,56.2275
2-Dec-2003,2121.98075,33201.276,25.97,56.2275
3-Dec-2003,2158.980414,33201.276,26.64,56.2275
4-Dec-2003,2169.980314,33201.276,27.09,56.2275
5-Dec-2003,2160.980396,33201.276,26.84,56.2275
8-Dec-2003,2188.980142,33201.276,27.1,56.2275
9-Dec-2003,2185.480173,33201.276,27.69,56.2275
10-Dec-2003,2163.480373,33201.276,27.58,56.2275
11-Dec-2003,2154.98045,33201.276,27.18,56.2275
12-Dec-2003,2171.980296,33201.276,27.65,56.2275
15-Dec-2003,2178.980232,33201.276,27.05,56.2275
16-Dec-2003,2207.979969,33201.276,28.41,56.2275
17-Dec-2003,2203.980006,33201.276,28.24,56.2275
18-Dec-2003,2238.979688,33201.276,29.11,56.2275
19-Dec-2003,2246.47962,33201.276,29,56.2275
22-Dec-2003,2229.479774,33201.276,28.01,56.2275
23-Dec-2003,2232.479747,33201.276,27.14,56.2275
24-Dec-2003,2250.979579,33201.276,27.47,56.2275
25-Dec-2003,2250.979579,33201.276,27.16,56.2275
26-Dec-2003,2250.979579,33201.276,27.16,56.2275
29-Dec-2003,2292.979198,33201.276,27.2,56.2275
30-Dec-2003,2278.47933,33201.276,27.56,56.2275
31-Dec-2003,2320.978944,33201.276,28.21,56.2275
1-Jan-2004,2320.978944,48677.568,28.25,56.2275
2-Jan-2004,2347.978699,48677.568,27.67,56.2275
5-Jan-2004,2369.9785,48677.568,27.8,56.2275
6-Jan-2004,2402.9782,48677.568,28.57,56.2275
7-Jan-2004,2342.978745,48677.568,28.47,56.2275
8-Jan-2004,2336.978799,48677.568,28.68,56.2275
9-Jan-2004,2425.977992,48677.568,29.26,56.2275
12-Jan-2004,2418.978055,48677.568,29.18,56.2275
13-Jan-2004,2415.978082,48677.568,29.62,56.2275
14-Jan-2004,2398.978237,48677.568,29.01,56.2275
15-Jan-2004,2402.9782,48677.568,29.07,56.2275
16-Jan-2004,2389.978318,48677.568,27.73,56.2275
19-Jan-2004,2445.97781,48677.568,28.53,56.2275
20-Jan-2004,2429.47796,48677.568,29.13,56.2275
21-Jan-2004,2449.977774,48677.568,29.33,56.2275
22-Jan-2004,2469.977593,48677.568,29.25,56.2275
23-Jan-2004,2454.977729,48677.568,29.22,56.2275
26-Jan-2004,2460.477679,48677.568,28.23,56.2275
27-Jan-2004,2460.977674,48677.568,28.41,56.2275
28-Jan-2004,2482.977475,48677.568,27.97,56.2275
29-Jan-2004,2496.977348,48677.568,27.85,56.2275
30-Jan-2004,2488.97742,48677.568,27.37,56.2275
2-Feb-2004,2539.976957,48964.166,26.863,56.2275
3-Feb-2004,2547.4153,48964.166,27.74,56.2275
4-Feb-2004,2577.476617,48964.166,27.55,56.2275
5-Feb-2004,2588.976513,48964.166,26.95,56.2275
6-Feb-2004,2572.976658,48964.166,27.29,56.2275
9-Feb-2004,2619.476236,48964.166,27.21,56.2275
10-Feb-2004,2612.976295,48964.166,27.24,56.2275
11-Feb-2004,2606.97635,48964.166,28.01,56.2275
12-Feb-2004,2707.975433,48964.166,27.67,56.2275
13-Feb-2004,2729.475238,48964.166,28.2,56.2275
16-Feb-2004,2768.97488,48964.166,28.71,56.2275
17-Feb-2004,2839.47424,48964.166,28.78,56.2275
18-Feb-2004,2982.972939,48964.166,29.35,56.2275
19-Feb-2004,2883.973837,48964.166,28.99,56.2275
20-Feb-2004,2889.973782,48964.166,29.21,56.2275
23-Feb-2004,2877.973891,48964.166,28.44,56.2275
24-Feb-2004,2905.973637,48964.166,29.1,56.2275
25-Feb-2004,3000.972775,48964.166,29.02,56.2275
26-Feb-2004,2948.973247,48964.166,29.86,56.2275
27-Feb-2004,3059.97224,48964.166,29.5,56.2275
1-Mar-2004,3059.97224,52160.836,30.42,56.2275
2-Mar-2004,3054.972285,52160.836,31.19,56.2275
3-Mar-2004,3035.972458,52160.836,30.11,56.2275
4-Mar-2004,2922.973483,52160.836,29.45,56.2275
5-Mar-2004,2896.973719,52160.836,30.17,56.2275
8-Mar-2004,2923.973474,52160.836,30.43,56.2275
9-Mar-2004,2832.974299,52160.836,29.93,56.2275
10-Mar-2004,2866.973991,52160.836,29.59,56.2275
11-Mar-2004,2890.973773,52160.836,28.98,56.2275
12-Mar-2004,2934.473379,52160.836,30.24,56.2275
15-Mar-2004,3038.972431,52160.836,30,56.2275
16-Mar-2004,3039.972422,52160.836,30.41,56.2275
17-Mar-2004,3059.97224,52160.836,30.41,56.2275
18-Mar-2004,3051.972313,52160.836,31.01,56.2275
19-Mar-2004,3075.972095,52160.836,31.83,56.2275
22-Mar-2004,3094.971923,52160.836,29.76,56.2275
23-Mar-2004,3007.972712,52160.836,30.53,56.2275
24-Mar-2004,3054.972285,52160.836,31.15,56.2275
25-Mar-2004,3019.972603,52160.836,30.65,56.2275
26-Mar-2004,3061.972222,52160.836,30.04,56.2275
29-Mar-2004,3099.971877,52160.836,29.11,56.2275
30-Mar-2004,3104.971832,52160.836,29.95,56.2275
31-Mar-2004,3067.472172,52160.836,30.9,56.2275
1-Apr-2004,3109.971787,53593.826,29.31,56.2275
2-Apr-2004,3105.971823,53593.826,28.98,56.2275
5-Apr-2004,3039.972422,53593.826,28.98,56.2275
6-Apr-2004,2985.972911,53593.826,28.55,56.2275
7-Apr-2004,3024.972558,53593.826,28.95,56.2275
8-Apr-2004,2984.972921,53593.826,30.64,56.2275
9-Apr-2004,2984.972921,53593.826,31.09,56.2275
12-Apr-2004,2984.972921,53593.826,31.16,56.2275
13-Apr-2004,2929.473424,53593.826,31.05,56.2275
14-Apr-2004,2931.973401,53593.826,30.39,56.2275
15-Apr-2004,2938.973338,53593.826,30.81,56.2275
16-Apr-2004,2974.973011,53593.826,31.69,56.2275
19-Apr-2004,3169.971242,53593.826,31.36,56.2275
20-Apr-2004,3102.97185,53593.826,30.99,56.2275
21-Apr-2004,2939.973329,53593.826,30.82,56.2275
22-Apr-2004,2889.973782,53593.826,30.62,56.2275
23-Apr-2004,2869.973964,53593.826,31.25,56.2275
26-Apr-2004,2859.974054,53593.826,31.5,56.2275
27-Apr-2004,2879.973873,53593.826,31.51,56.2275
28-Apr-2004,2760.974953,53593.826,31.87,56.2275
29-Apr-2004,2720.975315,53593.826,31.33,56.2275
30-Apr-2004,2751.975034,53593.826,32.59,56.2275
3-May-2004,2740.975134,51786.054,32.02,56.2275
4-May-2004,2814.974463,51786.054,32.52,56.2275
5-May-2004,2804.974553,51786.054,33.11,56.2275
6-May-2004,2842.974209,51786.054,33.88,56.2275
7-May-2004,2765.974907,51786.054,33.75,56.2275
10-May-2004,2645.476,51786.054,33.64,56.2275
11-May-2004,2692.975569,51786.054,32.78,56.2275
12-May-2004,2740.975134,51786.054,34.16,56.2275
13-May-2004,2741.975125,51786.054,34.37,56.2275
14-May-2004,2760.974953,51786.054,34.58,56.2275
17-May-2004,2645.975996,51786.054,35.8,56.2275
18-May-2004,2574.476645,51786.054,34.69,56.2275
19-May-2004,2649.97596,51786.054,34.07,56.2275
20-May-2004,2649.97596,51786.054,35.47,56.2275
21-May-2004,2749.975052,51786.054,34.73,56.2275
24-May-2004,2757.97498,51786.054,33.72,56.2275
25-May-2004,2758.97498,51787.054,33.72,56.2275
26-May-2004,2771.974853,51786.054,35.04,56.2275
27-May-2004,2792.974662,51786.054,34.26,56.2275
28-May-2004,2830.474322,51786.054,33.76,56.2275
31-May-2004,2830.474322,51786.054,33.76,56.2275
1-Jun-2004,2864.974009,49890.098,35.37,56.2275
2-Jun-2004,2877.973891,49890.098,34.81,56.2275
3-Jun-2004,2799.974599,49890.098,34.92,56.2275
4-Jun-2004,2717.975343,49890.098,32.57,56.2275
7-Jun-2004,2811.97449,49890.098,32.34,56.2275
8-Jun-2004,2763.974925,49890.098,32.71,56.2275
9-Jun-2004,2729.975234,49890.098,32.14,56.2275
10-Jun-2004,2617.9625,49890.098,33.21,56.2275
11-Jun-2004,2585.9958,49890.098,33.3,56.2275
14-Jun-2004,2614.87606,49890.098,32.51,56.2275
15-Jun-2004,2554.0291,49890.098,32.24,56.2275
16-Jun-2004,2630.96964,49890.098,32.68,56.2275
17-Jun-2004,2655.88162,49890.098,33.24,56.2275
18-Jun-2004,2629.86734,49890.098,33.99,56.2275
21-Jun-2004,2656.975896,49890.098,33.41,56.2275
22-Jun-2004,2592.891796,49890.098,32.88,56.2275
23-Jun-2004,2608.476336,49890.098,33.24,56.2275
24-Jun-2004,2661.975851,49890.098,32.59,56.2275
25-Jun-2004,2700.975497,49890.098,32.56,56.2275
28-Jun-2004,2688.975606,49890.098,31.97,56.2275
29-Jun-2004,2675.475728,49890.098,31.19,56.2275
30-Jun-2004,2664.475828,49890.098,31.39,56.2275
1-Jul-2004,2710.975406,48809.844,31.96,56.2275
2-Jul-2004,2699.97362,48809.844,33.19,56.2275
5-Jul-2004,2766.99346,48809.844,33.71,56.2275
6-Jul-2004,2752.88402,48809.844,34.05,56.2275
7-Jul-2004,2758.474975,48809.844,33.86,56.2275
8-Jul-2004,2740.475139,48809.844,33.94,56.2275
9-Jul-2004,2799.974599,48809.844,34.27,56.2275
12-Jul-2004,2851.974127,48809.844,34.07,56.2275
13-Jul-2004,2864.974009,48809.844,33.2,56.2275
14-Jul-2004,2810.974499,48809.844,33.6,56.2275
15-Jul-2004,2838.974245,48809.844,34.74,56.2275
16-Jul-2004,2909.85154,48809.844,34.79,56.2275
19-Jul-2004,2889.973782,48809.844,34.68,56.2275
20-Jul-2004,2864.974009,48809.844,34.78,56.2275
21-Jul-2004,2818.974426,48809.844,34.18,56.2275
22-Jul-2004,2809.974508,48809.844,34.26,56.2275
23-Jul-2004,2759.974962,48809.844,34.81,56.2275
26-Jul-2004,2801.974581,48809.844,35.24,56.2275
27-Jul-2004,2771.974853,48809.844,35.12,56.2275
28-Jul-2004,2804.974553,48809.844,35.47,56.2275
29-Jul-2004,2854.9741,48809.844,35.73,56.2275
30-Jul-2004,2899.973692,48809.844,36.23,56.2275
2-Aug-2004,2900.973692,48810.844,36.23,56.2275
3-Aug-2004,2874.973918,48765.752,36.64,56.2275
4-Aug-2004,2870.973955,48765.752,36.89,56.2275
5-Aug-2004,2896.973719,48765.752,36.24,56.2275
6-Aug-2004,2841.974218,48765.752,37.18,56.2275
9-Aug-2004,2824.974372,48765.752,36.31,56.2275
10-Aug-2004,2829.974327,48765.752,37.34,56.2275
11-Aug-2004,2869.973964,48765.752,37.39,56.2275
12-Aug-2004,2836.974263,48765.752,37.71,56.2275
13-Aug-2004,2846.974172,48765.752,37.96,56.2275
16-Aug-2004,2947.973256,48765.752,38.96,56.2275
17-Aug-2004,2891.973764,48765.752,38.72,56.2275
18-Aug-2004,2826.974354,48765.752,39.7,56.2275
19-Aug-2004,2834.974281,48765.752,39.71,56.2275
20-Aug-2004,2831.974308,48765.752,40.7,56.2275
23-Aug-2004,2809.974508,48765.752,40.03,56.2275
24-Aug-2004,2803.974563,48765.752,38.87,56.2275
25-Aug-2004,2749.975052,48765.752,38.81,56.2275
26-Aug-2004,2797.974617,48765.752,36.93,56.2275
27-Aug-2004,2821.974399,48765.752,36.95,56.2275
30-Aug-2004,2821.974399,48765.752,36.75,56.2275
31-Aug-2004,2846.974172,48765.752,25.93,56.2275
1-Sep-2004,2819.974417,46583.198,36.13,56.2275
2-Sep-2004,2813.974472,46583.198,37.65,56.2275
3-Sep-2004,2772.974844,46583.198,36.61,56.2275
6-Sep-2004,2774.974826,46583.198,35.91,56.2275
7-Sep-2004,2767.474894,46583.198,35.39,56.2275
8-Sep-2004,2794.974644,46583.198,35.66,56.2275
9-Sep-2004,2773.974835,46583.198,35.2,56.2275
10-Sep-2004,2841.974218,46583.198,36.55,56.2275
13-Sep-2004,2833.57238,46583.198,35.48,56.2275
14-Sep-2004,2774.04818,46583.198,35.79,56.2275
15-Sep-2004,2821.00616,46583.198,35.49,56.2275
16-Sep-2004,2871.93242,46583.198,35.18,56.2275
17-Sep-2004,2871.93242,46583.198,35.11,56.2275
20-Sep-2004,2890.01014,46583.198,36.13,56.2275
21-Sep-2004,2951.07756,46583.198,36.32,56.2275
22-Sep-2004,2964.96654,46583.198,36.5,56.2275
23-Sep-2004,2981.06012,46583.198,36.78,56.2275
24-Sep-2004,3011.92452,46583.198,36.94,56.2275
27-Sep-2004,3065.972186,46583.198,37.53,56.2275
28-Sep-2004,3057.972258,46583.198,38.36,56.2275
29-Sep-2004,3041.972403,46583.198,38.11,56.2275
30-Sep-2004,3139.971514,46583.198,38.63,56.2275
1-Oct-2004,3109.971787,43673.126,37.32,56.2275
4-Oct-2004,3085.972004,43673.126,38.31,56.2275
5-Oct-2004,3121.971678,43673.126,38.6,56.2275
6-Oct-2004,3181.971133,43673.126,38.86,56.2275
7-Oct-2004,3163.971297,43673.126,39.15,56.2275
8-Oct-2004,3231.97068,43673.126,38.42,56.2275
11-Oct-2004,3286.970181,43673.126,39.34,56.2275
12-Oct-2004,3203.970934,43673.126,40.52,56.2275
13-Oct-2004,3042.972394,43673.126,38.72,56.2275
14-Oct-2004,2859.974054,43673.126,37.74,56.2275
15-Oct-2004,2979.972966,43673.126,37.74,56.2275
18-Oct-2004,2904.973646,43673.126,38.61,56.2275
19-Oct-2004,2904.973646,43673.126,38.78,56.2275
20-Oct-2004,2894.973737,43673.126,38.86,56.2275
21-Oct-2004,2919.97351,43673.126,40.12,56.2275
22-Oct-2004,2922.973483,43673.126,39.7,56.2275
25-Oct-2004,2922.973483,43673.126,39.7,56.2275
26-Oct-2004,2863.974018,43673.126,39.92,56.2275
27-Oct-2004,2889.973782,43673.126,39.94,56.2275
28-Oct-2004,2834.974281,43673.126,37.17,56.2275
29-Oct-2004,2950.973229,43673.126,38.29,56.2275
1-Nov-2004,2955.473188,32738.31,38.97,56.2275
2-Nov-2004,2949.973238,32738.31,37.95,56.2275
3-Nov-2004,2973.97302,32738.31,38.09,56.2275
4-Nov-2004,3024.972558,32738.31,38.19,56.2275
5-Nov-2004,3030.472508,32738.31,37.05,56.2275
8-Nov-2004,3030.472508,32738.31,36.64,56.2275
9-Nov-2004,3058.972249,32738.31,36.81,56.2275
10-Nov-2004,3084.472018,32738.31,35.51,56.2275
11-Nov-2004,3075.972095,32738.31,35.45,56.2275
12-Nov-2004,3124.97165,32738.31,35.41,56.2275
15-Nov-2004,3114.971741,32738.31,34.25,56.2275
16-Nov-2004,3114.971741,32738.31,34.47,56.2275
17-Nov-2004,3120.971687,32738.31,33,56.2275
18-Nov-2004,3183.971115,32738.31,34.49,56.2275
19-Nov-2004,3164.971288,32738.31,33.93,56.2275
22-Nov-2004,3145.97146,32738.31,34.96,56.2275
23-Nov-2004,3209.970879,32738.31,34.75,56.2275
24-Nov-2004,3252.970489,32738.31,35.08,56.2275
25-Nov-2004,3269.970335,32738.31,36.34,56.2275
26-Nov-2004,3204.470929,32738.31,36.07,56.2275
29-Nov-2004,3274.97029,32738.31,36.53,56.2275
30-Nov-2004,3261.970408,32738.31,36.51,56.2275
1-Dec-2004,3246.470548,33333.552,36.18,56.2275
2-Dec-2004,3216.970816,33333.552,33.17,56.2275
3-Dec-2004,3134.471564,33333.552,33.19,56.2275
6-Dec-2004,3092,33333.552,33.9,56.2275
7-Dec-2004,3137,33333.552,34.02,56.2275
8-Dec-2004,2991.5,33333.552,33.84,56.2275
9-Dec-2004,2975,33333.552,34.07,56.2275
10-Dec-2004,3020,33333.552,33.27,56.2275
13-Dec-2004,3072,33333.552,33,56.2275
14-Dec-2004,3110,33333.552,34.67,56.2275
15-Dec-2004,3124,33333.552,34.79,56.2275
16-Dec-2004,3156,33333.552,35.14,56.2275
17-Dec-2004,3130,33333.552,35.44,56.2275
20-Dec-2004,3157.971351,33333.552,36.66,56.2275
21-Dec-2004,3196.00862,33333.552,36.29,56.2275
22-Dec-2004,3240.54154,33333.552,36.27,56.2275
23-Dec-2004,3151.91662,33333.552,34.95,56.2275
24-Dec-2004,3179.0332,33333.552,34.63,56.2275
27-Dec-2004,3179.0332,33333.552,34.72,56.2275
28-Dec-2004,3179.0332,33333.552,34.79,56.2275
29-Dec-2004,3229.95946,33333.552,33.93,56.2275
30-Dec-2004,3214.08634,33333.552,34.21,56.2275
31-Dec-2004,3279.56296,33333.552,35.15,56.2275
3-Jan-2005,3279.56296,35890.888,35.8,56.2275
4-Jan-2005,3133.5,35890.888,34.62,56.2275
5-Jan-2005,3072,35890.888,35.17,56.2275
6-Jan-2005,3095,35890.888,34.53,56.2275
7-Jan-2005,3128.5,35890.888,37,56.2275
10-Jan-2005,3129,35890.888,37.11,56.2275
11-Jan-2005,3156.97136,35890.888,36.56,56.2275
12-Jan-2005,3146.471455,35890.888,37.36,56.2275
13-Jan-2005,3164.971288,35890.888,37.39,56.2275
14-Jan-2005,3115.971732,35890.888,38.66,56.2275
17-Jan-2005,3183.971115,35890.888,39.06,56.2275
18-Jan-2005,3111.971768,35890.888,39.86,56.2275
19-Jan-2005,3160.971324,35890.888,39.57,56.2275
20-Jan-2005,3151.971406,35890.888,38.35,56.2275
21-Jan-2005,3208.970888,35890.888,39.14,56.2275
24-Jan-2005,3225.970734,35890.888,40.31,56.2275
25-Jan-2005,3199.97097,35890.888,39.83,56.2275
26-Jan-2005,3244.970562,35890.888,40.66,56.2275
27-Jan-2005,3228,35890.888,41.02,56.2275
28-Jan-2005,3265,35890.888,39.7,56.2275
31-Jan-2005,3275,35890.888,38.47,56.2275
1-Feb-2005,3243,36177.486,39.01,56.2275
2-Feb-2005,3226,36177.486,38.43,56.2275
3-Feb-2005,3170,36177.486,37.78,56.2275
4-Feb-2005,3174,36177.486,38.36,56.2275
7-Feb-2005,3163,36177.486,38.09,56.2275
8-Feb-2005,3147,36177.486,37.43,56.2275
9-Feb-2005,3145,36177.486,37.55,56.2275
10-Feb-2005,3168.5,36177.486,38.26,56.2275
11-Feb-2005,3210,36177.486,39.07,56.2275
14-Feb-2005,3223.970752,36177.486,39.17,56.2275
15-Feb-2005,3251.970498,36177.486,39.2,56.2275
16-Feb-2005,3259.970426,36177.486,39.34,56.2275
17-Feb-2005,3240.970598,36177.486,40.12,56.2275
18-Feb-2005,3338.969709,36177.486,39.96,56.2275
21-Feb-2005,3320.969872,36177.486,40.71,56.2275
22-Feb-2005,3366.969455,36177.486,41.15,56.2275
23-Feb-2005,3322.969854,36177.486,41.85,56.2275
24-Feb-2005,3342.969673,36177.486,42.23,56.2275
25-Feb-2005,3351.969591,36177.486,41.83,56.2275
28-Feb-2005,3404.96911,36177.486,42.6,56.2275
1-Mar-2005,3355.969555,31261.228,42.35,56.2275
2-Mar-2005,3286.970181,31261.228,42.74,56.2275
3-Mar-2005,3328.9698,31261.228,43.11,56.2275
4-Mar-2005,3361.9695,31261.228,43.72,56.2275
7-Mar-2005,3366.46946,31261.228,43.49,56.2275
8-Mar-2005,3407.969083,31261.228,43.93,56.2275
9-Mar-2005,3379.969337,31261.228,45.05,56.2275
10-Mar-2005,3373.969392,31261.228,45.31,56.2275
11-Mar-2005,3364.969473,31261.228,44.65,56.2275
14-Mar-2005,3365,31261.228,45.71,56.2275
15-Mar-2005,3355,31261.228,46.23,56.2275
16-Mar-2005,3413,31261.228,46.06,56.2275
17-Mar-2005,3424.5,31261.228,47.28,56.2275
18-Mar-2005,3388.5,31261.228,47.22,56.2275
21-Mar-2005,3413,31261.228,47.73,56.2275
22-Mar-2005,3410.969056,31261.228,47.52,56.2275
23-Mar-2005,3406.969092,31261.228,46.89,56.2275
24-Mar-2005,3384.969292,31261.228,46.64,56.2275
25-Mar-2005,3385.969292,31262.228,46.64,56.2275
28-Mar-2005,3386.969292,31263.228,46.64,56.2275
29-Mar-2005,3379.969337,31261.228,45.77,56.2275
30-Mar-2005,3393.96921,31261.228,45.33,56.2275
31-Mar-2005,3407.969083,31261.228,46.23,56.2275
1-Apr-2005,3408.969074,33399.69,47.72,56.2275
4-Apr-2005,3384.969292,33399.69,49.55,56.2275
5-Apr-2005,3357.969537,33399.69,49.22,56.2275
6-Apr-2005,3394.969201,33399.69,48.89,56.2275
7-Apr-2005,3434.968838,33399.69,49.32,56.2275
8-Apr-2005,3434.968838,33399.69,47.44,56.2275
11-Apr-2005,3473.468489,33399.69,46.5,56.2275
12-Apr-2005,3496.968276,33399.69,47.72,56.2275
13-Apr-2005,3405.969101,33399.69,45.73,56.2275
14-Apr-2005,3304.970018,33399.69,44.8,56.2275
15-Apr-2005,3329.969791,33399.69,45.08,56.2275
18-Apr-2005,3354.969564,33399.69,44.44,56.2275
19-Apr-2005,3394.969201,33399.69,44.83,56.2275
20-Apr-2005,3465.968557,33399.69,45.97,56.2275
21-Apr-2005,3384.969292,33399.69,46.08,56.2275
22-Apr-2005,3414.96902,33399.69,47.33,56.2275
25-Apr-2005,3365.5,33399.69,47.84,56.2275
26-Apr-2005,3413,33399.69,46.98,56.2275
27-Apr-2005,3375.5,33399.69,46.63,56.2275
28-Apr-2005,3337,33399.69,45.32,56.2275
29-Apr-2005,3348,33399.69,45.64,56.2275
2-May-2005,3348,33399.69,44,56.2275
3-May-2005,3315,33399.69,45.09,56.2275
4-May-2005,3295,33399.69,44.81,56.2275
5-May-2005,3294,33399.69,45.58,56.2275
6-May-2005,3369.969428,33399.69,45.71,56.2275
9-May-2005,3355.469559,33399.69,45,56.2275
10-May-2005,3340.969691,33399.69,45.5,56.2275
11-May-2005,3331.969773,33399.69,45.05,56.2275
12-May-2005,3284.970199,33399.69,44.56,56.2275
13-May-2005,3191.971043,33399.69,44.43,56.2275
16-May-2005,3164.971288,33399.69,44.01,56.2275
17-May-2005,3112.971759,33399.69,44.27,56.2275
18-May-2005,3168.971251,33399.69,44.57,56.2275
19-May-2005,3186.471093,33399.69,43.75,56.2275
20-May-2005,3194.971015,33399.69,44.07,56.2275
23-May-2005,3164.971288,33399.69,44.77,56.2275
24-May-2005,3248.970526,33399.69,45.75,56.2275
25-May-2005,3248.970526,33399.69,45.75,56.2275
26-May-2005,3233.970662,33399.69,45.88,56.2275
27-May-2005,3263.970389,33399.69,46.1,56.2275
30-May-2005,3263.970389,33399.69,46.1,56.2275
31-May-2005,3213.970843,33399.69,46.55,56.2275
1-Jun-2005,3201.970952,33399.69,47.55,56.2275
2-Jun-2005,3306.969999,33399.69,46.96,56.2275
3-Jun-2005,3479.96843,33399.69,49.05,56.2275
6-Jun-2005,3499.968248,33399.69,47.7,56.2275
7-Jun-2005,3529.967976,33399.69,47.71,56.2275
8-Jun-2005,3441.968775,33399.69,47.19,56.2275
9-Jun-2005,3438.968802,33399.69,49.48,56.2275
10-Jun-2005,3507.968176,33399.69,49.5,56.2275
13-Jun-2005,3504.468208,33399.69,49.92,56.2275
14-Jun-2005,3515.968103,33399.69,49.05,56.2275
15-Jun-2005,3512.968131,33399.69,50.52,56.2275
16-Jun-2005,3563.967668,33399.69,51.11,56.2275
17-Jun-2005,3669.966706,33399.69,52.74,56.2275
20-Jun-2005,3637,33399.69,52.51,56.2275
21-Jun-2005,3615,33399.69,52.3,56.2275
22-Jun-2005,3562,33399.69,51.41,56.2275
23-Jun-2005,3505,33399.69,53.24,56.2275
24-Jun-2005,3670,33399.69,52.95,56.2275
27-Jun-2005,3625,33399.69,53.59,56.2275
28-Jun-2005,3578.5,33399.69,52.09,56.2275
29-Jun-2005,3564.5,33399.69,51.5,56.2275
30-Jun-2005,3597,33399.69,51.27,56.2275
1-Jul-2005,3510.468153,33399.69,52.87,56.2275
4-Jul-2005,3510.38458,33399.69,52.87,56.2275
5-Jul-2005,3510.38458,33399.69,52.87,56.2275
6-Jul-2005,3526.968004,33399.69,55.33,56.2275
7-Jul-2005,3509.968158,33399.69,53.66,56.2275
8-Jul-2005,3581.967505,33399.69,53.54,56.2275
11-Jul-2005,3623.467128,33399.69,52.89,56.2275
12-Jul-2005,3609.967251,33399.69,54.52,56.2275
13-Jul-2005,3601.967323,33399.69,52.8,56.2275
14-Jul-2005,3595.467382,33399.69,52.35,56.2275
15-Jul-2005,3564.967659,33399.69,52.43,56.2275
18-Jul-2005,3650,33399.69,51.43,56.2275
19-Jul-2005,3608,33399.69,51.77,56.2275
20-Jul-2005,3652.5,33399.69,50.7,56.2275
21-Jul-2005,3692,33399.69,51.21,56.2275
22-Jul-2005,3656,33399.69,52.5,56.2275
25-Jul-2005,3715,33399.69,51.91,56.2275
26-Jul-2005,3700,33399.69,52.58,56.2275
27-Jul-2005,3707,33399.69,52.54,56.2275
28-Jul-2005,3720.5,33399.69,53.88,56.2275
29-Jul-2005,3775,33399.69,54.49,56.2275
1-Aug-2005,3757.5,33399.69,54.47,56.2275
2-Aug-2005,3801,33399.69,55.28,56.2275
3-Aug-2005,3780.5,33399.69,53.89,56.2275
4-Aug-2005,3781.5,33399.69,55.05,56.2275
5-Aug-2005,3825,33399.69,55.96,56.2275
8-Aug-2005,3761,33399.69,56.71,56.2275
9-Aug-2005,3698,33399.69,55.68,56.2275
10-Aug-2005,3724,33399.69,57.46,56.2275
11-Aug-2005,3692,33399.69,58.59,56.2275
12-Aug-2005,3770,33399.69,59.85,56.2275
15-Aug-2005,3795,33399.69,58.07,56.2275
16-Aug-2005,3810,33399.69,58.75,56.2275
17-Aug-2005,3811,33399.69,55.75,56.2275
18-Aug-2005,3783,33399.69,56.6,56.2275
19-Aug-2005,3789,33399.69,57.74,56.2275
22-Aug-2005,3815,33399.69,57.37,56.2275
23-Aug-2005,3840,33399.69,58.01,56.2275
24-Aug-2005,3836,33399.69,59.6,56.2275
25-Aug-2005,3802.5,33399.69,59.4,56.2275
26-Aug-2005,3854,33399.69,58.17,56.2275
29-Aug-2005,3854,33399.69,58.82,56.2275
30-Aug-2005,3910,33399.69,60.89,56.2275
31-Aug-2005,3915,33399.69,58.86,56.2275
1-Sep-2005,3835,33399.69,60.64,56.2275
2-Sep-2005,3952,33399.69,57.98,56.2275
5-Sep-2005,3893.5,33399.69,57.98,56.2275
6-Sep-2005,3903,33399.69,57.3,56.2275
7-Sep-2005,3852,33399.69,56.91,56.2275
8-Sep-2005,3825,33399.69,56.89,56.2275
9-Sep-2005,3728,33399.69,57.72,56.2275
12-Sep-2005,3775,33399.69,55.24,56.2275
13-Sep-2005,3782,33399.69,55.35,56.2275
14-Sep-2005,3765,33399.69,57.38,56.2275
15-Sep-2005,3718,33399.69,57.01,56.2275
16-Sep-2005,3725,33399.69,55.9,56.2275
19-Sep-2005,3675,33399.69,60.03,56.2275
20-Sep-2005,3850,33399.69,59.29,56.2275
21-Sep-2005,3865,33399.69,59.36,56.2275
22-Sep-2005,3957,33399.69,58.71,56.2275
23-Sep-2005,3978,33399.69,56.69,56.2275
26-Sep-2005,3960,33399.69,58.45,56.2275
27-Sep-2005,3954,33399.69,57.47,56.2275
28-Sep-2005,3976,33399.69,58.29,56.2275
29-Sep-2005,3955,33399.69,57.9,56.2275
30-Sep-2005,3949,33399.69,57.83,56.2275
3-Oct-2005,3905,33399.69,57.65,56.2275
4-Oct-2005,3961,33399.69,56.3,56.2275
5-Oct-2005,3992,33399.69,54.82,56.2275
6-Oct-2005,4039,33399.69,54.3,56.2275
7-Oct-2005,4074,33399.69,53.58,56.2275
10-Oct-2005,4132,33399.69,54.47,56.2275
11-Oct-2005,4091,33399.69,56.36,56.2275
12-Oct-2005,4111,33399.69,56.11,56.2275
13-Oct-2005,4064,33399.69,55.08,56.2275
14-Oct-2005,3960,33399.69,54.07,56.2275
17-Oct-2005,4049,33399.69,55.05,56.2275
18-Oct-2005,4130,33399.69,53.67,56.2275
19-Oct-2005,4132,33399.69,53.35,56.2275
20-Oct-2005,4180,33399.69,52.4,56.2275
21-Oct-2005,4032,33399.69,52.02,56.2275
24-Oct-2005,4016,33399.69,52.02,56.2275
25-Oct-2005,4079,33399.69,55.32,56.2275
26-Oct-2005,4142.5,33399.69,53.94,56.2275
27-Oct-2005,4088,33399.69,54.24,56.2275
28-Oct-2005,3986,33399.69,54.56,56.2275
31-Oct-2005,4091,33399.69,52.83,56.2275
1-Nov-2005,4063,33399.69,52.83,56.2275
2-Nov-2005,4092,33399.69,53.04,56.2275
3-Nov-2005,4150,33399.69,54.92,56.2275
4-Nov-2005,4166,33399.69,53.42,56.2275
7-Nov-2005,4150,33399.69,52.34,56.2275
8-Nov-2005,4110,33399.69,52.4,56.2275
9-Nov-2005,4154,33399.69,51.68,56.2275
10-Nov-2005,4178.5,33399.69,51.16,56.2275
11-Nov-2005,4272,33399.69,50.07,56.2275
14-Nov-2005,4292,33399.69,50.15,56.2275
15-Nov-2005,4320,33399.69,49.41,56.2275
16-Nov-2005,4309.5,33399.69,51.62,56.2275
17-Nov-2005,4374,33399.69,50.83,56.2275
18-Nov-2005,4420.5,33399.69,50.77,56.2275
21-Nov-2005,4381,33399.69,51.36,56.2275
22-Nov-2005,4358,33399.69,52.65,56.2275
23-Nov-2005,4245,33399.69,52.27,56.2275
24-Nov-2005,4354.5,33399.69,52.27,56.2275
25-Nov-2005,4371,33399.69,52.27,56.2275
28-Nov-2005,4380,33399.69,50.74,56.2275
29-Nov-2005,4380,33399.69,50.14,56.2275
30-Nov-2005,4404.5,33399.69,52.02,56.2275
1-Dec-2005,4465,33399.69,52.71,56.2275
2-Dec-2005,4555,33399.69,53.68,56.2275
5-Dec-2005,4565,33399.69,53.25,56.2275
6-Dec-2005,4521.5,33399.69,53.54,56.2275
7-Dec-2005,4587,33399.69,53.51,56.2275
8-Dec-2005,4597,33399.69,56.4,56.2275
9-Dec-2005,4612,33399.69,53.98,56.2275
12-Dec-2005,4610,33399.69,56.02,56.2275
13-Dec-2005,4585,33399.69,55.89,56.2275
14-Dec-2005,4581.5,33399.69,55.76,56.2275
15-Dec-2005,4481,33399.69,55.15,56.2275
16-Dec-2005,4615,33399.69,52.99,56.2275
19-Dec-2005,4625.47126,33399.69,52.17,56.2275
20-Dec-2005,4585.568,33399.69,52.25,56.2275
21-Dec-2005,4576.08822,33399.69,53.44,56.2275
22-Dec-2005,4556.02636,33399.69,52.63,56.2275
23-Dec-2005,4595.04778,33399.69,52.19,56.2275
26-Dec-2005,4595.04778,33399.69,52.19,56.2275
27-Dec-2005,4595.04778,33399.69,51.98,56.2275
28-Dec-2005,4595.04778,33399.69,53.79,56.2275
29-Dec-2005,4595.04778,33399.69,54.09,56.2275
30-Dec-2005,4584.02478,33399.69,55.25,56.2275
2-Jan-2006,4584.02478,23919.91,55.25,56.2275
3-Jan-2006,4537,23919.91,56.4,56.2275
4-Jan-2006,4629,23919.91,56.98,56.2275
5-Jan-2006,4652,23919.91,56.42,56.2275
6-Jan-2006,3243,23919.91,57.74,56.2275
9-Jan-2006,3243,23919.91,56.2,56.2275
10-Jan-2006,4710.5,23919.91,56.48,56.2275
11-Jan-2006,4695,23919.91,57.95,56.2275
12-Jan-2006,4651,23919.91,57.79,56.2275
13-Jan-2006,4685.5,23919.91,57.65,56.2275
16-Jan-2006,4754,23919.91,57.65,56.2275
17-Jan-2006,4692.5,23919.91,60.58,56.2275
18-Jan-2006,4700,23919.91,59.25,56.2275
19-Jan-2006,4762,23919.91,60.62,56.2275
20-Jan-2006,4706.5,23919.91,61.23,56.2275
23-Jan-2006,4715,23919.91,60.66,56.2275
24-Jan-2006,4710,23919.91,60.19,56.2275
25-Jan-2006,4848,23919.91,59.09,56.2275
26-Jan-2006,4860,23919.91,60.42,56.2275
27-Jan-2006,4943,23919.91,61.43,56.2275
30-Jan-2006,4948.5,23919.91,61.28,56.2275
31-Jan-2006,4919.5,23919.91,60.76,56.2275
1-Feb-2006,4949,24118.324,60.58,56.2275
2-Feb-2006,5007.5,24118.324,57.93,56.2275
3-Feb-2006,5100,24118.324,59.75,56.2275
6-Feb-2006,5081,24118.324,58.55,56.2275
7-Feb-2006,5145.5,24118.324,57.16,56.2275
8-Feb-2006,5025,24118.324,57.43,56.2275
9-Feb-2006,5092,24118.324,57.32,56.2275
10-Feb-2006,5092,24118.324,57.92,56.2275
13-Feb-2006,4958,24118.324,57.17,56.2275
14-Feb-2006,5009,24118.324,56.05,56.2275
15-Feb-2006,4954,24118.324,54.86,56.2275
16-Feb-2006,4804,24118.324,56.14,56.2275
17-Feb-2006,4960,24118.324,56.45,56.2275
20-Feb-2006,4930,24118.324,56.45,56.2275
21-Feb-2006,4983,24118.324,57.71,56.2275
22-Feb-2006,5019,24118.324,56.65,56.2275
23-Feb-2006,4967,24118.324,57.73,56.2275
24-Feb-2006,4978,24118.324,59,56.2275
27-Feb-2006,4978.754833,24118.324,57.34,56.2275
28-Feb-2006,4835.456133,24118.324,59.02,56.2275
1-Mar-2006,4838.956101,25154.486,57.79,56.2275
2-Mar-2006,4846.956029,25154.486,59.43,56.2275
3-Mar-2006,5031.95435,25154.486,60.64,56.2275
6-Mar-2006,5050.954178,25154.486,57.06,56.2275
7-Mar-2006,5050.954178,25154.486,56.24,56.2275
8-Mar-2006,4887.955657,25154.486,56.93,56.2275
9-Mar-2006,4800.956446,25154.486,56.4,56.2275
10-Mar-2006,4909.955457,25154.486,57.62,56.2275
13-Mar-2006,4946.5,25154.486,58.73,56.2275
14-Mar-2006,4946,25154.486,60.11,56.2275
15-Mar-2006,5010,25154.486,59.09,56.2275
16-Mar-2006,4988,25154.486,60.05,56.2275
17-Mar-2006,5107,25154.486,59.36,56.2275
20-Mar-2006,5175.5,25154.486,57.32,56.2275
21-Mar-2006,5258,25154.486,57.99,56.2275
22-Mar-2006,5145.5,25154.486,57.92,56.2275
23-Mar-2006,5220,25154.486,59.02,56.2275
24-Mar-2006,5261,25154.486,59.29,56.2275
27-Mar-2006,5291,25154.486,59.19,56.2275
28-Mar-2006,5340,25154.486,60.88,56.2275
29-Mar-2006,5339.5,25154.486,60.77,56.2275
30-Mar-2006,5415.5,25154.486,61.9,56.2275
31-Mar-2006,5527.5,25154.486,61.7,56.2275
3-Apr-2006,5561,25683.59,60.96,56.2275
4-Apr-2006,5617,25683.59,60.65,56.2275
5-Apr-2006,5715,25683.59,61.91,56.2275
6-Apr-2006,5780,25683.59,61.95,56.2275
7-Apr-2006,5830,25683.59,61.51,56.2275
10-Apr-2006,5921,25683.59,63.08,56.2275
11-Apr-2006,5961,25683.59,63.34,56.2275
12-Apr-2006,6080,25683.59,62.99,56.2275
13-Apr-2006,6210,25683.59,64.84,56.2275
14-Apr-2006,6210,25683.59,64.84,56.2275
17-Apr-2006,6210,25683.59,65.48,56.2275
18-Apr-2006,6635,25683.59,66.06,56.2275
19-Apr-2006,6560,25683.59,67.82,56.2275
20-Apr-2006,6475,25683.59,66.56,56.2275
21-Apr-2006,6707,25683.59,68.87,56.2275
24-Apr-2006,6866,25683.59,66.96,56.2275
25-Apr-2006,7147,25683.59,67.59,56.2275
26-Apr-2006,7400,25683.59,66.56,56.2275
27-Apr-2006,7285,25683.59,65.93,56.2275
28-Apr-2006,7230,25683.59,67.15,56.2275
1-May-2006,7231,25684.59,67.15,56.2275
2-May-2006,7391,25771.774,68.54,56.2275
3-May-2006,7231,25771.774,65.76,56.2275
4-May-2006,7555,25771.774,64.62,56.2275
5-May-2006,7810.01596,25771.774,64.68,56.2275
8-May-2006,7605,25771.774,64.71,56.2275
9-May-2006,7816,25771.774,65.46,56.2275
10-May-2006,8149,25771.774,66.79,56.2275
11-May-2006,8620,25771.774,66.95,56.2275
12-May-2006,8788,25771.774,66.44,56.2275
15-May-2006,8190,25771.774,63.6,56.2275
16-May-2006,8370,25771.774,65.25,56.2275
17-May-2006,8591,25771.774,63.85,56.2275
18-May-2006,8160,25771.774,65.16,56.2275
19-May-2006,7952,25771.774,63.96,56.2275
22-May-2006,7619,25771.774,65.17,56.2275
23-May-2006,7981.09,25771.774,65.74,56.2275
24-May-2006,8082,25771.774,64.35,56.2275
25-May-2006,8190,25771.774,66.25,56.2275
26-May-2006,8301,25771.774,65.74,56.2275
29-May-2006,8301,25771.774,65.74,56.2275
30-May-2006,8421,25771.774,66.35,56.2275
31-May-2006,8140,25771.774,65.7,56.2275
1-Jun-2006,7730,25771.774,64.59,56.2275
2-Jun-2006,7963,25771.774,67.47,56.2275
5-Jun-2006,7930,25771.774,66.63,56.2275
6-Jun-2006,7720,25771.774,66.6,56.2275
7-Jun-2006,7435,25771.774,65.07,56.2275
8-Jun-2006,7590,25771.774,65.43,56.2275
9-Jun-2006,7380,25771.774,66.71,56.2275
12-Jun-2006,7231,25771.774,64.55,56.2275
13-Jun-2006,6881,25771.774,63.86,56.2275
14-Jun-2006,6725.5,25771.774,64.3,56.2275
15-Jun-2006,6881,25771.774,64.68,56.2275
16-Jun-2006,7042,25771.774,64.66,56.2275
19-Jun-2006,6891,25771.774,63.95,56.2275
20-Jun-2006,6770,25771.774,63.89,56.2275
21-Jun-2006,6870,25771.774,65.23,56.2275
22-Jun-2006,7041,25771.774,66.06,56.2275
23-Jun-2006,6710.5,25771.774,65.81,56.2275
26-Jun-2006,6921,25771.774,66.72,56.2275
27-Jun-2006,6999.5,25771.774,67.15,56.2275
28-Jun-2006,7045,25771.774,67.5,56.2275
29-Jun-2006,7090,25771.774,68.3,56.2275
30-Jun-2006,7501,25771.774,68.58,56.2275
3-Jul-2006,7501,25771.774,68.58,56.2275
4-Jul-2006,7501,25771.774,68.58,56.2275
5-Jul-2006,7500.5,27910.236,69.33,56.2275
6-Jul-2006,7480,27910.236,69.04,56.2275
7-Jul-2006,7776,27910.236,68.06,56.2275
10-Jul-2006,7680,27910.236,67.78,56.2275
11-Jul-2006,8030,27910.236,68.19,56.2275
12-Jul-2006,8233,27910.236,70.45,56.2275
13-Jul-2006,8000,27910.236,73.62,56.2275
14-Jul-2006,8151,27910.236,71.87,56.2275
17-Jul-2006,8021,27910.236,70.89,56.2275
18-Jul-2006,7970,27910.236,69.89,56.2275
19-Jul-2006,7601,27910.236,69.56,56.2275
20-Jul-2006,7722,27910.236,69,56.2275
21-Jul-2006,7569,27910.236,69.21,56.2275
24-Jul-2006,7261,27910.236,70.04,56.2275
25-Jul-2006,7511,27910.236,68.34,56.2275
26-Jul-2006,7462,27910.236,69.26,56.2275
27-Jul-2006,7622,27910.236,70.09,56.2275
28-Jul-2006,7639,27910.236,68.32,56.2275
31-Jul-2006,7850.5,27910.236,70.76,56.2275
1-Aug-2006,7871,33906.748,70.02,56.2275
2-Aug-2006,7825,33906.748,70.88,56.2275
3-Aug-2006,7830,33906.748,69.88,56.2275
4-Aug-2006,7760,33906.748,69.55,56.2275
7-Aug-2006,7760,33906.748,69.55,56.2275
8-Aug-2006,7835,33906.748,70.95,56.2275
9-Aug-2006,7915,33906.748,70.68,56.2275
10-Aug-2006,8070,33906.748,70.08,56.2275
11-Aug-2006,7920,33906.748,70.99,56.2275
14-Aug-2006,7635,33906.748,69.94,56.2275
15-Aug-2006,7682,33906.748,69.25,56.2275
16-Aug-2006,7561,33906.748,68.53,56.2275
17-Aug-2006,7560,33906.748,68.02,56.2275
18-Aug-2006,7550,33906.748,68.06,56.2275
21-Aug-2006,7595,33906.748,68.95,56.2275
22-Aug-2006,7610,33906.748,68.78,56.2275
23-Aug-2006,7600,33906.748,68.42,56.2275
24-Aug-2006,7661,33906.748,69.06,56.2275
25-Aug-2006,7541,33906.748,68.41,56.2275
28-Aug-2006,7541,33906.748,66.57,56.2275
29-Aug-2006,7421,33906.748,66.16,56.2275
30-Aug-2006,7460,33906.748,66.99,56.2275
31-Aug-2006,7647,33906.748,66.56,56.2275
1-Sep-2006,7590,35361.784,64.94,56.2275
4-Sep-2006,7666,35361.784,64.57,56.2275
5-Sep-2006,7845.5,35361.784,64.18,56.2275
6-Sep-2006,7906.5,35361.784,63.31,56.2275
7-Sep-2006,7980,35361.784,62.74,56.2275
8-Sep-2006,7863,35361.784,61.88,56.2275
11-Sep-2006,7608,35361.784,61.33,56.2275
12-Sep-2006,7607,35361.784,60.79,56.2275
13-Sep-2006,7445,35361.784,60.98,56.2275
14-Sep-2006,7500.5,35361.784,60.21,56.2275
15-Sep-2006,7410,35361.784,60.35,56.2275
18-Sep-2006,7400,35361.784,61.05,56.2275
19-Sep-2006,7460,35361.784,58.57,56.2275
20-Sep-2006,7230,35361.784,56.25,56.2275
21-Sep-2006,7473,35361.784,58.17,56.2275
22-Sep-2006,7681,35361.784,56.65,56.2275
25-Sep-2006,7401,35361.784,57.77,56.2275
26-Sep-2006,7600,35361.784,57.03,56.2275
27-Sep-2006,7707,35361.784,59.48,56.2275
28-Sep-2006,7675,35361.784,59.28,56.2275
29-Sep-2006,7601,35361.784,59.4,56.2275
2-Oct-2006,7605.5,34634.266,56.94,56.2275
3-Oct-2006,7391,34634.266,55.19,56.2275
4-Oct-2006,7452,34634.266,56.47,56.2275
5-Oct-2006,7250.5,34634.266,56.79,56.2275
6-Oct-2006,7371,34634.266,56.56,56.2275
9-Oct-2006,7540,34634.266,56.69,56.2275
10-Oct-2006,7455,34634.266,55.26,56.2275
11-Oct-2006,7441,34634.266,54.53,56.2275
12-Oct-2006,7471,34634.266,55.67,56.2275
13-Oct-2006,7521.5,34634.266,57.75,56.2275
16-Oct-2006,7590,34634.266,58.8,56.2275
17-Oct-2006,7740,34634.266,58.16,56.2275
18-Oct-2006,7625,34634.266,57.18,56.2275
19-Oct-2006,7630,34634.266,58.58,56.2275
20-Oct-2006,7650,34634.266,57.13,56.2275
23-Oct-2006,7586,34634.266,59.91,56.2275
24-Oct-2006,7586,34634.266,59.91,56.2275
25-Oct-2006,7480,34634.266,59.83,56.2275
26-Oct-2006,7470,34634.266,58.09,56.2275
27-Oct-2006,7513,34634.266,58.86,56.2275
30-Oct-2006,7360,34634.266,56.46,56.2275
31-Oct-2006,7410,34634.266,56.86,56.2275
1-Nov-2006,7295,35009.048,55.82,56.2275
2-Nov-2006,7240,35009.048,54.82,56.2275
3-Nov-2006,7300,35009.048,56.42,56.2275
6-Nov-2006,7269,35009.048,57.12,56.2275
7-Nov-2006,7396,35009.048,56.22,56.2275
8-Nov-2006,7285,35009.048,57.06,56.2275
9-Nov-2006,7220.5,35009.048,58.11,56.2275
10-Nov-2006,7070,35009.048,56.53,56.2275
13-Nov-2006,6831,35009.048,58.08,56.2275
14-Nov-2006,6967,35009.048,57.76,56.2275
15-Nov-2006,6762,35009.048,58.14,56.2275
16-Nov-2006,6877,35009.048,56.15,56.2275
17-Nov-2006,6671,35009.048,57.01,56.2275
20-Nov-2006,6890,35009.048,57.18,56.2275
21-Nov-2006,6857.5,35009.048,57.12,56.2275
22-Nov-2006,6965,35009.048,57.34,56.2275
23-Nov-2006,6890,35009.048,57.11,56.2275
24-Nov-2006,6997,35009.048,58.09,56.2275
27-Nov-2006,7039,35009.048,58.36,56.2275
28-Nov-2006,6982,35009.048,58.9,56.2275
29-Nov-2006,6902,35009.048,60.4,56.2275
30-Nov-2006,6936,35009.048,61,56.2275
1-Dec-2006,6950,35009.048,60.53,56.2275
4-Dec-2006,6931,35009.048,59.36,56.2275
5-Dec-2006,7049,35009.048,59.78,56.2275
6-Dec-2006,6945,35009.048,59.72,56.2275
7-Dec-2006,6802,35009.048,59.38,56.2275
8-Dec-2006,6830,35009.048,58.54,56.2275
11-Dec-2006,6801,35009.048,58.24,56.2275
12-Dec-2006,6819,35009.048,58.61,56.2275
13-Dec-2006,6710,35009.048,58.73,56.2275
14-Dec-2006,6780,35009.048,59.65,56.2275
15-Dec-2006,6711,35009.048,60.08,56.2275
18-Dec-2006,6600,35009.048,58.91,56.2275
19-Dec-2006,6617,35009.048,59.14,56.2275
20-Dec-2006,6440,35009.048,60.18,56.2275
21-Dec-2006,6431,35009.048,59.55,56.2275
22-Dec-2006,6375,35009.048,59.79,56.2275
25-Dec-2006,6375,35009.048,59.79,56.2275
26-Dec-2006,6375,35009.048,59.79,56.2275
27-Dec-2006,6405,35009.048,57.71,56.2275
28-Dec-2006,6342,35009.048,57.87,56.2275
29-Dec-2006,6290,35009.048,58.2,56.2275
1-Jan-2007,6290,35009.048,58.2,56.2275
2-Jan-2007,6290,35009.048,58.2,56.2275
3-Jan-2007,6290,35009.048,58.2,56.2275
4-Jan-2007,6290,35009.048,58.2,56.2275
5-Jan-2007,6290,35009.048,58.2,56.2275
8-Jan-2007,6290,35009.048,58.2,56.2275
9-Jan-2007,6290,35009.048,58.2,56.2275
10-Jan-2007,6290,35009.048,58.2,56.2275
11-Jan-2007,6290,35009.048,58.2,56.2275
12-Jan-2007,6290,35009.048,58.2,56.2275
15-Jan-2007,6290,35009.048,58.2,56.2275
16-Jan-2007,6290,35009.048,58.2,56.2275
17-Jan-2007,6290,35009.048,58.2,56.2275
18-Jan-2007,6290,35009.048,58.2,56.2275
19-Jan-2007,6290,35009.048,58.2,56.2275
22-Jan-2007,6290,35009.048,58.2,56.2275
23-Jan-2007,6290,35009.048,58.2,56.2275
24-Jan-2007,6290,35009.048,58.2,56.2275
25-Jan-2007,6290,35009.048,58.2,56.2275
26-Jan-2007,6290,35009.048,58.2,56.2275
29-Jan-2007,6290,35009.048,58.2,56.2275
30-Jan-2007,5696,49956.236,54.27,56.2275
31-Jan-2007,5651,49956.236,55.23,56.2275
1-Feb-2007,5606,49471.224,54.66,56.2275
2-Feb-2007,5501,49471.224,56.42,56.2275
5-Feb-2007,5290,49471.224,56.41,56.2275
6-Feb-2007,5356,49471.224,55.93,56.2275
7-Feb-2007,5331,49471.224,53.59,56.2275
8-Feb-2007,5225.5,49471.224,56.3,56.2275
9-Feb-2007,5401,49471.224,57.12,56.2275
12-Feb-2007,5471,49471.224,54.84,56.2275
13-Feb-2007,5572,49471.224,56.7,56.2275
14-Feb-2007,5621,49471.224,55.35,56.2275
15-Feb-2007,5835,49471.224,55.27,56.2275
16-Feb-2007,5779,49471.224,56.52,56.2275
19-Feb-2007,5770.5,49471.224,56.1,56.2275
20-Feb-2007,5682,49471.224,55.09,56.2275
21-Feb-2007,5615,49471.224,57.16,56.2275
22-Feb-2007,5875,49471.224,58.04,56.2275
23-Feb-2007,6186,49471.224,58.4,56.2275
26-Feb-2007,6251,49471.224,59.42,56.2275
27-Feb-2007,6181,49471.224,58,56.2275
28-Feb-2007,5980,49471.224,59.71,56.2275
1-Mar-2007,6190,61001.282,59.1,56.2275
2-Mar-2007,6056,61001.282,58.45,56.2275
5-Mar-2007,5811,61001.282,57.27,56.2275
6-Mar-2007,6000,61001.282,58.45,56.2275
7-Mar-2007,6046,61001.282,59.06,56.2275
8-Mar-2007,6276,61001.282,58.96,56.2275
9-Mar-2007,6130,61001.282,57.54,56.2275
12-Mar-2007,6130,61001.282,57.54,56.2275
13-Mar-2007,6305,61001.282,56.93,56.2275
14-Mar-2007,6220,61001.282,58.8,56.2275
15-Mar-2007,6446,61001.282,58.27,56.2275
16-Mar-2007,6520,61001.282,57.91,56.2275
19-Mar-2007,6630,61001.282,58.15,56.2275
20-Mar-2007,6696,61001.282,58.14,56.2275
21-Mar-2007,6685.5,61001.282,59.07,56.2275
22-Mar-2007,6810,61001.282,60.39,56.2275
23-Mar-2007,6852,61001.282,60.58,56.2275
26-Mar-2007,6860,61001.282,61.45,56.2275
27-Mar-2007,6851,61001.282,63.4,56.2275
28-Mar-2007,6740,61001.282,62.92,56.2275
29-Mar-2007,6715,61001.282,65.06,56.2275
30-Mar-2007,6940,61001.282,63.94,56.2275
2-Apr-2007,6916,58818.728,63.13,56.2275
3-Apr-2007,7290,58818.728,62.31,56.2275
4-Apr-2007,7305,58818.728,63.04,56.2275
5-Apr-2007,7465,58818.728,62.43,56.2275
6-Apr-2007,7465,58818.728,62.43,56.2275
9-Apr-2007,7465,58818.728,62.43,56.2275
10-Apr-2007,7839,58818.728,61.7,56.2275
11-Apr-2007,7970.5,58818.728,62.18,56.2275
12-Apr-2007,7889.5,58818.728,63.27,56.2275
13-Apr-2007,7800.5,58818.728,65.24,56.2275
16-Apr-2007,7960.5,58818.728,64.13,56.2275
17-Apr-2007,7835,58818.728,63.11,56.2275
18-Apr-2007,8053,58818.728,63.27,56.2275
19-Apr-2007,7942,58818.728,62.86,56.2275
20-Apr-2007,8039.5,58818.728,63.63,56.2275
23-Apr-2007,7920,58818.728,65.03,56.2275
24-Apr-2007,8100,58818.728,64.31,56.2275
25-Apr-2007,7820,58818.728,65.49,56.2275
26-Apr-2007,7848,58818.728,64.9,56.2275
27-Apr-2007,7745,58818.728,65.98,56.2275
30-Apr-2007,7824.5,58818.728,65.06,56.2275
1-May-2007,7824.5,58818.728,65.06,56.2275
2-May-2007,7999,51433.318,62.28,56.2275
3-May-2007,8022,51433.318,62.22,56.2275
4-May-2007,8225,51433.318,61.23,56.2275
7-May-2007,8225,51433.318,61.06,56.2275
8-May-2007,8194.5,51433.318,62.08,56.2275
9-May-2007,8205,51433.318,61.73,56.2275
10-May-2007,8019,51433.318,62.27,56.2275
11-May-2007,7855,51433.318,63.13,56.2275
14-May-2007,7906,51433.318,64.83,56.2275
15-May-2007,7795,51433.318,65.8,56.2275
16-May-2007,7710,51433.318,64.98,56.2275
17-May-2007,7455,51433.318,67.09,56.2275
18-May-2007,7260,51433.318,66.22,56.2275
21-May-2007,7411,51433.318,67.33,56.2275
22-May-2007,7560,51433.318,65.77,56.2275
23-May-2007,7215.5,51433.318,67.14,56.2275
24-May-2007,7375,51433.318,67.43,56.2275
25-May-2007,7375,51433.318,67.43,56.2275
28-May-2007,7375,51433.318,66.28,56.2275
29-May-2007,7360.5,51433.318,64.75,56.2275
30-May-2007,7255,51433.318,64.22,56.2275
31-May-2007,7440.5,51433.318,68.84,56.2275
1-Jun-2007,7510.5,46076.14,64.73,56.2275
4-Jun-2007,7540.5,46076.14,65.73,56.2275
5-Jun-2007,7655,46076.14,65.7,56.2275
6-Jun-2007,7560,46076.14,66,56.2275
7-Jun-2007,7450,46076.14,66.4,56.2275
8-Jun-2007,7285,46076.14,64.15,56.2275
11-Jun-2007,7384,46076.14,65.49,56.2275
12-Jun-2007,7292,46076.14,64.62,56.2275
13-Jun-2007,7260,46076.14,65.99,56.2275
14-Jun-2007,7372,46076.14,67.3,56.2275
15-Jun-2007,7480,46076.14,68.2,56.2275
18-Jun-2007,7665,46076.14,68.55,56.2275
19-Jun-2007,7470.5,46076.14,68.16,56.2275
20-Jun-2007,7625.5,46076.14,66.55,56.2275
21-Jun-2007,7550.5,46076.14,66.52,56.2275
22-Jun-2007,7510,46076.14,68.01,56.2275
25-Jun-2007,7312,46076.14,68.07,56.2275
26-Jun-2007,7521,46076.14,67.04,56.2275
27-Jun-2007,7360,46076.14,67.07,56.2275
28-Jun-2007,7540,46076.14,66.97,56.2275
29-Jun-2007,7650,46076.14,68.07,56.2275
2-Jul-2007,7650,46076.14,68.07,56.2275
3-Jul-2007,7650,46076.14,68.07,56.2275
4-Jul-2007,7930,120393.206,69.23,56.2275
5-Jul-2007,7895,120393.206,71.26,56.2275
6-Jul-2007,7902,120393.206,71.87,56.2275
9-Jul-2007,8041,120393.206,70.42,56.2275
10-Jul-2007,8030,120393.206,71.07,56.2275
11-Jul-2007,8041,120393.206,70.32,56.2275
12-Jul-2007,8091,120393.206,71.33,56.2275
13-Jul-2007,7940.5,120393.206,71.78,56.2275
16-Jul-2007,7967.5,120393.206,70.17,56.2275
17-Jul-2007,7840,120393.206,69.97,56.2275
18-Jul-2007,7880,120393.206,71.01,56.2275
19-Jul-2007,8001,120393.206,71.69,56.2275
20-Jul-2007,8120.5,120393.206,71.58,56.2275
23-Jul-2007,8210,120393.206,71.42,56.2275
24-Jul-2007,8160,120393.206,69.57,56.2275
25-Jul-2007,7975,120393.206,72.13,56.2275
26-Jul-2007,7906,120393.206,69.86,56.2275
27-Jul-2007,7880,120393.206,71.01,56.2275
30-Jul-2007,7885,120393.206,70.45,56.2275
31-Jul-2007,8159,120393.206,71.71,56.2275
1-Aug-2007,7950,101036.818,69.93,56.2275
2-Aug-2007,8055,101036.818,70.66,56.2275
3-Aug-2007,7990,101036.818,68.96,56.2275
6-Aug-2007,7990,101036.818,68.96,56.2275
7-Aug-2007,7830,101036.818,67.35,56.2275
8-Aug-2007,7719,101036.818,66.99,56.2275
9-Aug-2007,7680,101036.818,66.12,56.2275
10-Aug-2007,7455,101036.818,67.17,56.2275
13-Aug-2007,7696.5,101036.818,66.17,56.2275
14-Aug-2007,7700,101036.818,67.2,56.2275
15-Aug-2007,7430,101036.818,67.75,56.2275
16-Aug-2007,7155,101036.818,66.32,56.2275
17-Aug-2007,6960,101036.818,66.83,56.2275
20-Aug-2007,7196,101036.818,66.5,56.2275
21-Aug-2007,7060,101036.818,65.46,56.2275
22-Aug-2007,7225,101036.818,65.77,56.2275
23-Aug-2007,7379.5,101036.818,66.82,56.2275
24-Aug-2007,7310,101036.818,67.2,56.2275
27-Aug-2007,7310,101036.818,67.6,56.2275
28-Aug-2007,7360.5,101036.818,66.84,56.2275
29-Aug-2007,7380,101036.818,68.41,56.2275
30-Aug-2007,7395,101036.818,67.6,56.2275
31-Aug-2007,7580,101036.818,68.07,56.2275
3-Sep-2007,7451,51168.766,69.24,56.2275
4-Sep-2007,7301.5,51168.766,70.05,56.2275
5-Sep-2007,7420,51168.766,70.64,56.2275
6-Sep-2007,7250,51168.766,70.84,56.2275
7-Sep-2007,7361,51168.766,71.38,56.2275
10-Sep-2007,7248,51168.766,72.78,56.2275
11-Sep-2007,7406,51168.766,73.23,56.2275
12-Sep-2007,7396,51168.766,74.21,56.2275
13-Sep-2007,7426,51168.766,74.04,56.2275
14-Sep-2007,7471,51168.766,71.89,56.2275
17-Sep-2007,7600,51168.766,73.3,56.2275
18-Sep-2007,7540,51168.766,74.29,56.2275
19-Sep-2007,7819,51168.766,73.88,56.2275
20-Sep-2007,7852,51168.766,74.81,56.2275
21-Sep-2007,7980,51168.766,74.72,56.2275
24-Sep-2007,8076,51168.766,74.71,56.2275
25-Sep-2007,7990,51168.766,73.55,56.2275
26-Sep-2007,8082,51168.766,73.85,56.2275
27-Sep-2007,8145,51168.766,76.09,56.2275
28-Sep-2007,8165,51168.766,75.15,56.2275
1-Oct-2007,8132,58752.59,73.53,56.2275
2-Oct-2007,8161,58752.59,74.09,56.2275
3-Oct-2007,8301,58752.59,72.82,56.2275
4-Oct-2007,8270,58752.59,74.88,56.2275
5-Oct-2007,8230,58752.59,74.48,56.2275
8-Oct-2007,7990,58752.59,73.16,56.2275
9-Oct-2007,7991,58752.59,73.93,56.2275
10-Oct-2007,8135.5,58752.59,74.9,56.2275
11-Oct-2007,8226,58752.59,76.46,56.2275
12-Oct-2007,8100,58752.59,76.49,56.2275
15-Oct-2007,8285,58752.59,78.97,56.2275
16-Oct-2007,8081,58752.59,78.48,56.2275
17-Oct-2007,7991,58752.59,77.46,56.2275
18-Oct-2007,7981,58752.59,79.32,56.2275
19-Oct-2007,7870,58752.59,77.91,56.2275
22-Oct-2007,7760,58752.59,77.68,56.2275
23-Oct-2007,7795,58752.59,77.57,56.2275
24-Oct-2007,7690,58752.59,80.2,56.2275
25-Oct-2007,7765,58752.59,81.93,56.2275
26-Oct-2007,7870,58752.59,83.23,56.2275
29-Oct-2007,7845,58752.59,83.97,56.2275
30-Oct-2007,7760,58752.59,81.55,56.2275
31-Oct-2007,7725,58752.59,81.55,56.2275
1-Nov-2007,7505,58752.59,81.55,56.2275
2-Nov-2007,7435,58752.59,86.79,56.2275
5-Nov-2007,7405,58752.59,85.66,56.2275
6-Nov-2007,7480,58752.59,88.32,56.2275
7-Nov-2007,7315,58752.59,88.12,56.2275
8-Nov-2007,7200,58752.59,88.56,56.2275
9-Nov-2007,7030,58752.59,88.21,56.2275
12-Nov-2007,6955,58752.59,85.95,56.2275
13-Nov-2007,6925,58752.59,83.9,56.2275
14-Nov-2007,7021,58752.59,86.63,56.2275
15-Nov-2007,7051,58752.59,84.68,56.2275
16-Nov-2007,6825.5,58752.59,85.51,56.2275
19-Nov-2007,6883,58752.59,86.58,56.2275
20-Nov-2007,6615.5,58752.59,89.55,56.2275
21-Nov-2007,6535.5,58752.59,88.43,56.2275
22-Nov-2007,6492,58752.59,87.9,56.2275
23-Nov-2007,6632,58752.59,89.36,56.2275
26-Nov-2007,6740,58752.59,87.8,56.2275
27-Nov-2007,6620,58752.59,86.23,56.2275
28-Nov-2007,6540,58752.59,84.28,56.2275
29-Nov-2007,6825,58752.59,84.12,56.2275
30-Nov-2007,6956,58752.59,82.81,56.2275
3-Dec-2007,6806.5,58752.59,85.03,56.2275
4-Dec-2007,6501,58752.59,84.03,56.2275
5-Dec-2007,6551,58752.59,82.99,56.2275
6-Dec-2007,6610,58752.59,85.82,56.2275
7-Dec-2007,6812,58752.59,83.42,56.2275
10-Dec-2007,6710,58752.59,83.64,56.2275
11-Dec-2007,6635,58752.59,84.42,56.2275
12-Dec-2007,6560,58752.59,83.71,56.2275
13-Dec-2007,6500,58752.59,86.03,56.2275
14-Dec-2007,6420,58752.59,86.37,56.2275
17-Dec-2007,6365,58752.59,86.29,56.2275
18-Dec-2007,6272.5,58752.59,85.35,56.2275
19-Dec-2007,6381,58752.59,86.57,56.2275
20-Dec-2007,6561.5,58752.59,85.89,56.2275
21-Dec-2007,6630,58752.59,87.46,56.2275
24-Dec-2007,6630,58752.59,87.46,56.2275
25-Dec-2007,6630,58752.59,87.46,56.2275
26-Dec-2007,6630,58752.59,88.26,56.2275
27-Dec-2007,6871,58752.59,89.27,56.2275
28-Dec-2007,6715,58752.59,88.23,56.2275
31-Dec-2007,6716,58753.59,88.23,56.2275
1-Jan-2008,6717,58754.59,88.23,56.2275
2-Jan-2008,6755,91402.716,92.06,56.2275
3-Jan-2008,6970,91402.716,91.95,56.2275
4-Jan-2008,6910,91402.716,91.3,56.2275
7-Jan-2008,6915.5,91402.716,89.15,56.2275
8-Jan-2008,7106,91402.716,90.1,56.2275
9-Jan-2008,7351,91402.716,89.25,56.2275
10-Jan-2008,7120.5,91402.716,87.24,56.2275
11-Jan-2008,7196,91402.716,86.11,56.2275
14-Jan-2008,7361,91402.716,88.11,56.2275
15-Jan-2008,7225.5,91402.716,85.45,56.2275
16-Jan-2008,7020,91402.716,85.02,56.2275
17-Jan-2008,7121.5,91402.716,83.9,56.2275
18-Jan-2008,7062,91402.716,84.68,56.2275
21-Jan-2008,6910,91402.716,82.71,56.2275
22-Jan-2008,6920,91402.716,84.2,56.2275
23-Jan-2008,7000.5,91402.716,82.97,56.2275
24-Jan-2008,7092,91402.716,84.6,56.2275
25-Jan-2008,7120,91402.716,86.43,56.2275
28-Jan-2008,6893,91402.716,86.71,56.2275
29-Jan-2008,7171,91402.716,87.83,56.2275
30-Jan-2008,7165,91402.716,86.98,56.2275
31-Jan-2008,7170.5,91402.716,86.98,56.2275
1-Feb-2008,7345,95040.306,84.49,56.2275
4-Feb-2008,7295,95040.306,85.85,56.2275
5-Feb-2008,7202,95040.306,84.15,56.2275
6-Feb-2008,7181,95040.306,83.14,56.2275
7-Feb-2008,7350,95040.306,84.29,56.2275
8-Feb-2008,7612,95040.306,87.44,56.2275
11-Feb-2008,7612,95040.306,89.15,56.2275
12-Feb-2008,7805,95040.306,87.94,56.2275
13-Feb-2008,7680.5,95040.306,88.62,56.2275
14-Feb-2008,7676,95040.306,90.08,56.2275
15-Feb-2008,7801,95040.306,90.24,56.2275
18-Feb-2008,7945,95040.306,90.29,56.2275
19-Feb-2008,8080,95040.306,93.97,56.2275
20-Feb-2008,8101,95040.306,94.73,56.2275
21-Feb-2008,8281,95040.306,90.89,56.2275
22-Feb-2008,8322,95040.306,92.94,56.2275
25-Feb-2008,8247,95040.306,93.2,56.2275
26-Feb-2008,8271,95040.306,95.24,56.2275
27-Feb-2008,8516,95040.306,93.5,56.2275
28-Feb-2008,8470,95040.306,96.17,56.2275
29-Feb-2008,8540.5,95040.306,95.17,56.2275
3-Mar-2008,8565,99096.77,96.2,56.2275
4-Mar-2008,8685,99096.77,93.7,56.2275
5-Mar-2008,8416,99096.77,98.06,56.2275
6-Mar-2008,8881,99096.77,98.17,56.2275
7-Mar-2008,8660,99096.77,97.8,56.2275
10-Mar-2008,8400.5,99096.77,98.86,56.2275
11-Mar-2008,8560.5,99096.77,99.38,56.2275
12-Mar-2008,8561.5,99097.77,99.38,56.2275
13-Mar-2008,8356,99096.77,100.96,56.2275
14-Mar-2008,8550,99096.77,102.34,56.2275
17-Mar-2008,8360,99096.77,102.33,56.2275
18-Mar-2008,8285,99096.77,99.21,56.2275
19-Mar-2008,8210.5,99096.77,99.38,56.2275
20-Mar-2008,7789,99096.77,93.09,56.2275
21-Mar-2008,7790,99097.77,93.09,56.2275
24-Mar-2008,7791,99098.77,93.09,56.2275
25-Mar-2008,8240,99096.77,95.62,56.2275
26-Mar-2008,8260,99096.77,98.95,56.2275
27-Mar-2008,8457,99096.77,99.05,56.2275
28-Mar-2008,8540,99096.77,97.65,56.2275
31-Mar-2008,8520,99096.77,94.67,56.2275
1-Apr-2008,8325.5,94268.696,95.17,56.2275
2-Apr-2008,8464,94268.696,98.69,56.2275
3-Apr-2008,8591,94268.696,98.03,56.2275
4-Apr-2008,8645,94268.696,99.68,56.2275
7-Apr-2008,8740,94268.696,102.01,56.2275
8-Apr-2008,8682,94268.696,101.75,56.2275
9-Apr-2008,8650,94268.696,103.12,56.2275
10-Apr-2008,8884.5,94268.696,102.41,56.2275
11-Apr-2008,8810,94268.696,103.2,56.2275
14-Apr-2008,8679.5,94268.696,104.29,56.2275
15-Apr-2008,8720,94268.696,105.48,56.2275
16-Apr-2008,8736.5,94268.696,106.45,56.2275
17-Apr-2008,8861.5,94268.696,106.08,56.2275
18-Apr-2008,8630,94268.696,107.72,56.2275
21-Apr-2008,8641.5,94268.696,108.02,56.2275
22-Apr-2008,8770,94268.696,109.84,56.2275
23-Apr-2008,8796,94268.696,109.59,56.2275
24-Apr-2008,8700.5,94268.696,107.66,56.2275
25-Apr-2008,8600,94268.696,110.26,56.2275
28-Apr-2008,8746,94268.696,110,56.2275
29-Apr-2008,8740,94268.696,106.5,56.2275
30-Apr-2008,8655,94268.696,106.26,56.2275
1-May-2008,8686,86177.814,103.95,56.2275
2-May-2008,8390,86177.814,109.56,56.2275
5-May-2008,8390,86177.814,109.56,56.2275
6-May-2008,8622,86177.814,114.56,56.2275
7-May-2008,8641,86177.814,116.96,56.2275
8-May-2008,8460,86177.814,117.51,56.2275
9-May-2008,8400,86177.814,119.54,56.2275
12-May-2008,8276,86177.814,117.33,56.2275
13-May-2008,8410,86177.814,119.16,56.2275
14-May-2008,8180,86177.814,116.39,56.2275
15-May-2008,8360,86177.814,118.74,56.2275
16-May-2008,8470,86177.814,120.4,56.2275
19-May-2008,8540,86177.814,120.49,56.2275
20-May-2008,8360,86177.814,123.46,56.2275
21-May-2008,8395,86177.814,129.1,56.2275
22-May-2008,8420,86177.814,125.49,56.2275
23-May-2008,8278,86177.814,125.36,56.2275
26-May-2008,8279,86178.814,125.36,56.2275
27-May-2008,8376,86177.814,121.72,56.2275
28-May-2008,8176,86177.814,124.89,56.2275
29-May-2008,8110,86177.814,120.45,56.2275
30-May-2008,8105,86177.814,122.29,56.2275
2-Jun-2008,7980,68651.244,121.54,56.2275
3-Jun-2008,8060,68651.244,119.06,56.2275
4-Jun-2008,8006,68651.244,117.07,56.2275
5-Jun-2008,7921,68651.244,123.05,56.2275
6-Jun-2008,8106,68651.244,132.29,56.2275
9-Jun-2008,8092,68651.244,128.79,56.2275
10-Jun-2008,8050,68651.244,125.35,56.2275
11-Jun-2008,7989,68651.244,130.04,56.2275
12-Jun-2008,7955,68651.244,131.69,56.2275
13-Jun-2008,8025,68651.244,129.15,56.2275
16-Jun-2008,8255,68651.244,128.61,56.2275
17-Jun-2008,8181,68651.244,128.77,56.2275
18-Jun-2008,8296,68651.244,131.42,56.2275
19-Jun-2008,8385.5,68651.244,126.59,56.2275
20-Jun-2008,8590,68651.244,128.83,56.2275
23-Jun-2008,8540.5,68651.244,130.9,56.2275
24-Jun-2008,8491.5,68651.244,131.31,56.2275
25-Jun-2008,8542,68651.244,129,56.2275
26-Jun-2008,8551,68651.244,134.51,56.2275
27-Jun-2008,8680,68651.244,134.74,56.2275
30-Jun-2008,8775.5,68651.244,134.39,56.2275
1-Jul-2008,8711,42416.504,136.49,56.2275
2-Jul-2008,8750.5,42416.504,140.13,56.2275
3-Jul-2008,8985,42416.504,140.89,56.2275
4-Jul-2008,8661,42416.504,139.18,56.2275
7-Jul-2008,8565,42416.504,137.2,56.2275
8-Jul-2008,8540,42416.504,131.62,56.2275
9-Jul-2008,8355,42416.504,139.4,56.2275
10-Jul-2008,8423,42416.504,137.86,56.2275
11-Jul-2008,8499,42416.504,139.4,56.2275
14-Jul-2008,8480,42416.504,139.62,56.2275
15-Jul-2008,8475.5,42416.504,134.73,56.2275
16-Jul-2008,8291,42416.504,131.58,56.2275
17-Jul-2008,8301,42416.504,127.16,56.2275
18-Jul-2008,8324,42416.504,125.81,56.2275
21-Jul-2008,8390,42416.504,129.01,56.2275
22-Jul-2008,8441,42416.504,125.44,56.2275
23-Jul-2008,8310,42416.504,121.75,56.2275
24-Jul-2008,8259.5,42416.504,123.25,56.2275
25-Jul-2008,8160,42416.504,120.92,56.2275
28-Jul-2008,8190,42416.504,122.69,56.2275
29-Jul-2008,8096,42416.504,119.19,56.2275
30-Jul-2008,8055,42416.504,120.14,56.2275
31-Jul-2008,8055,42416.504,120.14,56.2275
1-Aug-2008,8096,42196.044,122.43,56.2275
4-Aug-2008,7905,42196.044,118.25,56.2275
5-Aug-2008,7809.5,42196.044,115.85,56.2275
6-Aug-2008,7871,42196.044,116.26,56.2275
7-Aug-2008,7826,42196.044,116.69,56.2275
8-Aug-2008,7550,42196.044,111.39,56.2275
11-Aug-2008,7460.5,42196.044,111.75,56.2275
12-Aug-2008,7261,42196.044,110.6,56.2275
13-Aug-2008,7318,42196.044,111.42,56.2275
14-Aug-2008,7640,42196.044,109.5,56.2275
15-Aug-2008,7310,42196.044,111.41,56.2275
18-Aug-2008,7432,42196.044,112.36,56.2275
19-Aug-2008,7477,42196.044,118.7,56.2275
20-Aug-2008,7670,42196.044,111.77,56.2275
21-Aug-2008,7842,42196.044,112.48,56.2275
22-Aug-2008,7861,42196.044,112.36,56.2275
25-Aug-2008,7861,42196.044,114.02,56.2275
26-Aug-2008,7581,42196.044,112.36,56.2275
27-Aug-2008,7626,42196.044,114.02,56.2275
28-Aug-2008,7648,42196.044,111.56,56.2275
29-Aug-2008,7510,42196.044,111.59,56.2275
1-Sep-2008,7371,87059.654,107.72,56.2275
2-Sep-2008,7225,87059.654,106.46,56.2275
3-Sep-2008,7225,87059.654,106.46,56.2275
4-Sep-2008,7420,87059.654,103.33,56.2275
5-Sep-2008,7075,87059.654,102.26,56.2275
8-Sep-2008,6990,87059.654,101.83,56.2275
9-Sep-2008,6926,87059.654,97.78,56.2275
10-Sep-2008,6861,87059.654,99.85,56.2275
11-Sep-2008,6900,87059.654,96.83,56.2275
12-Sep-2008,7096,87059.654,96.16,56.2275
15-Sep-2008,6879,87059.654,89.26,56.2275
16-Sep-2008,6841,87059.654,88.44,56.2275
17-Sep-2008,6932,87059.654,91.76,56.2275
18-Sep-2008,6932,87059.654,92.35,56.2275
19-Sep-2008,6900,87059.654,96.73,56.2275
22-Sep-2008,7166,87059.654,102.26,56.2275
23-Sep-2008,7090,87059.654,99.18,56.2275
24-Sep-2008,6995,87059.654,97.1,56.2275
25-Sep-2008,6905,87059.654,99.37,56.2275
26-Sep-2008,6926,87059.654,99.08,56.2275
29-Sep-2008,6590,87059.654,88.69,56.2275
30-Sep-2008,6419,87059.654,96.17,56.2275
1-Oct-2008,6379,54012.7,93.79,56.2275
2-Oct-2008,6221,54012.7,89.07,56.2275
3-Oct-2008,5960,54012.7,88.01,56.2275
6-Oct-2008,5706,54012.7,83.28,56.2275
7-Oct-2008,5739,54012.7,82.62,56.2275
8-Oct-2008,5505,54012.7,81.61,56.2275
9-Oct-2008,5402,54012.7,77.99,56.2275
10-Oct-2008,5000,54012.7,73.12,56.2275
13-Oct-2008,5031,54012.7,75.15,56.2275
14-Oct-2008,5555,54012.7,71.66,56.2275
15-Oct-2008,5126,54012.7,68.59,56.2275
16-Oct-2008,4880,54012.7,66.34,56.2275
17-Oct-2008,4701,54012.7,65.44,56.2275
20-Oct-2008,4875.5,54012.7,69.64,56.2275
21-Oct-2008,4490,54012.7,64.98,56.2275
22-Oct-2008,4286,54012.7,60.88,56.2275
23-Oct-2008,3986,54012.7,63.93,56.2275
24-Oct-2008,3721,54012.7,58.95,56.2275
27-Oct-2008,3686,54012.7,56.55,56.2275
28-Oct-2008,4129,54012.7,59.38,56.2275
29-Oct-2008,4420,54012.7,62.96,56.2275
30-Oct-2008,4497,54012.7,59.72,56.2275
31-Oct-2008,3995,54012.7,62.59,56.2275
3-Nov-2008,3960,54012.7,58.13,56.2275
4-Nov-2008,4231,54012.7,63.61,56.2275
5-Nov-2008,4071,54012.7,60,56.2275
6-Nov-2008,3890,54012.7,55.4,56.2275
7-Nov-2008,3761,54012.7,55.83,56.2275
10-Nov-2008,4005,54012.7,56.59,56.2275
11-Nov-2008,3690.5,54012.7,54,56.2275
12-Nov-2008,3592,54012.7,50.87,56.2275
13-Nov-2008,3591,54012.7,54.61,56.2275
14-Nov-2008,3722,54012.7,51,56.2275
17-Nov-2008,3580.5,54012.7,49.86,56.2275
18-Nov-2008,3590,54012.7,49.44,56.2275
19-Nov-2008,3565,54012.7,48.68,56.2275
20-Nov-2008,3430.5,54012.7,44.29,56.2275
21-Nov-2008,3470.5,54012.7,46.55,56.2275
24-Nov-2008,3715.5,54012.7,50.51,56.2275
25-Nov-2008,3565.5,54012.7,47.09,56.2275
26-Nov-2008,3742,54012.7,51.4,56.2275
27-Nov-2008,3665,54012.7,50.53,56.2275
28-Nov-2008,3581,54012.7,51.84,56.2275
1-Dec-2008,3595.5,54012.7,44.98,56.2275
2-Dec-2008,3530.5,54012.7,43.37,56.2275
3-Dec-2008,3423,54012.7,43.06,56.2275
4-Dec-2008,3360.5,54012.7,41.72,56.2275
5-Dec-2008,3050.5,54012.7,38,56.2275
8-Dec-2008,3141,54012.7,40.61,56.2275
9-Dec-2008,3120,54012.7,38.64,56.2275
10-Dec-2008,3180.5,54012.7,39.95,56.2275
11-Dec-2008,3232.5,54012.7,43.94,56.2275
12-Dec-2008,2982,54012.7,46.48,56.2275
15-Dec-2008,3075.5,54012.7,44.91,56.2275
16-Dec-2008,3020.5,54012.7,44.58,56.2275
17-Dec-2008,3000,54012.7,43.36,56.2275
18-Dec-2008,2885.5,54012.7,42.24,56.2275
19-Dec-2008,2826,54012.7,43.61,56.2275
22-Dec-2008,2910.5,54012.7,39.55,56.2275
23-Dec-2008,2850.5,54012.7,39.21,56.2275
24-Dec-2008,2850.5,54012.7,35.16,56.2275
25-Dec-2008,2850.5,54012.7,35.16,56.2275
26-Dec-2008,2851.5,54013.7,35.16,56.2275
29-Dec-2008,2852.5,54014.7,35.16,56.2275
30-Dec-2008,2853.5,54015.7,35.16,56.2275
31-Dec-2008,2854.5,54016.7,35.16,56.2275
1-Jan-2009,2855.5,54017.7,35.16,56.2275
2-Jan-2009,3071,14555.89162,43.96,56.2275
5-Jan-2009,3101,14555.89162,45.95,56.2275
6-Jan-2009,3332,14555.89162,46.99,56.2275
7-Jan-2009,3390.5,14555.89162,41.99,56.2275
8-Jan-2009,3170.5,14555.89162,42.11,56.2275
9-Jan-2009,3280,14555.89162,40.9,56.2275
12-Jan-2009,3171.5,14555.89162,38.9,56.2275
13-Jan-2009,3139,14555.89162,40.62,56.2275
14-Jan-2009,3274,14555.89162,39.77,56.2275
15-Jan-2009,3210.5,14555.89162,46.03,56.2275
16-Jan-2009,3343,14555.89162,45.05,56.2275
19-Jan-2009,3321,14555.89162,43.5,56.2275
20-Jan-2009,3275.5,14555.89162,42.32,56.2275
21-Jan-2009,3211,14555.89162,44.39,56.2275
22-Jan-2009,3155,14555.89162,43.72,56.2275
23-Jan-2009,3050.5,14555.89162,46.53,56.2275
26-Jan-2009,3281,14555.89162,45.39,56.2275
27-Jan-2009,3330.5,14555.89162,42.74,56.2275
28-Jan-2009,3295,14555.89162,44.75,56.2275
29-Jan-2009,3125.5,14555.89162,44.9,56.2275
30-Jan-2009,3106,14555.89162,45.14,56.2275
2-Feb-2009,3145.5,22709.60503,40.36,56.2275
3-Feb-2009,3201,22709.60503,40.82,56.2275
4-Feb-2009,3320,22709.60503,39.98,56.2275
5-Feb-2009,3350.5,22709.60503,42.05,56.2275
6-Feb-2009,3440.5,22709.60503,40.25,56.2275
9-Feb-2009,3526.91908,22709.60503,40.3,56.2275
10-Feb-2009,3461.00154,22709.60503,39.3,56.2275
11-Feb-2009,3377.00628,22709.60503,44.27,56.2275
12-Feb-2009,3350.55108,22709.60503,45.47,56.2275
13-Feb-2009,3406.98884,22709.60503,44.4,56.2275
16-Feb-2009,3271.40594,22709.60503,43.37,56.2275
17-Feb-2009,3270.96502,22709.60503,40.11,56.2275
18-Feb-2009,3151.4757,22709.60503,39.66,56.2275
19-Feb-2009,3291.02688,22709.60503,41.35,56.2275
20-Feb-2009,3149.93248,22709.60503,41.31,56.2275
23-Feb-2009,3205.4884,22709.60503,40.26,56.2275
24-Feb-2009,3190.49712,22709.60503,42.23,56.2275
25-Feb-2009,3350.55108,22709.60503,43.67,56.2275
26-Feb-2009,3442.92382,22709.60503,45.27,56.2275
27-Feb-2009,3390.01342,22709.60503,44.96,56.2275
2-Mar-2009,3330.0483,8487.71,38.47,56.2275
3-Mar-2009,3479.9611,8487.71,40.17,56.2275
4-Mar-2009,3544.9968,8487.71,42.75,56.2275
5-Mar-2009,3640.45598,8487.71,40.31,56.2275
6-Mar-2009,3692.92546,8487.71,42.32,56.2275
9-Mar-2009,3567.0428,8487.71,42.41,56.2275
10-Mar-2009,3667.57256,8487.71,41.83,56.2275
11-Mar-2009,3636.04678,8487.71,39.7,56.2275
12-Mar-2009,3494.07054,8487.71,43.32,56.2275
13-Mar-2009,3671.09992,8487.71,42.95,56.2275
16-Mar-2009,3690,8487.71,44.42,56.2275
17-Mar-2009,3761,8487.71,46.26,56.2275
18-Mar-2009,3740,8487.71,47.47,56.2275
19-Mar-2009,3930,8487.71,48.83,56.2275
20-Mar-2009,3911,8487.71,49.92,56.2275
23-Mar-2009,4006.5,8487.71,51.7,56.2275
24-Mar-2009,3911,8487.71,51.46,56.2275
25-Mar-2009,3890,8487.71,50.16,56.2275
26-Mar-2009,4078,8487.71,51.66,56.2275
27-Mar-2009,3946,8487.71,50.4,56.2275
30-Mar-2009,3872,8487.71,46.82,56.2275
31-Mar-2009,4035,8487.71,47.24,56.2275
1-Apr-2009,3963.5,30114.836,46.11,56.2275
2-Apr-2009,4110.5,30114.836,49.93,56.2275
3-Apr-2009,4130,30114.836,50.53,56.2275
6-Apr-2009,4330.5,30114.836,49.47,56.2275
7-Apr-2009,4309,30114.836,47.22,56.2275
8-Apr-2009,4305,30114.836,49.06,56.2275
9-Apr-2009,4465,30114.836,51.01,56.2275
10-Apr-2009,4466,30115.836,51.01,56.2275
13-Apr-2009,4467,30116.836,51.01,56.2275
14-Apr-2009,4582,30114.836,50.95,56.2275
15-Apr-2009,4750,30114.836,51.71,56.2275
16-Apr-2009,4766,30114.836,51.43,56.2275
17-Apr-2009,4725,30114.836,51.88,56.2275
20-Apr-2009,4636,30114.836,48.22,56.2275
21-Apr-2009,4402.5,30114.836,48.99,56.2275
22-Apr-2009,4447,30114.836,48.51,56.2275
23-Apr-2009,4541,30114.836,48.96,56.2275
24-Apr-2009,4362,30114.836,50.45,56.2275
27-Apr-2009,4305.5,30114.836,49.23,56.2275
28-Apr-2009,4185,30114.836,48.15,56.2275
29-Apr-2009,4300.5,30114.836,49.74,56.2275
30-Apr-2009,4501,30114.836,49.73,56.2275
1-May-2009,4502,30115.836,49.73,56.2275
4-May-2009,4501,25661.544,52.22,56.2275
5-May-2009,4640,25661.544,52.27,56.2275
6-May-2009,4591,25661.544,54.5,56.2275
7-May-2009,4760,25661.544,54.26,56.2275
8-May-2009,4752,25661.544,56.45,56.2275
11-May-2009,4527,25661.544,55.28,56.2275
12-May-2009,4527,25661.544,55.65,56.2275
13-May-2009,4508,25661.544,55.44,56.2275
14-May-2009,4309,25661.544,55.48,56.2275
15-May-2009,4348,25661.544,55.12,56.2275
18-May-2009,4400,25661.544,57.67,56.2275
19-May-2009,4601,25661.544,57.52,56.2275
20-May-2009,4539,25661.544,59.37,56.2275
21-May-2009,4504,25661.544,58.88,56.2275
22-May-2009,4586,25661.544,59.67,56.2275
25-May-2009,4587,25662.544,59.67,56.2275
26-May-2009,4538,25661.544,60.21,56.2275
27-May-2009,4661,25661.544,60.61,56.2275
28-May-2009,4637,25661.544,62.79,56.2275
29-May-2009,4776,25661.544,64.69,56.2275
1-Jun-2009,4946.90194,28130.696,65.03,56.2275
2-Jun-2009,5026.04708,28130.696,65.67,56.2275
3-Jun-2009,4951.5316,28130.696,64.03,56.2275
4-Jun-2009,4869.9614,28130.696,67.26,56.2275
5-Jun-2009,5068.3754,28130.696,66.78,56.2275
8-Jun-2009,4936.0994,28130.696,67.11,56.2275
9-Jun-2009,5046.99078,28130.696,69.3,56.2275
10-Jun-2009,5179.92816,28130.696,69.22,56.2275
11-Jun-2009,5265.90756,28130.696,69.65,56.2275
12-Jun-2009,5239.89328,28130.696,69.52,56.2275
15-Jun-2009,5075,28130.696,68.77,56.2275
16-Jun-2009,5049,28130.696,69.08,56.2275
17-Jun-2009,4903,28130.696,69.55,56.2275
18-Jun-2009,4901,28130.696,70.17,56.2275
19-Jun-2009,5020,28130.696,68.39,56.2275
22-Jun-2009,4821,28130.696,65.85,56.2275
23-Jun-2009,4810,28130.696,67.18,56.2275
24-Jun-2009,4890.5,28130.696,67.18,56.2275
25-Jun-2009,5023.5,28130.696,69.45,56.2275
26-Jun-2009,5101.5,28130.696,68.63,56.2275
29-Jun-2009,5085.5,28130.696,70.59,56.2275
30-Jun-2009,5108,28130.696,69.46,56.2275
1-Jul-2009,5042,32076.93,67.27,56.2275
2-Jul-2009,5006,32076.93,64.85,56.2275
3-Jul-2009,4991,32076.93,65.72,56.2275
6-Jul-2009,4992,32077.93,65.72,56.2275
7-Jul-2009,4993,32078.93,65.72,56.2275
8-Jul-2009,4850,32076.93,59.73,56.2275
9-Jul-2009,4821,32076.93,60.2,56.2275
10-Jul-2009,4840,32076.93,59.49,56.2275
13-Jul-2009,4883,32076.93,60.71,56.2275
14-Jul-2009,5011,32076.93,59.25,56.2275
15-Jul-2009,5181.5,32076.93,60.35,56.2275
16-Jul-2009,5231.5,32076.93,64.02999878,56.2275
17-Jul-2009,5230,32076.93,65.23999786,56.2275
20-Jul-2009,5400,32076.93,65.98000336,56.2275
21-Jul-2009,5345,32076.93,65.2,56.2275
22-Jul-2009,5342,32076.93,66.31999969,56.2275
23-Jul-2009,5474,32076.93,68.13,56.2275
24-Jul-2009,5551,32076.93,69.91,56.2275
27-Jul-2009,5615,32076.93,70.1,56.2275
28-Jul-2009,5615,32076.93,68.94,56.2275
29-Jul-2009,5410.5,32076.93,65.05,56.2275
30-Jul-2009,5497,32076.93,69.14,56.2275
31-Jul-2009,5750,32076.93,71,56.2275
3-Aug-2009,5751,32077.93,71,56.2275
4-Aug-2009,5917,32847.81718,72.24,56.2275
5-Aug-2009,6132,32847.81718,72.74,56.2275
6-Aug-2009,6035,32847.81718,71.31,56.2275
7-Aug-2009,5964,32847.81718,70.14,56.2275
10-Aug-2009,6197,32847.81718,70.51,56.2275
11-Aug-2009,6136,32847.81718,69.82,56.2275
12-Aug-2009,6029,32847.81718,73.12,56.2275
13-Aug-2009,6418.91336,32847.81718,73.46,56.2275
14-Aug-2009,6386,32847.81718,70.48,56.2275
17-Aug-2009,6096,32847.81718,69.65,56.2275
18-Aug-2009,6116,32847.81718,70.11,56.2275
19-Aug-2009,5947,32847.81718,72.3,56.2275
20-Aug-2009,6122,32847.81718,72.19,56.2275
21-Aug-2009,6135,32847.81718,73.18,56.2275
24-Aug-2009,6361,32847.81718,72.88,56.2275
25-Aug-2009,6285.5,32847.81718,70.05,56.2275
26-Aug-2009,6305,32847.81718,70.66,56.2275
27-Aug-2009,6261,32847.81718,71.9,56.2275
28-Aug-2009,6490.5,32847.81718,72,56.2275
31-Aug-2009,6490.5,32847.81718,68.46,56.2275
1-Sep-2009,6240.5,33545.42982,66.7,56.2275
2-Sep-2009,6080,33545.42982,66.92,56.2275
3-Sep-2009,6280,33545.42982,66.47,56.2275
4-Sep-2009,6280,33545.42982,65.94,56.2275
7-Sep-2009,6297.5,33545.42982,67.09,56.2275
8-Sep-2009,6465.5,33545.42982,69.16,56.2275
9-Sep-2009,6415.5,33545.42982,69.81,56.2275
10-Sep-2009,6305,33545.42982,69.63,56.2275
11-Sep-2009,6290,33545.42982,66.99,56.2275
14-Sep-2009,6145.5,33545.42982,66.83,56.2275
15-Sep-2009,6156,33545.42982,66.83,56.2275
16-Sep-2009,6315.5,33545.42982,71.81,56.2275
17-Sep-2009,6302,33545.42982,71.4,56.2275
18-Sep-2009,6231,33545.42982,70.55,56.2275
21-Sep-2009,6089,33545.42982,68.1,56.2275
22-Sep-2009,6295.5,33545.42982,69.93,56.2275
23-Sep-2009,6111,33545.42982,66.92,56.2275
24-Sep-2009,6089.5,33545.42982,64.65,56.2275
25-Sep-2009,5966,33545.42982,65.07,56.2275
28-Sep-2009,5896,33545.42982,65.73,56.2275
29-Sep-2009,5934.5,33545.42982,65.34,56.2275
30-Sep-2009,6136,33545.42982,69,56.2275
1-Oct-2009,6082,33928.794,68.31,56.2275
2-Oct-2009,5872,33928.794,67.57,56.2275
5-Oct-2009,5856,33928.794,68,56.2275
6-Oct-2009,6042,33928.794,68.98,56.2275
7-Oct-2009,6060.5,33928.794,67.44,56.2275
8-Oct-2009,6241.5,33928.794,69.25,56.2275
9-Oct-2009,6265.5,33928.794,70.27,56.2275
12-Oct-2009,6236,33928.794,70.87,56.2275
13-Oct-2009,6282,33928.794,72.25,56.2275
14-Oct-2009,6192,33928.794,72.92,56.2275
15-Oct-2009,6077,33928.794,74.41,56.2275
16-Oct-2009,6160.5,33928.794,76.58,56.2275
19-Oct-2009,6260,33928.794,77.09,56.2275
20-Oct-2009,6444,33928.794,76.1,56.2275
21-Oct-2009,6346,33928.794,78.79,56.2275
22-Oct-2009,6565.5,33928.794,79.12,56.2275
23-Oct-2009,6640,33928.794,77.52,56.2275
26-Oct-2009,6675.5,33928.794,76.62,56.2275
27-Oct-2009,6563,33928.794,77.91,56.2275
28-Oct-2009,6475,33928.794,75.15,56.2275
29-Oct-2009,6424.5,33928.794,77.83,56.2275
30-Oct-2009,6575,33928.794,77.68,56.2275
2-Nov-2009,6473,34413.806,75.88,56.2275
3-Nov-2009,6395.5,34413.806,77.43,56.2275
4-Nov-2009,6571,34413.806,78.05,56.2275
5-Nov-2009,6527.5,34413.806,77.42,56.2275
6-Nov-2009,6532,34413.806,75.26,56.2275
9-Nov-2009,6565,34413.806,76.83,56.2275
10-Nov-2009,6475,34413.806,76.71,56.2275
11-Nov-2009,6595.5,34413.806,77.38,56.2275
12-Nov-2009,6475,34413.806,75.41,56.2275
13-Nov-2009,6500,34413.806,75.41,56.2275
16-Nov-2009,6700.5,34413.806,75.4,56.2275
17-Nov-2009,6761,34413.806,78.14,56.2275
18-Nov-2009,6926,34413.806,79.2,56.2275
19-Nov-2009,6761,34413.806,79.47,56.2275
20-Nov-2009,6731,34413.806,77.11,56.2275
23-Nov-2009,6945.5,34413.806,77.31,56.2275
24-Nov-2009,6865,34413.806,76.24,56.2275
25-Nov-2009,6914,34413.806,78.38,56.2275
26-Nov-2009,6914,34413.806,77.22,56.2275
27-Nov-2009,6755,34413.806,76.99,56.2275
30-Nov-2009,6814.5,34413.806,78.74,56.2275
1-Dec-2009,6990,34413.806,77.79,56.2275
2-Dec-2009,7055,34413.806,76.63,56.2275
3-Dec-2009,7071,34413.806,76.43,56.2275
4-Dec-2009,7026,34413.806,76.67,56.2275
7-Dec-2009,6920.5,34413.806,76.66,56.2275
8-Dec-2009,6960.5,34413.806,75.3,56.2275
9-Dec-2009,6935,34413.806,74.46,56.2275
10-Dec-2009,6810,34413.806,70.92,56.2275
11-Dec-2009,6871,34413.806,70.33,56.2275
14-Dec-2009,6920,34413.806,74.4,56.2275
15-Dec-2009,6800.5,34413.806,70.92,56.2275
16-Dec-2009,6946,34413.806,72.4,56.2275
17-Dec-2009,6900.5,34413.806,72.96,56.2275
18-Dec-2009,6841,34413.806,73.5,56.2275
21-Dec-2009,6880,34413.806,72.5,56.2275
22-Dec-2009,6856,34413.806,72.7,56.2275
23-Dec-2009,6901,34413.806,74.99,56.2275
24-Dec-2009,7070,34413.806,75.49,56.2275
25-Dec-2009,7071,34414.806,75.49,56.2275
28-Dec-2009,7071,34414.806,76.98,56.2275
29-Dec-2009,7221,34414.806,77.32,56.2275
30-Dec-2009,7295,34414.806,78.19,56.2275
31-Dec-2009,7346,34414.806,78.24,56.2275
1-Jan-2010,7347,34415.806,78.24,56.2275
4-Jan-2010,7464,28703.40058,78.23,56.2275
5-Jan-2010,7436,28703.40058,79.94,56.2275
6-Jan-2010,7587.5,28703.40058,79.63,56.2275
7-Jan-2010,7594,28703.40058,81.05,56.2275
8-Jan-2010,7446,28703.40058,81.05,56.2275
11-Jan-2010,7685,28703.40058,79.83,56.2275
12-Jan-2010,7425,28703.40058,78.31,56.2275
13-Jan-2010,7391,28703.40058,78.08,56.2275
14-Jan-2010,7454,28703.40058,77.36,56.2275
15-Jan-2010,7405.5,28703.40058,77.1,56.2275
18-Jan-2010,7507,28703.40058,77.35,56.2275
19-Jan-2010,7442,28703.40058,77.56,56.2275
20-Jan-2010,7446,28703.40058,75.79,56.2275
21-Jan-2010,7347,28703.40058,74.39,56.2275
22-Jan-2010,7240,28703.40058,72.5,56.2275
25-Jan-2010,7409,28703.40058,73.75,56.2275
26-Jan-2010,7306,28703.40058,73.28,56.2275
27-Jan-2010,7244,28703.40058,72.34,56.2275
28-Jan-2010,7042,28703.40058,72.48,56.2275
29-Jan-2010,6854,28703.40058,71.45,56.2275
1-Feb-2010,6675,39712.85882,73.71,56.2275
2-Feb-2010,6865,39712.85882,75.84,56.2275
3-Feb-2010,6853,39712.85882,75.97,56.2275
4-Feb-2010,6571,39712.85882,71.78,56.2275
5-Feb-2010,6242,39712.85882,69.77,56.2275
8-Feb-2010,6329,39712.85882,69.68,56.2275
9-Feb-2010,6485,39712.85882,72.17,56.2275
10-Feb-2010,6610.5,39712.85882,72.81,56.2275
11-Feb-2010,6672.5,39712.85882,73.05,56.2275
12-Feb-2010,6766,39712.85882,72.97,56.2275
15-Feb-2010,6841,39712.85882,72.58,56.2275
16-Feb-2010,6940,39712.85882,75.99,56.2275
17-Feb-2010,7119.5,39712.85882,76.18,56.2275
18-Feb-2010,7086,39712.85882,76.67,56.2275
19-Feb-2010,7193,39712.85882,77.97,56.2275
22-Feb-2010,7338,39712.85882,77.84,56.2275
23-Feb-2010,7227,39712.85882,76.91,56.2275
24-Feb-2010,7032,39712.85882,77.77,56.2275
25-Feb-2010,7046,39712.85882,75.68,56.2275
26-Feb-2010,7072,39712.85882,76.84,56.2275
1-Mar-2010,7335,35185.416,77.18,56.2275
2-Mar-2010,7359,35185.416,77.83,56.2275
3-Mar-2010,7483.5,35185.416,78.73,56.2275
4-Mar-2010,7485.5,35185.416,78.5,56.2275
5-Mar-2010,7466.5,35185.416,79.8,56.2275
8-Mar-2010,7467.5,35186.416,79.8,56.2275
9-Mar-2010,7395,35185.416,79.14,56.2275
10-Mar-2010,7524,35185.416,79.86,56.2275
11-Mar-2010,7384.5,35185.416,80.17,56.2275
12-Mar-2010,7385.5,35186.416,80.17,56.2275
15-Mar-2010,7470,35185.416,78.06,56.2275
16-Mar-2010,7330,35185.416,80.59,56.2275
17-Mar-2010,7341.5,35185.416,80.4,56.2275
18-Mar-2010,7488,35185.416,79.53,56.2275
19-Mar-2010,7476,35185.416,78.01,56.2275
22-Mar-2010,7461,35185.416,79.16,56.2275
23-Mar-2010,7300.5,35185.416,78.8,56.2275
24-Mar-2010,7404.5,35185.416,77.9,56.2275
25-Mar-2010,7310.5,35185.416,78.07,56.2275
26-Mar-2010,7347,35185.416,78.29,56.2275
29-Mar-2010,7490.5,35185.416,78.28,56.2275
30-Mar-2010,7635,35185.416,80.32,56.2275
31-Mar-2010,7786,35185.416,80.06,56.2275
1-Apr-2010,7881,42284.228,83.06,56.2275
2-Apr-2010,7882,42285.228,83.06,56.2275
5-Apr-2010,7883,42286.228,83.06,56.2275
6-Apr-2010,7950.5,42284.228,83.81,56.2275
7-Apr-2010,7908,42284.228,82.86,56.2275
8-Apr-2010,7795.5,42284.228,82.7,56.2275
9-Apr-2010,7896,42284.228,82.64,56.2275
12-Apr-2010,7915,42284.228,82.32,56.2275
13-Apr-2010,7845,42284.228,81.93,56.2275
14-Apr-2010,7924.5,42284.228,83.89,56.2275
15-Apr-2010,7875,42284.228,84.22,56.2275
16-Apr-2010,7905.5,42284.228,84.25,56.2275
19-Apr-2010,7656,42284.228,83.2,56.2275
20-Apr-2010,7787,42284.228,82.84,56.2275
21-Apr-2010,7666,42284.228,84.33,56.2275
22-Apr-2010,7661,42284.228,84.65,56.2275
23-Apr-2010,7660,42284.228,86.29,56.2275
26-Apr-2010,7760,42284.228,85.57,56.2275
27-Apr-2010,7645,42284.228,84.06,56.2275
28-Apr-2010,7410.5,42284.228,85.22,56.2275
29-Apr-2010,7390,42284.228,86.52,56.2275
30-Apr-2010,7365,42284.228,86.79,56.2275
3-May-2010,7175.5,37279.786,81.44,56.2275
4-May-2010,6801,37279.786,78.72,56.2275
5-May-2010,6945,37279.786,76.1,56.2275
6-May-2010,6872,37279.786,74.98,56.2275
7-May-2010,7165.5,37279.786,77.02,56.2275
10-May-2010,6885,37279.786,76.56,56.2275
11-May-2010,7082,37279.786,77.13,56.2275
12-May-2010,7010.5,37279.786,80.55,56.2275
13-May-2010,6955.5,37279.786,77.67,56.2275
14-May-2010,6721,37279.786,75.26,56.2275
17-May-2010,6605.5,37279.786,74.01,56.2275
18-May-2010,6465.5,37279.786,73.29,56.2275
19-May-2010,6500,37279.786,68.59,56.2275
20-May-2010,6639,37279.786,71.67,56.2275
21-May-2010,6770.5,37279.786,70.57,56.2275
24-May-2010,6685,37279.786,70.5,56.2275
25-May-2010,6686,37280.786,70.5,56.2275
26-May-2010,6836,37279.786,70.83,56.2275
27-May-2010,6875.5,37279.786,74.58,56.2275
28-May-2010,6925.5,37279.786,73.76,56.2275
31-May-2010,6925.5,37279.786,74.22,56.2275
1-Jun-2010,6715,37279.786,72.14,56.2275
2-Jun-2010,6605,37279.786,75.09,56.2275
3-Jun-2010,6220.5,37279.786,76.21,56.2275
4-Jun-2010,6450,37279.786,72.11,56.2275
7-Jun-2010,6157,37279.786,72.02,56.2275
8-Jun-2010,6091,37279.786,72.91,56.2275
9-Jun-2010,6295.5,37279.786,73.85,56.2275
10-Jun-2010,6292,37279.786,75.3,56.2275
11-Jun-2010,6462,37279.786,74.94,56.2275
14-Jun-2010,6610,37279.786,74.64,56.2275
15-Jun-2010,6625,37279.786,76.52,56.2275
16-Jun-2010,6592.5,37279.786,77.05,56.2275
17-Jun-2010,6480.5,37279.786,77.26,56.2275
18-Jun-2010,6315.5,37279.786,77.05,56.2275
21-Jun-2010,6607,37279.786,77.03,56.2275
22-Jun-2010,6460,37279.786,76.37,56.2275
23-Jun-2010,6576,37279.786,74.61,56.2275
24-Jun-2010,6525.5,37279.786,75.37,56.2275
25-Jun-2010,6604.5,37279.786,77.29,56.2275
28-Jun-2010,6800,37279.786,76.39,56.2275
29-Jun-2010,6585,37279.786,73.84,56.2275
30-Jun-2010,6515,37279.786,73.42,56.2275
1-Jul-2010,6354,36023.164,71.16,56.2275
2-Jul-2010,6430.5,36023.164,70.73,56.2275
5-Jul-2010,6431.5,36024.164,70.73,56.2275
6-Jul-2010,6432.5,36025.164,70.73,56.2275
7-Jul-2010,6545,36023.164,73.54,56.2275
8-Jul-2010,6641,36023.164,74.47,56.2275
9-Jul-2010,6680.5,36023.164,74.86,56.2275
12-Jul-2010,6630.5,36023.164,73.55,56.2275
13-Jul-2010,6596,36023.164,75.55,56.2275
14-Jul-2010,6694.5,36023.164,74.95,56.2275
15-Jul-2010,6656,36023.164,74.83,56.2275
16-Jul-2010,6650,36023.164,73.85,56.2275
19-Jul-2010,6514,36023.164,74.14,56.2275
20-Jul-2010,6526,36023.164,74.68,56.2275
21-Jul-2010,6771,36023.164,73.79,56.2275
22-Jul-2010,6920,36023.164,76.35,56.2275
23-Jul-2010,6995,36023.164,75.88,56.2275
26-Jul-2010,6995.5,36023.164,75.65,56.2275
27-Jul-2010,7091.5,36023.164,74.13,56.2275
28-Jul-2010,7120,36023.164,74.42,56.2275
29-Jul-2010,7206,36023.164,76.13,56.2275
30-Jul-2010,7190,36023.164,76.58,56.2275
2-Aug-2010,7191,36024.164,76.58,56.2275
3-Aug-2010,7360,39038.40936,81.09,56.2275
4-Aug-2010,7370.5,39038.40936,80.32,56.2275
5-Aug-2010,7395,39038.40936,80.08,56.2275
6-Aug-2010,7420,39038.40936,78.99,56.2275
9-Aug-2010,7425,39038.40936,79.62,56.2275
10-Aug-2010,7225,39038.40936,78.51,56.2275
11-Aug-2010,7204,39038.40936,75.39,56.2275
12-Aug-2010,7180,39038.40936,74.29,56.2275
13-Aug-2010,7200,39038.40936,74.05,56.2275
16-Aug-2010,7205,39038.40936,73.65,56.2275
17-Aug-2010,7315.5,39038.40936,74.87,56.2275
18-Aug-2010,7353.5,39038.40936,74.62,56.2275
19-Aug-2010,7442,39038.40936,73.99,56.2275
20-Aug-2010,7205.5,39038.40936,72.81,56.2275
23-Aug-2010,7250,39038.40936,71.98,56.2275
24-Aug-2010,7171,39038.40936,70.87,56.2275
25-Aug-2010,7067,39038.40936,72.75,56.2275
26-Aug-2010,7195.5,39038.40936,73.5,56.2275
27-Aug-2010,7287,39038.40936,75.77,56.2275
30-Aug-2010,7287,39038.40936,74.72,56.2275
31-Aug-2010,7355.5,39038.40936,73.08,56.2275
1-Sep-2010,7540.5,37050.7381,75.45,56.2275
2-Sep-2010,7625.5,37050.7381,75.49,56.2275
3-Sep-2010,7631.5,37050.7381,75.38,56.2275
6-Sep-2010,7660.5,37050.7381,75.57,56.2275
7-Sep-2010,7520,37050.7381,75.96,56.2275
8-Sep-2010,7532,37050.7381,77.01,56.2275
9-Sep-2010,7532,37050.7381,75.78,56.2275
10-Sep-2010,7525,37050.7381,76.79,56.2275
13-Sep-2010,7630,37050.7381,77.28,56.2275
14-Sep-2010,7517,37050.7381,77.2,56.2275
15-Sep-2010,7595,37050.7381,77.33,56.2275
16-Sep-2010,7670,37050.7381,76.72,56.2275
17-Sep-2010,7756,37050.7381,76.31,56.2275
20-Sep-2010,7735.5,37050.7381,77.48,56.2275
21-Sep-2010,7695,37050.7381,76.45,56.2275
22-Sep-2010,7705.5,37050.7381,76.16,56.2275
23-Sep-2010,7876.5,37050.7381,76.09,56.2275
24-Sep-2010,7911,37050.7381,77.15,56.2275
27-Sep-2010,7922,37050.7381,76.13,56.2275
28-Sep-2010,7866,37050.7381,76.46,56.2275
29-Sep-2010,8016.5,37050.7381,78.58,56.2275
30-Sep-2010,8053.5,37050.7381,79.81,56.2275
1-Oct-2010,8115,35163.6875,81.04,56.2275
4-Oct-2010,8085.5,35163.6875,80.31,56.2275
5-Oct-2010,8125,35163.6875,81.7,56.2275
6-Oct-2010,8215.5,35163.6875,82.29,56.2275
7-Oct-2010,8262,35163.6875,80.14,56.2275
8-Oct-2010,8104.5,35163.6875,81.41,56.2275
11-Oct-2010,8335.5,35163.6875,80.53,56.2275
12-Oct-2010,8266,35163.6875,80.72,56.2275
13-Oct-2010,8400,35163.6875,82.18,56.2275
14-Oct-2010,8412,35163.6875,81.34,56.2275
15-Oct-2010,8362.5,35163.6875,80.37,56.2275
18-Oct-2010,8340.5,35163.6875,82.1,56.2275
19-Oct-2010,8295,35163.6875,78.74,56.2275
20-Oct-2010,8250,35163.6875,81.27,56.2275
21-Oct-2010,8406,35163.6875,80.36,56.2275
22-Oct-2010,8309.5,35163.6875,81.57,56.2275
25-Oct-2010,8310.5,35164.6875,81.57,56.2275
26-Oct-2010,8466,35163.6875,81.79,56.2275
27-Oct-2010,8332,35163.6875,81.55,56.2275
28-Oct-2010,8332,35163.6875,81.79,56.2275
29-Oct-2010,8225,35163.6875,81.33,56.2275
1-Nov-2010,8339,28439.34,82.59,56.2275
2-Nov-2010,8396,28439.34,83.52,56.2275
3-Nov-2010,8400.5,28439.34,84.35,56.2275
4-Nov-2010,8521.5,28439.34,85.99,56.2275
5-Nov-2010,8700,28439.34,86.35,56.2275
8-Nov-2010,8672,28439.34,85.85,56.2275
9-Nov-2010,8844.5,28439.34,85.73,56.2275
10-Nov-2010,8729,28439.34,86.53,56.2275
11-Nov-2010,8925,28439.34,86.13,56.2275
12-Nov-2010,8715,28439.34,83.51,56.2275
15-Nov-2010,8590,28439.34,83.78,56.2275
16-Nov-2010,8483.5,28439.34,82.19,56.2275
17-Nov-2010,8145,28439.34,80.66,56.2275
18-Nov-2010,8386,28439.34,82.82,56.2275
19-Nov-2010,8409,28439.34,81.33,56.2275
22-Nov-2010,8405.5,28439.34,80.93,56.2275
23-Nov-2010,8149,28439.34,80.13,56.2275
24-Nov-2010,8254.5,28439.34,83.51,56.2275
25-Nov-2010,8290,28439.34,83.16,56.2275
26-Nov-2010,8288,28439.34,82.87,56.2275
29-Nov-2010,8319.5,28439.34,84.81,56.2275
30-Nov-2010,8375,28439.34,82.77,56.2275
1-Dec-2010,8540,28439.34,86.02,56.2275
2-Dec-2010,8711.5,28439.34,87.52,56.2275
3-Dec-2010,8754,28439.34,88.16,56.2275
6-Dec-2010,8780,28439.34,87.58,56.2275
7-Dec-2010,9024,28439.34,87.91,56.2275
8-Dec-2010,8882,28439.34,87.95,56.2275
9-Dec-2010,9041.5,28439.34,88.23,56.2275
10-Dec-2010,9116,28439.34,87.45,56.2275
13-Dec-2010,9211,28439.34,87.88,56.2275
14-Dec-2010,9260,28439.34,88.27,56.2275
15-Dec-2010,9101,28439.34,88.96,56.2275
16-Dec-2010,9050,28439.34,88.8,56.2275
17-Dec-2010,9101.5,28439.34,88.85,56.2275
20-Dec-2010,9250,28439.34,89.95,56.2275
21-Dec-2010,9410,28439.34,90.54,56.2275
22-Dec-2010,9414.5,28439.34,90.6,56.2275
23-Dec-2010,9270,28439.34,90.9,56.2275
24-Dec-2010,9391,28439.34,90.04,56.2275
27-Dec-2010,9391,28439.34,90.32,56.2275
28-Dec-2010,9391,28439.34,90.71,56.2275
29-Dec-2010,9465,28439.34,90.71,56.2275
30-Dec-2010,9580,28439.34,90.71,56.2275
31-Dec-2010,9739.5,28439.34,90.71,56.2275
3-Jan-2011,9739.5,38271.99211,91.1,56.2275
4-Jan-2011,9754,38271.99211,90.11,56.2275
5-Jan-2011,9461,38271.99211,92.27,56.2275
6-Jan-2011,9591,38271.99211,90.5,56.2275
7-Jan-2011,9399,38271.99211,90.1,56.2275
10-Jan-2011,9384,38271.99211,92.37,56.2275
11-Jan-2011,9484,38271.99211,94.01,56.2275
12-Jan-2011,9625,38271.99211,94.2,56.2275
13-Jan-2011,9622,38271.99211,93.1,56.2275
14-Jan-2011,9591,38271.99211,94.05,56.2275
17-Jan-2011,9690,38271.99211,93.44,56.2275
18-Jan-2011,9740,38271.99211,93.45,56.2275
19-Jan-2011,9788,38271.99211,93.86,56.2275
20-Jan-2011,9485,38271.99211,92.28,56.2275
21-Jan-2011,9485,38271.99211,93.62,56.2275
24-Jan-2011,9509,38271.99211,92.23,56.2275
25-Jan-2011,9330,38271.99211,91.32,56.2275
26-Jan-2011,9376,38271.99211,91.32,56.2275
27-Jan-2011,9490,38271.99211,91.32,56.2275
28-Jan-2011,9590,38271.99211,91.32,56.2275
31-Jan-2011,9720,38271.99211,91.32,56.2275
1-Feb-2011,9840.5,39375.65067,97.49,56.2275
2-Feb-2011,9945,39375.65067,98.31,56.2275
3-Feb-2011,9950.5,39375.65067,97.81,56.2275
4-Feb-2011,9986,39375.65067,95.98,56.2275
7-Feb-2011,10145,39375.65067,96.23,56.2275
8-Feb-2011,9930.5,39375.65067,97.39,56.2275
9-Feb-2011,10000,39375.65067,99.14,56.2275
10-Feb-2011,9875.5,39375.65067,98.75,56.2275
11-Feb-2011,9920.5,39375.65067,97.19,56.2275
14-Feb-2011,10148,39375.65067,97.18,56.2275
15-Feb-2011,10106.5,39375.65067,99.39,56.2275
16-Feb-2011,9925,39375.65067,97.5,56.2275
17-Feb-2011,9800,39375.65067,99.89,56.2275
18-Feb-2011,9806,39375.65067,98.87,56.2275
21-Feb-2011,9829.5,39375.65067,99.95,56.2275
22-Feb-2011,9655,39375.65067,104.25,56.2275
23-Feb-2011,9491,39375.65067,107.31,56.2275
24-Feb-2011,9440,39375.65067,104.2,56.2275
25-Feb-2011,9700,39375.65067,105.95,56.2275
28-Feb-2011,9857.5,39375.65067,106.26,56.2275
1-Mar-2011,9908,39375.65067,105.23,56.2275
2-Mar-2011,9820.5,39375.65067,105.23,56.2275
3-Mar-2011,9889.5,39375.65067,105.23,56.2275
4-Mar-2011,9970.5,39375.65067,109.95,56.2275
7-Mar-2011,9840.5,39375.65067,108.28,56.2275
8-Mar-2011,9420,39375.65067,107.15,56.2275
9-Mar-2011,9610,39375.65067,110.72,56.2275
10-Mar-2011,9195.5,39375.65067,109.42,56.2275
11-Mar-2011,9048,39375.65067,107.74,56.2275
14-Mar-2011,9205.5,39375.65067,107.19,56.2275
15-Mar-2011,8980,39375.65067,102.57,56.2275
16-Mar-2011,9354.5,39375.65067,104.47,56.2275
17-Mar-2011,9440,39375.65067,110.49,56.2275
18-Mar-2011,9525,39375.65067,107.2,56.2275
21-Mar-2011,9519,39375.65067,108.39,56.2275
22-Mar-2011,9450,39375.65067,109.35,56.2275
23-Mar-2011,9704,39375.65067,108.92,56.2275
24-Mar-2011,9695.5,39375.65067,109.29,56.2275
25-Mar-2011,9715,39375.65067,109.1,56.2275
28-Mar-2011,9545,39375.65067,108.79,56.2275
29-Mar-2011,9450,39375.65067,108.23,56.2275
30-Mar-2011,9519.5,39375.65067,108.45,56.2275
31-Mar-2011,9399.5,39375.65067,110.92,56.2275
1-Apr-2011,9336,30709.08138,111.78,56.2275
4-Apr-2011,9420,30709.08138,113.39,56.2275
5-Apr-2011,9251.5,30709.08138,114.17,56.2275
6-Apr-2011,9475.5,30709.08138,114.3,56.2275
7-Apr-2011,9697,30709.08138,115.37,56.2275
8-Apr-2011,9823,30709.08138,118.8,56.2275
11-Apr-2011,9781.5,30709.08138,113.87,56.2275
12-Apr-2011,9670.5,30709.08138,113.03,56.2275
13-Apr-2011,9625.5,30709.08138,115.11,56.2275
14-Apr-2011,9326.5,30709.08138,114.75,56.2275
15-Apr-2011,9420,30709.08138,116.08,56.2275
18-Apr-2011,9356.5,30709.08138,113.85,56.2275
19-Apr-2011,9279,30709.08138,114.6,56.2275
20-Apr-2011,9450.5,30709.08138,117.33,56.2275
21-Apr-2011,9611,30709.08138,116.41,56.2275
22-Apr-2011,9612,30710.08138,116.41,56.2275
25-Apr-2011,9613,30711.08138,116.41,56.2275
26-Apr-2011,9455.5,30709.08138,116.93,56.2275
27-Apr-2011,9348.5,30709.08138,118.46,56.2275
28-Apr-2011,9370.5,30709.08138,117.89,56.2275
29-Apr-2011,9370.5,30709.08138,119.15,56.2275
2-May-2011,9370.5,30709.08138,119.15,56.2275
3-May-2011,9245,30709.08138,114.66,56.2275
4-May-2011,9171.5,30709.08138,113.18,56.2275
5-May-2011,8791,30709.08138,105.25,56.2275
6-May-2011,8790,30709.08138,102.56,56.2275
9-May-2011,8908,30709.08138,106.23,56.2275
10-May-2011,8935.5,30709.08138,110.05,56.2275
11-May-2011,8750.5,30709.08138,106.45,56.2275
12-May-2011,8536.5,30709.08138,105.43,56.2275
13-May-2011,8857,30709.08138,106.73,56.2275
16-May-2011,8710,30709.08138,103.81,56.2275
17-May-2011,8863,30709.08138,104.26,56.2275
18-May-2011,8896.5,30709.08138,106.37,56.2275
19-May-2011,9006.5,30709.08138,105.9,56.2275
20-May-2011,8982.5,30709.08138,106.24,56.2275
23-May-2011,8982.5,30709.08138,106.24,56.2275
24-May-2011,8982.5,30709.08138,106.24,56.2275
25-May-2011,8982.5,30709.08138,106.24,56.2275
26-May-2011,8982.5,30709.08138,106.24,56.2275
27-May-2011,8982.5,30709.08138,106.24,56.2275
30-May-2011,8982.5,30709.08138,106.24,56.2275
31-May-2011,8982.5,30709.08138,106.24,56.2275
1-Jun-2011,9171,33288.98105,107.67,56.2275
2-Jun-2011,9037.5,33288.98105,109.67,56.2275
3-Jun-2011,9016,33288.98105,109.12,56.2275
6-Jun-2011,9098,33288.98105,107.18,56.2275
7-Jun-2011,9092,33288.98105,109.58,56.2275
8-Jun-2011,8970.5,33288.98105,111.4,56.2275
9-Jun-2011,8950.5,33288.98105,112.3,56.2275
10-Jun-2011,9000.5,33288.98105,111.01,56.2275
13-Jun-2011,8895,33288.98105,111.22,56.2275
14-Jun-2011,9010,33288.98105,112.14,56.2275
15-Jun-2011,9147,33288.98105,106.55,56.2275
16-Jun-2011,9011.5,33288.98105,107.28,56.2275
17-Jun-2011,9101.5,33288.98105,106.85,56.2275
20-Jun-2011,8935,33288.98105,105.83,56.2275
21-Jun-2011,9060,33288.98105,104.46,56.2275
22-Jun-2011,9007,33288.98105,106.74,56.2275
23-Jun-2011,8978.5,33288.98105,102.11,56.2275
24-Jun-2011,9045,33288.98105,101.09,56.2275
27-Jun-2011,9000.5,33288.98105,103.33,56.2275
28-Jun-2011,8995.5,33288.98105,104.39,56.2275
29-Jun-2011,9176,33288.98105,104.39,56.2275
30-Jun-2011,9301,33288.98105,104.39,56.2275
1-Jul-2011,9405,29383.62232,106.63,56.2275
4-Jul-2011,9411,29383.62232,105.88,56.2275
5-Jul-2011,9405.5,29383.62232,107.86,56.2275
6-Jul-2011,9432,29383.62232,109.05,56.2275
7-Jul-2011,9537,29383.62232,113.1,56.2275
8-Jul-2011,9713,29383.62232,112.41,56.2275
11-Jul-2011,9556,29383.62232,110.67,56.2275
12-Jul-2011,9500.5,29383.62232,111.51,56.2275
13-Jul-2011,9658.5,29383.62232,111.73,56.2275
14-Jul-2011,9655,29383.62232,111.87,56.2275
15-Jul-2011,9606,29383.62232,112.42,56.2275
18-Jul-2011,9690,29383.62232,111.21,56.2275
19-Jul-2011,9755,29383.62232,111.77,56.2275
20-Jul-2011,9765.5,29383.62232,112.67,56.2275
21-Jul-2011,9607,29383.62232,112.84,56.2275
22-Jul-2011,9698,29383.62232,113.45,56.2275
25-Jul-2011,9620,29383.62232,112.7,56.2275
26-Jul-2011,9778,29383.62232,112.82,56.2275
27-Jul-2011,9736,29383.62232,111.46,56.2275
28-Jul-2011,9744,29383.62232,111.45,56.2275
29-Jul-2011,9731,29383.62232,111.45,56.2275
1-Aug-2011,9827,32577.85416,111.38,56.2275
2-Aug-2011,9630,32577.85416,110.24,56.2275
3-Aug-2011,9549.5,32577.85416,107.87,56.2275
4-Aug-2011,9452,32577.85416,101.82,56.2275
5-Aug-2011,9190,32577.85416,104.69,56.2275
8-Aug-2011,9039,32577.85416,93.96,56.2275
9-Aug-2011,8851,32577.85416,100.15,56.2275
10-Aug-2011,8853.5,32577.85416,101.73,56.2275
11-Aug-2011,8802,32577.85416,102.32,56.2275
12-Aug-2011,8851,32577.85416,102.79,56.2275
15-Aug-2011,8824,32577.85416,104.21,56.2275
16-Aug-2011,8760,32577.85416,104.49,56.2275
17-Aug-2011,8870,32577.85416,105.33,56.2275
18-Aug-2011,8803,32577.85416,100.96,56.2275
19-Aug-2011,8781.5,32577.85416,103.97,56.2275
22-Aug-2011,8811.5,32577.85416,104.31,56.2275
23-Aug-2011,8858.5,32577.85416,105.01,56.2275
24-Aug-2011,8832,32577.85416,105.64,56.2275
25-Aug-2011,8907.5,32577.85416,106.08,56.2275
26-Aug-2011,9090.5,32577.85416,106.77,56.2275
29-Aug-2011,9090.5,32577.85416,107.57,56.2275
30-Aug-2011,9128,32577.85416,108.97,56.2275
31-Aug-2011,9197,32577.85416,110.03,56.2275
1-Sep-2011,9101,30163.31268,108.48,56.2275
2-Sep-2011,9050.5,30163.31268,107.04,56.2275
5-Sep-2011,8935,30163.31268,104.77,56.2275
6-Sep-2011,8919.5,30163.31268,107.51,56.2275
7-Sep-2011,8970.5,30163.31268,110.57,56.2275
8-Sep-2011,9041,30163.31268,109.25,56.2275
9-Sep-2011,8904.5,30163.31268,106.61,56.2275
12-Sep-2011,8645.5,30163.31268,105.96,56.2275
13-Sep-2011,8757.5,30163.31268,103.9,56.2275
14-Sep-2011,8719.5,30163.31268,105.82,56.2275
15-Sep-2011,8709.5,30163.31268,105.35,56.2275
16-Sep-2011,8781.5,30163.31268,107.05,56.2275
19-Sep-2011,8415,30163.31268,104.01,56.2275
20-Sep-2011,8397.5,30163.31268,105.46,56.2275
21-Sep-2011,8221,30163.31268,104.16,56.2275
22-Sep-2011,7790.5,30163.31268,100.95,56.2275
23-Sep-2011,7290,30163.31268,99.29,56.2275
26-Sep-2011,7226,30163.31268,101.16,56.2275
27-Sep-2011,7528,30163.31268,101.73,56.2275
28-Sep-2011,7416,30163.31268,98.79,56.2275
29-Sep-2011,6975.5,30163.31268,100.04,56.2275
30-Sep-2011,7131.5,30163.31268,97.14,56.2275
3-Oct-2011,6795,31160.31468,95.23,56.2275
4-Oct-2011,6785,31160.31468,96.32,56.2275
5-Oct-2011,6860.5,31160.31468,96.86,56.2275
6-Oct-2011,7095.5,31160.31468,99.94,56.2275
7-Oct-2011,7250,31160.31468,100.34,56.2275
10-Oct-2011,7314,31160.31468,102.38,56.2275
11-Oct-2011,7215.5,31160.31468,101.09,56.2275
12-Oct-2011,7419,31160.31468,100.66,56.2275
13-Oct-2011,7328,31160.31468,101.51,56.2275
14-Oct-2011,7500.5,31160.31468,105.5,56.2275
17-Oct-2011,7566,31160.31468,104.26,56.2275
18-Oct-2011,7271,31160.31468,105.81,56.2275
19-Oct-2011,7305.5,31160.31468,102.94,56.2275
20-Oct-2011,6916.5,31160.31468,105.36,56.2275
21-Oct-2011,7062,31160.31468,104.16,56.2275
24-Oct-2011,7380.5,31160.31468,106.16,56.2275
25-Oct-2011,7590.5,31160.31468,105.25,56.2275
26-Oct-2011,7720.5,31160.31468,104.84,56.2275
27-Oct-2011,8040,31160.31468,106.45,56.2275
28-Oct-2011,7981.5,31160.31468,105.1,56.2275
31-Oct-2011,7900.5,31160.31468,103.64,56.2275
1-Nov-2011,7660,22038.64657,103.82,56.2275
2-Nov-2011,7912,22038.64657,102.12,56.2275
3-Nov-2011,7845,22038.64657,104.74,56.2275
4-Nov-2011,7930,22038.64657,106.24,56.2275
7-Nov-2011,7775.5,22038.64657,108.53,56.2275
8-Nov-2011,7820.5,22038.64657,109.17,56.2275
9-Nov-2011,7672,22038.64657,105.92,56.2275
10-Nov-2011,7456,22038.64657,107.92,56.2275
11-Nov-2011,7451,22038.64657,108.36,56.2275
14-Nov-2011,7731.5,22038.64657,106.31,56.2275
15-Nov-2011,7732,22038.64657,108.45,56.2275
16-Nov-2011,7592,22038.64657,107.4,56.2275
17-Nov-2011,7501.5,22038.64657,104.26,56.2275
18-Nov-2011,7582.5,22038.64657,104.32,56.2275
21-Nov-2011,7301,22038.64657,104.09,56.2275
22-Nov-2011,7398,22038.64657,104.58,56.2275
23-Nov-2011,7176,22038.64657,103.58,56.2275
24-Nov-2011,7271.5,22038.64657,103.92,56.2275
25-Nov-2011,7196.5,22038.64657,103.04,56.2275
28-Nov-2011,7381,22038.64657,104.32,56.2275
29-Nov-2011,7448,22038.64657,106.28,56.2275
30-Nov-2011,7405.5,22038.64657,106.68,56.2275
1-Dec-2011,7801,22071.39981,104.88,56.2275
2-Dec-2011,7890,22071.39981,106.49,56.2275
5-Dec-2011,7845,22071.39981,105.5,56.2275
6-Dec-2011,7766,22071.39981,107.42,56.2275
7-Dec-2011,7809,22071.39981,105.49,56.2275
8-Dec-2011,7800.5,22071.39981,104.41,56.2275
9-Dec-2011,7800.5,22071.39981,105.3,56.2275
12-Dec-2011,7611.5,22071.39981,103.93,56.2275
13-Dec-2011,7586,22071.39981,105.69,56.2275
14-Dec-2011,7350,22071.39981,101.58,56.2275
15-Dec-2011,7264,22071.39981,100.36,56.2275
16-Dec-2011,7340,22071.39981,99.7,56.2275
19-Dec-2011,7286.5,22071.39981,100.28,56.2275
20-Dec-2011,7275,22071.39981,103.49,56.2275
21-Dec-2011,7415.5,22071.39981,103.52,56.2275
22-Dec-2011,7492.5,22071.39981,103.73,56.2275
23-Dec-2011,7590,22071.39981,103.58,56.2275
26-Dec-2011,7590,22071.39981,103.58,56.2275
27-Dec-2011,7590,22071.39981,105.29,56.2275
28-Dec-2011,7502,22071.39981,103.53,56.2275
29-Dec-2011,7372,22071.39981,104.38,56.2275
30-Dec-2011,7554,22071.39981,103.37,56.2275
2-Jan-2012,7554,22071.39981,103.37,56.2275
3-Jan-2012,7661,23459.62309,107.64,56.2275
4-Jan-2012,7652,23459.62309,108.87,56.2275
5-Jan-2012,7471,23459.62309,108.07,56.2275
6-Jan-2012,7515,23459.62309,108.94,56.2275
9-Jan-2012,7503,23459.62309,108.59,56.2275
10-Jan-2012,7641,23459.62309,109.23,56.2275
11-Jan-2012,7689.5,23459.62309,108.9,56.2275
12-Jan-2012,7946,23459.62309,108.14,56.2275
13-Jan-2012,7965.5,23459.62309,106.99,56.2275
16-Jan-2012,8021,23459.62309,108.3,56.2275
17-Jan-2012,8185,23459.62309,108.75,56.2275
18-Jan-2012,8156,23459.62309,108.49,56.2275
19-Jan-2012,8350.5,23459.62309,108.44,56.2275
20-Jan-2012,8230.5,23459.62309,107.04,56.2275
23-Jan-2012,8333,23459.62309,107.49,56.2275
24-Jan-2012,8267,23459.62309,107.2,56.2275
25-Jan-2012,8271,23459.62309,107.45,56.2275
26-Jan-2012,8560,23459.62309,108.6,56.2275
27-Jan-2012,8610,23459.62309,108.96,56.2275
30-Jan-2012,8399,23459.62309,108.66,56.2275
31-Jan-2012,8485.5,23459.62309,107.86,56.2275
1-Feb-2012,8351.5,24565.71904,108.31,56.2275
2-Feb-2012,8339,24565.71904,108.79,56.2275
3-Feb-2012,8320,24565.71904,111.46,56.2275
6-Feb-2012,8463,24565.71904,113.02,56.2275
7-Feb-2012,8335.5,24565.71904,113.25,56.2275
8-Feb-2012,8586,24565.71904,113.91,56.2275
9-Feb-2012,8520.5,24565.71904,114.42,56.2275
10-Feb-2012,8591,24565.71904,113.59,56.2275
13-Feb-2012,8512,24565.71904,113.89,56.2275
14-Feb-2012,8405,24565.71904,115.77,56.2275
15-Feb-2012,8395.5,24565.71904,115.6,56.2275
16-Feb-2012,8209.5,24565.71904,116.46,56.2275
17-Feb-2012,8370,24565.71904,115.29,56.2275
20-Feb-2012,8234,24565.71904,116.26,56.2275
21-Feb-2012,8325,24565.71904,117.82,56.2275
22-Feb-2012,8391,24565.71904,118.58,56.2275
23-Feb-2012,8408,24565.71904,119.97,56.2275
24-Feb-2012,8441,24565.71904,121.58,56.2275
27-Feb-2012,8436,24565.71904,119.81,56.2275
28-Feb-2012,8658,24565.71904,118.33,56.2275
29-Feb-2012,8585,24565.71904,118.58,56.2275
1-Mar-2012,8570,24662.72555,120.88,56.2275
2-Mar-2012,8575,24662.72555,117.97,56.2275
5-Mar-2012,8502,24662.72555,118.67,56.2275
6-Mar-2012,8335.5,24662.72555,117.76,56.2275
7-Mar-2012,8261,24662.72555,119.59,56.2275
8-Mar-2012,8261,24662.72555,119.59,56.2275
9-Mar-2012,8390.5,24662.72555,121.55,56.2275
12-Mar-2012,8401.5,24662.72555,121.15,56.2275
13-Mar-2012,8530,24662.72555,121.52,56.2275
14-Mar-2012,8468,24662.72555,120.64,56.2275
15-Mar-2012,8490.5,24662.72555,120.49,56.2275
16-Mar-2012,8620.5,24662.72555,122.07,56.2275
19-Mar-2012,8575,24662.72555,121.1,56.2275
20-Mar-2012,8437,24662.72555,121.42,56.2275
21-Mar-2012,8470.5,24662.72555,120.23,56.2275
22-Mar-2012,8320,24662.72555,119.46,56.2275
23-Mar-2012,8400.5,24662.72555,121.29,56.2275
26-Mar-2012,8485,24662.72555,121.53,56.2275
27-Mar-2012,8512,24662.72555,120.87,56.2275
28-Mar-2012,8480.5,24662.72555,119.98,56.2275
29-Mar-2012,8360,24662.72555,118.93,56.2275
30-Mar-2012,8480,24662.72555,118.75,56.2275
2-Apr-2012,8480,24090.13628,120.56,56.2275
3-Apr-2012,8575.5,24090.13628,119.99,56.2275
4-Apr-2012,8451.5,24090.13628,118.56,56.2275
5-Apr-2012,8365.5,24090.13628,119.19,56.2275
6-Apr-2012,8365.5,24090.13628,119.19,56.2275
9-Apr-2012,8365.5,24090.13628,118.33,56.2275
10-Apr-2012,8256,24090.13628,115.53,56.2275
11-Apr-2012,8115,24090.13628,115.85,56.2275
12-Apr-2012,8185,24090.13628,117.53,56.2275
13-Apr-2012,8165.5,24090.13628,117.66,56.2275
16-Apr-2012,8054,24090.13628,114.6,56.2275
17-Apr-2012,8100.5,24090.13628,114.67,56.2275
18-Apr-2012,8085,24090.13628,114.51,56.2275
19-Apr-2012,8045.5,24090.13628,114.23,56.2275
20-Apr-2012,8120.5,24090.13628,115.43,56.2275
23-Apr-2012,8125,24090.13628,114.93,56.2275
24-Apr-2012,8194,24090.13628,114.42,56.2275
25-Apr-2012,8285.5,24090.13628,115.18,56.2275
26-Apr-2012,8356,24090.13628,115.51,56.2275
27-Apr-2012,8443.5,24090.13628,115.92,56.2275
30-Apr-2012,8529.5,24090.13628,115.15,56.2275
1-May-2012,8529.5,24090.13628,115.15,56.2275
2-May-2012,8401,24376.43092,114.05,56.2275
3-May-2012,8318,24376.43092,112.29,56.2275
4-May-2012,8296,24376.43092,109.32,56.2275
7-May-2012,8296,24376.43092,109.08,56.2275
8-May-2012,8234,24376.43092,108.98,56.2275
9-May-2012,8089,24376.43092,109,56.2275
10-May-2012,8195.5,24376.43092,107.39,56.2275
11-May-2012,8080,24376.43092,108.19,56.2275
14-May-2012,7980,24376.43092,106.91,56.2275
15-May-2012,7854,24376.43092,106.89,56.2275
16-May-2012,7710,24376.43092,108.7,56.2275
17-May-2012,7708,24376.43092,103.9,56.2275
18-May-2012,7795.5,24376.43092,103.63,56.2275
21-May-2012,7800.5,24376.43092,105.09,56.2275
22-May-2012,7775,24376.43092,104.37,56.2275
23-May-2012,7630.5,24376.43092,102.55,56.2275
24-May-2012,7660.5,24376.43092,102.99,56.2275
25-May-2012,7660.5,24376.43092,102.99,56.2275
28-May-2012,7740,24376.43092,103.62,56.2275
29-May-2012,7685.5,24376.43092,103.26,56.2275
30-May-2012,7545,24376.43092,103.26,56.2275
31-May-2012,7517,24376.43092,103.26,56.2275
1-Jun-2012,7364,27824.26142,95,56.2275
4-Jun-2012,7364,27824.26142,96.44,56.2275
5-Jun-2012,7364,27824.26142,95.81,56.2275
6-Jun-2012,7459.5,27824.26142,97.25,56.2275
7-Jun-2012,7480.5,27824.26142,94.16,56.2275
8-Jun-2012,7251.5,27824.26142,95.98,56.2275
11-Jun-2012,7396,27824.26142,93.78,56.2275
12-Jun-2012,7384,27824.26142,93.71,56.2275
13-Jun-2012,7397.5,27824.26142,94.32,56.2275
14-Jun-2012,7376.5,27824.26142,94.52,56.2275
15-Jun-2012,7521,27824.26142,94.7,56.2275
18-Jun-2012,7475.5,27824.26142,93.25,56.2275
19-Jun-2012,7505.5,27824.26142,93.26,56.2275
20-Jun-2012,7555.5,27824.26142,89.64,56.2275
21-Jun-2012,7426,27824.26142,88.1,56.2275
22-Jun-2012,7320,27824.26142,89.62,56.2275
25-Jun-2012,7342.5,27824.26142,89.45,56.2275
26-Jun-2012,7347,27824.26142,91.5,56.2275
27-Jun-2012,7354,27824.26142,91.55,56.2275
28-Jun-2012,7421,27824.26142,90.01,56.2275
29-Jun-2012,7604.5,27824.26142,95.78,56.2275
2-Jul-2012,7605.5,27825.26142,95.78,56.2275
3-Jul-2012,7606.5,27826.26142,95.78,56.2275
4-Jul-2012,7695.5,22881.68172,96.77,56.2275
5-Jul-2012,7761.5,22881.68172,96.87,56.2275
6-Jul-2012,7600,22881.68172,95.14,56.2275
9-Jul-2012,7520.5,22881.68172,96.16,56.2275
10-Jul-2012,7556,22881.68172,95.38,56.2275
11-Jul-2012,7525.5,22881.68172,97.04,56.2275
12-Jul-2012,7510,22881.68172,97.3,56.2275
13-Jul-2012,7689.5,22881.68172,98.18,56.2275
16-Jul-2012,7636,22881.68172,100.86,56.2275
17-Jul-2012,7671,22881.68172,100.14,56.2275
18-Jul-2012,7596,22881.68172,102.02,56.2275
19-Jul-2012,7765,22881.68172,103.76,56.2275
20-Jul-2012,7625,22881.68172,102.91,56.2275
23-Jul-2012,7387,22881.68172,99.51,56.2275
24-Jul-2012,7396,22881.68172,99.33,56.2275
25-Jul-2012,7441,22881.68172,100.37,56.2275
26-Jul-2012,7510.5,22881.68172,101.7,56.2275
27-Jul-2012,7555,22881.68172,102.31,56.2275
30-Jul-2012,7520,22881.68172,102.26,56.2275
31-Jul-2012,7581,22881.68172,100.5,56.2275
1-Aug-2012,7500,22589.41183,101.35,56.2275
2-Aug-2012,7386.5,22589.41183,101.22,56.2275
3-Aug-2012,7327,22589.41183,103.87,56.2275
6-Aug-2012,7327,22589.41183,103.87,56.2275
7-Aug-2012,7567,22589.41183,106.23,56.2275
8-Aug-2012,7525.5,22589.41183,106.82,56.2275
9-Aug-2012,7495.5,22589.41183,107.8,56.2275
10-Aug-2012,7430.5,22589.41183,107.7,56.2275
13-Aug-2012,7426.5,22589.41183,107.86,56.2275
14-Aug-2012,7407,22589.41183,108.14,56.2275
15-Aug-2012,7386,22589.41183,110.72,56.2275
16-Aug-2012,7386,22589.41183,112.68,56.2275
17-Aug-2012,7496,22589.41183,109.82,56.2275
20-Aug-2012,7433,22589.41183,109.8,56.2275
21-Aug-2012,7510,22589.41183,110.62,56.2275
22-Aug-2012,7571.5,22589.41183,111.83,56.2275
23-Aug-2012,7667.5,22589.41183,110.62,56.2275
24-Aug-2012,7600.5,22589.41183,109.57,56.2275
27-Aug-2012,7600.5,22589.41183,108.27,56.2275
28-Aug-2012,7606,22589.41183,108.84,56.2275
29-Aug-2012,7524.5,22589.41183,108.77,56.2275
30-Aug-2012,7611,22589.41183,109.21,56.2275
31-Aug-2012,7576.5,22589.41183,111.34,56.2275
3-Sep-2012,7649.5,22589.41183,112.21,56.2275
4-Sep-2012,7640.5,22589.41183,110.18,56.2275
5-Sep-2012,7606.5,22589.41183,110.1,56.2275
6-Sep-2012,7670.5,22589.41183,109.42,56.2275
7-Sep-2012,7844,28936.8887,110.79,56.2275
10-Sep-2012,8032,28936.8887,111.05,56.2275
11-Sep-2012,8080,28936.8887,111.74,56.2275
12-Sep-2012,8100.5,28936.8887,112.06,56.2275
13-Sep-2012,8055.5,28936.8887,114.66,56.2275
14-Sep-2012,8400.5,28936.8887,113,56.2275
17-Sep-2012,8293,28936.8887,110.66,56.2275
18-Sep-2012,8224,28936.8887,108.59,56.2275
19-Sep-2012,8323,28936.8887,104.32,56.2275
20-Sep-2012,8202,28936.8887,107.24,56.2275
21-Sep-2012,8282,28936.8887,107.84,56.2275
24-Sep-2012,8155.5,28936.8887,106.67,56.2275
25-Sep-2012,8235.5,28936.8887,106.95,56.2275
26-Sep-2012,8130.5,28936.8887,106.84,56.2275
27-Sep-2012,8175,28936.8887,109.03,56.2275
28-Sep-2012,8267.5,28936.8887,108.66,56.2275
1-Oct-2012,8340,28936.8887,107.91,56.2275
2-Oct-2012,8276,28936.8887,107.25,56.2275
3-Oct-2012,8325,28936.8887,104.21,56.2275
4-Oct-2012,8299,28936.8887,108.22,56.2275
5-Oct-2012,8133,23789.95149,107.53,56.2275
8-Oct-2012,8183,23789.95149,108.15,56.2275
9-Oct-2012,8124.5,23789.95149,109.25,56.2275
10-Oct-2012,8212,23789.95149,109.37,56.2275
11-Oct-2012,8179,23789.95149,110.94,56.2275
12-Oct-2012,8130,23789.95149,109.76,56.2275
15-Oct-2012,8141.5,23789.95149,110.92,56.2275
16-Oct-2012,8112.5,23789.95149,111.47,56.2275
17-Oct-2012,8210,23789.95149,109.57,56.2275
18-Oct-2012,8121,23789.95149,108.75,56.2275
19-Oct-2012,7983.5,23789.95149,106.54,56.2275
22-Oct-2012,7861,23789.95149,106.41,56.2275
23-Oct-2012,7860.5,23789.95149,105.23,56.2275
24-Oct-2012,7860.5,23789.95149,105.23,56.2275
25-Oct-2012,7852,23789.95149,104.72,56.2275
26-Oct-2012,7765,23789.95149,104.9,56.2275
29-Oct-2012,7720,23789.95149,106.06,56.2275
30-Oct-2012,7760,23789.95149,105.74,56.2275
31-Oct-2012,7819,23789.95149,105.25,56.2275
1-Nov-2012,7811,26389.19434,103.93,56.2275
2-Nov-2012,7765.5,26389.19434,101.86,56.2275
5-Nov-2012,7604,26389.19434,103.95,56.2275
6-Nov-2012,7661,26389.19434,106.37,56.2275
7-Nov-2012,7654.5,26389.19434,102.79,56.2275
8-Nov-2012,7605.5,26389.19434,103.23,56.2275
9-Nov-2012,7540.5,26389.19434,105.1,56.2275
12-Nov-2012,7626.5,26389.19434,103.97,56.2275
13-Nov-2012,7606.5,26389.19434,103.53,56.2275
14-Nov-2012,7635,26389.19434,105.19,56.2275
15-Nov-2012,7605,26389.19434,107.66,56.2275
16-Nov-2012,7573,26389.19434,105.32,56.2275
19-Nov-2012,7670.5,26389.19434,107.78,56.2275
20-Nov-2012,7731,26389.19434,106.21,56.2275
21-Nov-2012,7705,26389.19434,107.3,56.2275
22-Nov-2012,7716,26389.19434,106.38,56.2275
23-Nov-2012,7676,26389.19434,107.59,56.2275
26-Nov-2012,7770.5,26389.19434,107.35,56.2275
27-Nov-2012,7796,26389.19434,105.95,56.2275
28-Nov-2012,7720,26389.19434,105.87,56.2275
29-Nov-2012,7850,26389.19434,106.41,56.2275
30-Nov-2012,7949,26389.19434,107.17,56.2275
3-Dec-2012,7975,27506.15124,105.91,56.2275
4-Dec-2012,7991,27506.15124,105.44,56.2275
5-Dec-2012,8022,27506.15124,104.5,56.2275
6-Dec-2012,8020.5,27506.15124,103.26,56.2275
7-Dec-2012,7965.5,27506.15124,102.67,56.2275
10-Dec-2012,8111.5,27506.15124,102.61,56.2275
11-Dec-2012,8070,27506.15124,102.96,56.2275
12-Dec-2012,8102,27506.15124,103.7,56.2275
13-Dec-2012,8000.5,27506.15124,102.89,56.2275
14-Dec-2012,8047.5,27506.15124,103.54,56.2275
17-Dec-2012,8001,27506.15124,103.78,56.2275
18-Dec-2012,8005.5,27506.15124,104.43,56.2275
19-Dec-2012,7946,27506.15124,105.35,56.2275
20-Dec-2012,7825.5,27506.15124,104.49,56.2275
21-Dec-2012,7768.5,27506.15124,104.31,56.2275
24-Dec-2012,7780,27506.15124,104.3,56.2275
25-Dec-2012,7780,27506.15124,104.3,56.2275
26-Dec-2012,7871.5,27506.15124,104.51,56.2275
27-Dec-2012,7870,27506.15124,104.83,56.2275
28-Dec-2012,7915,27506.15124,106.55,56.2275
31-Dec-2012,7915,27506.15124,106.55,56.2275
1-Jan-2013,7915,27506.15124,106.55,56.2275
2-Jan-2013,8085,20701.194,106.27,56.2275
3-Jan-2013,8140.5,20701.194,105.65,56.2275
4-Jan-2013,8026,20701.194,105.54,56.2275
7-Jan-2013,7995.5,20701.194,105.72,56.2275
8-Jan-2013,8050.5,20701.194,106.72,56.2275
9-Jan-2013,8059,20701.194,106.62,56.2275
10-Jan-2013,8117,20701.194,106.45,56.2275
11-Jan-2013,8071,20701.194,105.64,56.2275
14-Jan-2013,8030,20701.194,106.45,56.2275
15-Jan-2013,7945,20701.194,105.06,56.2275
16-Jan-2013,7910.5,20701.194,106.41,56.2275
17-Jan-2013,7930,20701.194,106.46,56.2275
18-Jan-2013,8053,20701.194,107.34,56.2275
21-Jan-2013,8020.5,20701.194,107.13,56.2275
22-Jan-2013,8068,20701.194,107.65,56.2275
23-Jan-2013,8115.5,20701.194,108.1,56.2275
24-Jan-2013,8036,20701.194,108.27,56.2275
25-Jan-2013,8060,20701.194,108.57,56.2275
28-Jan-2013,8015,20701.194,109.35,56.2275
29-Jan-2013,8010.5,20701.194,109.21,56.2275
30-Jan-2013,8175.5,20701.194,109.68,56.2275
31-Jan-2013,8170,20701.194,108.94,56.2275
1-Feb-2013,8160,20833.47,111.15,56.2275
4-Feb-2013,8226,20833.47,110.33,56.2275
5-Feb-2013,8242.5,20833.47,111.21,56.2275
6-Feb-2013,8200,20833.47,111.29,56.2275
7-Feb-2013,8212,20833.47,112.01,56.2275
8-Feb-2013,8215,20833.47,113.25,56.2275
11-Feb-2013,8216,20833.47,112.45,56.2275
12-Feb-2013,8184.5,20833.47,113.24,56.2275
13-Feb-2013,8221,20833.47,114.89,56.2275
14-Feb-2013,8197,20833.47,113.2,56.2275
15-Feb-2013,8198.5,20833.47,112.71,56.2275
18-Feb-2013,8075.5,20833.47,112.73,56.2275
19-Feb-2013,8070,20833.47,112.34,56.2275
20-Feb-2013,8009.5,20833.47,109.88,56.2275
21-Feb-2013,7847.5,20833.47,109.06,56.2275
22-Feb-2013,7825,20833.47,109.26,56.2275
25-Feb-2013,7865.5,20833.47,109.08,56.2275
26-Feb-2013,7785,20833.47,108.1,56.2275
27-Feb-2013,7831,20833.47,107.33,56.2275
28-Feb-2013,7828,20833.47,105.69,56.2275
1-Mar-2013,7620.5,19934.37997,104.63,56.2275
4-Mar-2013,7751,19934.37997,104.34,56.2275
5-Mar-2013,7720,19934.37997,106.08,56.2275
6-Mar-2013,7699.5,19934.37997,105.48,56.2275
7-Mar-2013,7671,19934.37997,105.54,56.2275
8-Mar-2013,7730,19934.37997,105.98,56.2275
11-Mar-2013,7677,19934.37997,105.79,56.2275
12-Mar-2013,7677,19934.37997,105.79,56.2275
13-Mar-2013,7777.5,19934.37997,105.09,56.2275
14-Mar-2013,7762,19934.37997,103.59,56.2275
15-Mar-2013,7782,19934.37997,105.98,56.2275
18-Mar-2013,7555.5,19934.37997,105.3,56.2275
19-Mar-2013,7539,19934.37997,105.22,56.2275
20-Mar-2013,7574.5,19934.37997,103.8,56.2275
21-Mar-2013,7580,19934.37997,104.48,56.2275
22-Mar-2013,7618,19934.37997,103.42,56.2275
25-Mar-2013,7602,19934.37997,103.8,56.2275
26-Mar-2013,7631,19934.37997,105.69,56.2275
27-Mar-2013,7580,19934.37997,106.1,56.2275
28-Mar-2013,7582.5,19934.37997,106.6,56.2275
29-Mar-2013,7582.5,19934.37997,106.6,56.2275
1-Apr-2013,7582.5,19934.37997,106.6,56.2275
2-Apr-2013,7434.5,20480.734,106.01,56.2275
3-Apr-2013,7405.5,20480.734,104,56.2275
4-Apr-2013,7336.5,20480.734,102.57,56.2275
5-Apr-2013,7376,20480.734,100.62,56.2275
8-Apr-2013,7457.5,20480.734,101.63,56.2275
9-Apr-2013,7485.5,20480.734,102.47,56.2275
10-Apr-2013,7547,20480.734,102.06,56.2275
11-Apr-2013,7510,20480.734,100.76,56.2275
12-Apr-2013,7510,20480.734,100.23,56.2275
15-Apr-2013,7120.5,20480.734,95.76,56.2275
16-Apr-2013,7219,20480.734,97.51,56.2275
17-Apr-2013,7067,20480.734,94.71,56.2275
18-Apr-2013,6962.5,20480.734,97.08,56.2275
19-Apr-2013,6975,20480.734,96.88,56.2275
22-Apr-2013,6875.5,20480.734,97.21,56.2275
23-Apr-2013,6811,20480.734,97.95,56.2275
24-Apr-2013,6935.5,20480.734,99.72,56.2275
25-Apr-2013,7035,20480.734,100.65,56.2275
26-Apr-2013,7054.5,20480.734,100.28,56.2275
29-Apr-2013,7079,20480.734,100.71,56.2275
30-Apr-2013,7073.5,20480.734,98.06,56.2275
1-May-2013,7073.5,20480.734,98.06,56.2275
2-May-2013,6875,20613.01,98.89,56.2275
3-May-2013,6870.5,20613.01,100.36,56.2275
6-May-2013,7122,20613.01,101.34,56.2275
7-May-2013,7122,20613.01,100.35,56.2275
8-May-2013,7240.5,20613.01,100.65,56.2275
9-May-2013,7326,20613.01,100.63,56.2275
10-May-2013,7311,20613.01,100.38,56.2275
13-May-2013,7390.5,20613.01,99.57,56.2275
14-May-2013,7350.5,20613.01,99.34,56.2275
15-May-2013,7195.5,20613.01,99.68,56.2275
16-May-2013,7095.5,20613.01,100.28,56.2275
17-May-2013,7095.5,20613.01,101.1,56.2275
20-May-2013,7329.5,20613.01,101.33,56.2275
21-May-2013,7399,20613.01,100.03,56.2275
22-May-2013,7370,20613.01,98.58,56.2275
23-May-2013,7475,20613.01,99.08,56.2275
24-May-2013,7300,20613.01,99.3,56.2275
27-May-2013,7299,20613.01,98.86,56.2275
28-May-2013,7323,20613.01,100.6,56.2275
29-May-2013,7265,20613.01,98.97,56.2275
30-May-2013,7317,20613.01,98.7,56.2275
31-May-2013,7309,20613.01,97.22,56.2275
3-Jun-2013,7330.5,27822.052,97.99,60.25
4-Jun-2013,7337.5,27822.052,99.94,60.25
5-Jun-2013,7421.5,27822.052,98.99,60.67
6-Jun-2013,7311,27822.052,99.65,60.67
7-Jun-2013,7282,27822.052,100.47,60.67
10-Jun-2013,7120,27822.052,100.01,60.67
11-Jun-2013,7036,27822.052,98.72,60.67
12-Jun-2013,7086,27822.052,99.33,60.75
13-Jun-2013,7057.5,27822.052,100.98,60.75
14-Jun-2013,7045,27822.052,102.32,60.75
17-Jun-2013,7020.5,27822.052,101.79,60.75
18-Jun-2013,6970.5,27822.052,102.34,60.75
19-Jun-2013,6972.5,27822.052,101.43,63.29
20-Jun-2013,6808,27822.052,98.66,63.29
21-Jun-2013,6777,27822.052,97.2,63.29
24-Jun-2013,6637.5,27822.052,97.28,63.29
25-Jun-2013,6726.5,27822.052,97.25,63.29
26-Jun-2013,6685.5,27822.052,98.79,63.93
27-Jun-2013,6705.5,27822.052,99.43,63.93
28-Jun-2013,6750.5,27822.052,98.42,63.93
1-Jul-2013,6750.5,27822.052,98.42,63.93
2-Jul-2013,6750.5,27822.052,98.42,63.93
3-Jul-2013,6922,25979.38765,101.17,66.23
4-Jul-2013,6920.5,25979.38765,100.79,66.23
5-Jul-2013,6821,25979.38765,102.86,66.23
8-Jul-2013,6765,25979.38765,102.31,66.23
9-Jul-2013,6719,25979.38765,103.64,66.23
10-Jul-2013,6780,25979.38765,103.05,66.82
11-Jul-2013,6995.5,25979.38765,102.29,66.82
12-Jul-2013,6923,25979.38765,103.87,66.82
15-Jul-2013,6891.5,25979.38765,103.68,66.82
16-Jul-2013,6936.5,25979.38765,104.33,66.82
17-Jul-2013,6924,25979.38765,103.97,66.99
18-Jul-2013,6855.5,25979.38765,104.16,66.99
19-Jul-2013,6920,25979.38765,103.57,66.99
22-Jul-2013,6980,25979.38765,103.82,66.99
23-Jul-2013,6961,25979.38765,103.54,66.99
24-Jul-2013,7076.5,25979.38765,102.32,66.92
25-Jul-2013,6927.5,25979.38765,103.54,66.92
26-Jul-2013,6905.5,25979.38765,103.07,66.92
29-Jul-2013,6860.5,25979.38765,102.99,66.92
30-Jul-2013,6752,25979.38765,103.13,66.92
31-Jul-2013,6805,25979.38765,103.33,66.92
1-Aug-2013,6999,19944.35156,105.15,66.92
2-Aug-2013,7019,19944.35156,103.7,66.92
5-Aug-2013,6950.5,19944.35156,103.36,66.92
6-Aug-2013,7026.5,19944.35156,102.73,66.92
7-Aug-2013,6892,19944.35156,102.27,66.90277778
8-Aug-2013,7121.5,19944.35156,101.99,66.90277778
9-Aug-2013,7186,19944.35156,102.81,66.90277778
12-Aug-2013,7251,19944.35156,103.66,66.90277778
13-Aug-2013,7275,19944.35156,103.92,66.90277778
14-Aug-2013,7318,19944.35156,105.3,66.97222222
15-Aug-2013,7309,19944.35156,106.25,66.97222222
16-Aug-2013,7400,19944.35156,105.88,66.97222222
19-Aug-2013,7306,19944.35156,104.91,66.97222222
20-Aug-2013,7320,19944.35156,105.36,66.97222222
21-Aug-2013,7240,19944.35156,105.08,68.83333333
22-Aug-2013,7320,19944.35156,105.5,68.83333333
23-Aug-2013,7360,19944.35156,106.41,68.83333333
26-Aug-2013,7320,19944.35156,106.5,68.83333333
27-Aug-2013,7320,19944.35156,111.56,68.83333333
28-Aug-2013,7290,19944.35156,109.95,68.83333333
29-Aug-2013,7153,19944.35156,108.78,68.83333333
30-Aug-2013,7100,19944.35156,108.86,68.83333333
2-Sep-2013,7238,29122.766,107.26,68.83333333
3-Sep-2013,7240.402085,29122.766,108.03,68.83333333
4-Sep-2013,7124,29122.766,107.21,68.83333333
5-Sep-2013,7108,29122.766,107.73,68.83333333
6-Sep-2013,7160,29122.766,108.38,68.83333333
9-Sep-2013,7196,29122.766,105.63,68.83333333
10-Sep-2013,7170,29122.766,104.35,68.83333333
11-Sep-2013,7170,29122.766,105.2,67.11111111
12-Sep-2013,7060,29122.766,106.16,67.11111111
13-Sep-2013,7041,29122.766,106.11,67.11111111
16-Sep-2013,7085,29122.766,104.23,67.11111111
17-Sep-2013,7075,29122.766,103.39,67.11111111
18-Sep-2013,7184,29122.766,106.27,67.11111111
19-Sep-2013,7335,29122.766,103.75,67.11111111
20-Sep-2013,7280,29122.766,104.69,67.11111111
23-Sep-2013,7245,29122.766,103.55,67.11111111
24-Sep-2013,7147,29122.766,104.11,67.11111111
25-Sep-2013,7197.5,29122.766,103.11,67.11111111
26-Sep-2013,7251,29122.766,104.08,67.11111111
27-Sep-2013,7300,29122.766,103.81,67.11111111
30-Sep-2013,7312,29122.766,102.88,67.11111111
1-Oct-2013,7199,24206.508,102.24,67.11111111
2-Oct-2013,7279,24206.508,103.48,67.11111111
3-Oct-2013,7185,24206.508,103.44,67.52777778
4-Oct-2013,7261,24206.508,104.2,67.52777778
7-Oct-2013,7247,24206.508,104.58,67.52777778
8-Oct-2013,7240,24206.508,104.93,67.52777778
9-Oct-2013,7100,24206.508,104.09,67.52777778
10-Oct-2013,7146,24206.508,106.49,67.52777778
11-Oct-2013,7200,24206.508,106.1,67.52777778
14-Oct-2013,7255,24206.508,105.87,67.52777778
15-Oct-2013,7240,24206.508,104.97,67.52777778
16-Oct-2013,7262,24206.508,106.99,67.52777778
17-Oct-2013,7231,24206.508,105.18,67.52777778
18-Oct-2013,7248,24206.508,105.78,67.52777778
21-Oct-2013,7245,24206.508,105.2,67.52777778
22-Oct-2013,7333,24206.508,105.54,67.52777778
23-Oct-2013,7172,24206.508,104.38,67.52777778
24-Oct-2013,7176,24206.508,103.23,67.52777778
25-Oct-2013,7187,24206.508,103.19,67.52777778
28-Oct-2013,7190,24206.508,105.24,67.52777778
29-Oct-2013,7205,24206.508,104.11,67.52777778
30-Oct-2013,7290,24206.508,105.5,67.52777778
31-Oct-2013,7250,24206.508,104.21,67.52777778
1-Nov-2013,7245,25593.29636,102.07,67.52777778
4-Nov-2013,7150,25593.29636,102.66,67.52777778
5-Nov-2013,7161,25593.29636,101.96,67.52777778
6-Nov-2013,7115,25593.29636,101.56,67.52777778
7-Nov-2013,7146,25593.29636,100.31,68.00694444
8-Nov-2013,7170,25593.29636,101.82,68.00694444
11-Nov-2013,7173,25593.29636,101.87,68.00694444
12-Nov-2013,7122,25593.29636,101.49,68.00694444
13-Nov-2013,6981,25593.29636,102.64,68.00694444
14-Nov-2013,6993,25593.29636,105.22,69.57638889
15-Nov-2013,7010,25593.29636,104.26,69.57638889
18-Nov-2013,6970,25593.29636,102.73,69.57638889
19-Nov-2013,7020,25593.29636,103.48,69.57638889
20-Nov-2013,7095,25593.29636,105.23,69.57638889
21-Nov-2013,7099,25593.29636,106.48,69.58
22-Nov-2013,7065,25593.29636,106.58,69.58
25-Nov-2013,7020,25593.29636,105.84,69.58
26-Nov-2013,7020,25593.29636,106.61,69.58
27-Nov-2013,7055,25593.29636,106.46,69.58
28-Nov-2013,6975,25593.29636,105.71,69.58
29-Nov-2013,6960,25593.29636,105.69,69.78
2-Dec-2013,7095,26117.45375,107.42,69.78
3-Dec-2013,7122,26117.45375,109.1,69.78
4-Dec-2013,7135,26117.45375,107.27,69.78
5-Dec-2013,7159,26117.45375,106.26,69.78
6-Dec-2013,7220,26117.45375,107.06,69.78
9-Dec-2013,7226,26117.45375,105.23,69.78
10-Dec-2013,7255,26117.45375,105.53,69.78
11-Dec-2013,7290,26117.45375,105.87,69.78
12-Dec-2013,7282,26117.45375,104.48,73.58
13-Dec-2013,7255.5,26117.45375,104.88,73.58
16-Dec-2013,7290,26117.45375,107.57,73.58
17-Dec-2013,7280,26117.45375,105.11,73.58
18-Dec-2013,7270,26117.45375,105.95,73.58
19-Dec-2013,7201,26117.45375,106.27,73.58
20-Dec-2013,7240,26117.45375,107.84,73.58
23-Dec-2013,7241,26117.45375,107.33,73.58
24-Dec-2013,7283,26117.45375,108.14,73.58
25-Dec-2013,7284,26118.45375,108.14,73.58
26-Dec-2013,7284,26117.45375,108.2,73.58
27-Dec-2013,7283,26117.45375,108.33,73.58
30-Dec-2013,7402,26117.45375,108.39,73.58
31-Dec-2013,7360,26117.45375,106.87,73.58
2-Jan-2014,7393,26496.84643,104.02,85.6
3-Jan-2014,7315,26496.84643,104.5,85.6
6-Jan-2014,7325,26496.84643,103.23,85.6
7-Jan-2014,7351,26496.84643,103.65,85.6
8-Jan-2014,7344.5,26496.84643,103.57,85.6
9-Jan-2014,7213,26496.84643,103.01,85.6
10-Jan-2014,7302.5,26496.84643,103.33,85.6
13-Jan-2014,7329,26496.84643,102.52,85.6
14-Jan-2014,7280,26496.84643,102.02,85.6
15-Jan-2014,7352.5,26496.84643,103.05,85.6
16-Jan-2014,7310,26496.84643,103.73,85.6
17-Jan-2014,7340,26496.84643,102.74,85.6
20-Jan-2014,7314,26496.84643,102.6,85.6
21-Jan-2014,7339,26496.84643,103.15,85.6
22-Jan-2014,7292,26496.84643,104.03,85.6
23-Jan-2014,7206,26496.84643,103.78,85.6
24-Jan-2014,7180,26496.84643,104.07,85.6
27-Jan-2014,7150,26496.84643,102.89,85.6
28-Jan-2014,7140,26496.84643,103.45,85.6
29-Jan-2014,7127,26496.84643,104.26,85.6
30-Jan-2014,7095,26496.84643,103.78,85.6
31-Jan-2014,7065,26496.84643,102.32,85.6
3-Feb-2014,7038,25578.61415,102.16,85.35
4-Feb-2014,7055,25578.61415,101.69,85.35
5-Feb-2014,7039,25578.61415,102.17,85.35
6-Feb-2014,7130,25578.61415,102.2,85.35
7-Feb-2014,7143,25578.61415,102.4,85.35
10-Feb-2014,7095,25578.61415,103.11,85.35
11-Feb-2014,7076,25578.61415,105.41,85.35
12-Feb-2014,7156,25578.61415,104.35,85.35
13-Feb-2014,7111,25578.61415,104.96,85.35
14-Feb-2014,7155,25578.61415,104.66,85.35
17-Feb-2014,7175,25578.61415,105.02,85.35
18-Feb-2014,7200,25578.61415,105.56,85.35
19-Feb-2014,7182,25578.61415,105.43,85.35
20-Feb-2014,7157,25578.61415,106.78,85.35
21-Feb-2014,7160,25578.61415,106.24,85.35
24-Feb-2014,7077,25578.61415,106.51,85.35
25-Feb-2014,7065,25578.61415,105.9,85.35
26-Feb-2014,7026,25578.61415,106.11,85.35
27-Feb-2014,7026,25578.61415,105.26,85.35
28-Feb-2014,7010,25578.61415,105.14,85.35
3-Mar-2014,6968,23032.04612,106.56,85.19
4-Mar-2014,7050,23032.04612,104.98,85.19
5-Mar-2014,7335,23032.04612,102.93,85.19
6-Mar-2014,7055,23032.04612,103.88,85.19
7-Mar-2014,6783,23032.04612,104.46,85.19
10-Mar-2014,6649,23032.04612,103.51,85.19
11-Mar-2014,6475,23032.04612,103.54,85.19
12-Mar-2014,6506,23032.04612,103.58,85.19
13-Mar-2014,6415,23032.04612,102.84,85.19
14-Mar-2014,6469.5,23032.04612,104.18,85.19
17-Mar-2014,6480,23032.04612,102.39,85.19
18-Mar-2014,6483,23032.04612,102.65,85.19
19-Mar-2014,6553,23032.04612,102.42,85.19
20-Mar-2014,6435,23032.04612,102.53,85.19
21-Mar-2014,6480.5,23032.04612,103.3,85.19
24-Mar-2014,6473,23032.04612,102.91,85.19
25-Mar-2014,6603,23032.04612,103.28,85.19
26-Mar-2014,6510.5,23032.04612,103.42,85.19
27-Mar-2014,6563,23032.04612,104.03,85.19
28-Mar-2014,6670,23032.04612,104.36,85.19
31-Mar-2014,6650,23032.04612,103.52,85.19
1-Apr-2014,6660,27806.29167,101.75,85.24
2-Apr-2014,6680,27806.29167,101.03,85.24
3-Apr-2014,6642.5,27806.29167,102.33,85.24
4-Apr-2014,6619,27806.29167,102.83,85.24
7-Apr-2014,6677,27806.29167,102.57,85.24
8-Apr-2014,6671.5,27806.29167,103.68,85.24
9-Apr-2014,6617,27806.29167,103.66,85.24
10-Apr-2014,6656,27806.29167,103.56,85.24
11-Apr-2014,6670,27806.29167,103.32,85.24
14-Apr-2014,6667,27806.29167,104.57,85.24
15-Apr-2014,6541,27806.29167,103.97,85.24
16-Apr-2014,6619.5,27806.29167,105.51,85.24
17-Apr-2014,6649,27806.29167,105.33,85.24
18-Apr-2014,6649,27806.29167,105.33,85.24
21-Apr-2014,6649,27806.29167,105.33,85.24
22-Apr-2014,6670.5,27806.29167,105.17,85.24
23-Apr-2014,6670.5,27806.29167,105.38,85.24
24-Apr-2014,6753.5,27806.29167,106.17,85.24
25-Apr-2014,6765.5,27806.29167,105.21,85.24
28-Apr-2014,6745.5,27806.29167,103.85,85.24
29-Apr-2014,6715,27806.29167,103.73,85.24
30-Apr-2014,6642,27806.29167,103.09,85.24
1-May-2014,6646,28507.15149,102.93,76.71
2-May-2014,6719.5,28507.15149,103.57,76.71
5-May-2014,6719.5,28507.15149,102.59,76.71
6-May-2014,6720,28507.15149,102.63,76.71
7-May-2014,6655,28507.15149,103.43,76.71
8-May-2014,6730,28507.15149,103.28,76.71
9-May-2014,6746,28507.15149,102.88,76.71
12-May-2014,6879,28507.15149,103.34,76.71
13-May-2014,6847,28507.15149,104.46,76.71
14-May-2014,6920.5,28507.15149,104.56,76.71
15-May-2014,6890,28507.15149,105.96,76.71
16-May-2014,6860,28507.15149,105,76.71
19-May-2014,6930,28507.15149,104.61,76.71
20-May-2014,6885.5,28507.15149,105.47,76.71
21-May-2014,6832,28507.15149,105.64,76.71
22-May-2014,6876,28507.15149,105.49,76.71
23-May-2014,6928.5,28507.15149,105.77,76.71
26-May-2014,6928.5,28507.15149,105.75,76.71
27-May-2014,6934,28507.15149,105.46,76.71
28-May-2014,6945,28507.15149,105.47,76.71
29-May-2014,6885,28507.15149,105.14,76.71
30-May-2014,6850,28507.15149,104.71,76.71
2-Jun-2014,6935,27034.18839,103.85,69.25
3-Jun-2014,6868,27034.18839,103.95,69.25
4-Jun-2014,6790,27034.18839,103.2,69.25
5-Jun-2014,6780.5,27034.18839,103.92,69.25
6-Jun-2014,6690,27034.18839,103.61,69.25
9-Jun-2014,6672,27034.18839,104.94,69.25
10-Jun-2014,6676,27034.18839,104.35,69.25
11-Jun-2014,6691,27034.18839,105.07,69.25
12-Jun-2014,6621,27034.18839,108.35,69.25
13-Jun-2014,6655.5,27034.18839,107.82,69.25
16-Jun-2014,6691,27034.18839,108,69.25
17-Jun-2014,6705,27034.18839,109.2,69.25
18-Jun-2014,6710,27034.18839,109.92,69.25
19-Jun-2014,6725,27034.18839,110.41,69.25
20-Jun-2014,6820,27034.18839,110.25,69.25
23-Jun-2014,6885,27034.18839,109.11,69.25
24-Jun-2014,6885,27034.18839,110.67,69.25
25-Jun-2014,6915,27034.18839,109.71,69.25
26-Jun-2014,6955,27034.18839,108.6,69.25
27-Jun-2014,6945,27034.18839,108.85,69.25
30-Jun-2014,7015,27034.18839,107.93,69.25
1-Jul-2014,7020,27545.27061,107.91,69.25
2-Jul-2014,7125,27545.27061,106.67,69.25
3-Jul-2014,7175,27545.27061,107.04,69.25
4-Jul-2014,7150,27545.27061,106.57,69.25
7-Jul-2014,7125,27545.27061,106.27,69.25
8-Jul-2014,7130,27545.27061,105.38,69.25
9-Jul-2014,7125,27545.27061,104.47,69.25
10-Jul-2014,7162,27545.27061,105.76,69.25
11-Jul-2014,7156,27545.27061,104.34,69.25
14-Jul-2014,7125,27545.27061,104.86,69.25
15-Jul-2014,7130,27545.27061,104.93,69.25
16-Jul-2014,7078,27545.27061,102.27,69.25
17-Jul-2014,7070,27545.27061,105.11,69.25
18-Jul-2014,6985,27545.27061,104.14,69.25
21-Jul-2014,7026,27545.27061,104.84,69.25
22-Jul-2014,7040,27545.27061,104.31,69.25
23-Jul-2014,7045,27545.27061,104.98,69.25
24-Jul-2014,7170,27545.27061,104.27,69.25
25-Jul-2014,7130,27545.27061,105.95,69.25
28-Jul-2014,7120,27545.27061,104.79,67.75
29-Jul-2014,7085,27545.27061,105.31,67.75
30-Jul-2014,7125.5,27545.27061,103.66,67.75
31-Jul-2014,7115,27545.27061,103.9,67.75
1-Aug-2014,7074.5,24316.738,103.44,67.75
4-Aug-2014,7130.5,24316.738,104.1,67.8
5-Aug-2014,7055,24316.738,103.3,67.8
6-Aug-2014,6970.5,24316.738,103.08,67.8
7-Aug-2014,7000,24316.738,104.8,67.8
8-Aug-2014,6995,24316.738,103.29,67.8
11-Aug-2014,6995,24316.738,103,67.86
12-Aug-2014,6970,24316.738,102.03,67.86
13-Aug-2014,6890,24316.738,103.08,67.86
14-Aug-2014,6825,24316.738,99.19,67.86
15-Aug-2014,6875,24316.738,101.95,67.86
18-Aug-2014,6906,24316.738,100.64,67.28
19-Aug-2014,6870,24316.738,100.45,67.28
20-Aug-2014,7011,24316.738,100.97,67.28
21-Aug-2014,7015,24316.738,101.44,67.28
22-Aug-2014,7076,24316.738,101.1,67.28
25-Aug-2014,7076,24316.738,101.78,67.28
26-Aug-2014,7055,24316.738,101.37,67.28
27-Aug-2014,7032,24316.738,101.73,67.28
28-Aug-2014,6934,24316.738,101.49,67.28
29-Aug-2014,6984,24316.738,101.98,67.28
1-Sep-2014,6942,#VALUE!,101.89,67.28
2-Sep-2014,6968,#VALUE!,99.86,67.28
3-Sep-2014,6904,#VALUE!,101.5,67.28
4-Sep-2014,6931,#VALUE!,100.6,67.28
5-Sep-2014,6975,#VALUE!,99.83,67.28
8-Sep-2014,6990.5,28481.93055,99.71,67.22
9-Sep-2014,6841,28481.93055,98.54,67.22
10-Sep-2014,6871,28481.93055,97.56,67.22
11-Sep-2014,6835,28481.93055,97.54,67.22
12-Sep-2014,6838,28481.93055,96.66,67.22
15-Sep-2014,6820.5,28481.93055,95.26,67.22
16-Sep-2014,6901,28481.93055,97.75,67.22
17-Sep-2014,6932,28481.93055,97.19,67.22
18-Sep-2014,6845,28481.93055,96.36,67.22
19-Sep-2014,6835.5,28481.93055,97.2,67.11111111
22-Sep-2014,6721,28481.93055,96.44,67.11111111
23-Sep-2014,6720.5,28481.93055,95.86,67.11111111
24-Sep-2014,6742.5,28481.93055,95.89,67.11111111
25-Sep-2014,6697,28481.93055,95.98,67.11111111
26-Sep-2014,6718,28481.93055,95.84,67.11111111
29-Sep-2014,6744,28481.93055,95.89,67.66666667
30-Sep-2014,6668,28481.93055,94.07,67.66666667
1-Oct-2014,6680,28559.46281,93.17,67.67
2-Oct-2014,6601,28559.46281,92.82,67.67
3-Oct-2014,6642,28559.46281,91.39,67.67
6-Oct-2014,6715,28559.46281,91.82,67.67
7-Oct-2014,6670,28559.46281,90.74,67.67
8-Oct-2014,6640,28559.46281,90.48,67.67
9-Oct-2014,6725,28559.46281,86.92,67.67
10-Oct-2014,6645,28559.46281,88.76,67.67
13-Oct-2014,6710,28559.46281,87.49,67.67
14-Oct-2014,6800,28559.46281,83.82,67.67
15-Oct-2014,6642,28559.46281,81.32,67.67
16-Oct-2014,6553,28559.46281,82.53,67.67
17-Oct-2014,6639,28559.46281,84.35,67.67
20-Oct-2014,6565,28559.46281,83.77,67.67
21-Oct-2014,6669,28559.46281,84.44,67.67
22-Oct-2014,6630,28559.46281,82.42,67.67
23-Oct-2014,6694,28559.46281,84.42,67.67
24-Oct-2014,6691,28559.46281,84.39,67.67
27-Oct-2014,6730,28559.46281,83.54,67.44
28-Oct-2014,6795,28559.46281,84.61,67.44
29-Oct-2014,6816,28559.46281,85.14,67.44
30-Oct-2014,6741,28559.46281,84.12,67.44
31-Oct-2014,6695,28559.46281,84.25,67.44
3-Nov-2014,6720,27788.09091,83.36,67.44
4-Nov-2014,6648,27788.09091,81.98,67.44
5-Nov-2014,6638,27788.09091,82.09,67.44
6-Nov-2014,6660,27788.09091,81.7,67.44
7-Nov-2014,6715.5,27788.09091,82.37,67.44
10-Nov-2014,6665,27788.09091,81.14,67.44
11-Nov-2014,6693,27788.09091,80.33,67.44
12-Nov-2014,6682,27788.09091,79.14,67.44
13-Nov-2014,6659,27788.09091,76.41,67.44
14-Nov-2014,6705,27788.09091,77.69,67.44
17-Nov-2014,6704,27788.09091,77.31,67.44
18-Nov-2014,6631,27788.09091,76.45,67.44
19-Nov-2014,6690,27788.09091,76.2,67.44
20-Nov-2014,6665,27788.09091,77.68,67.44
21-Nov-2014,6726,27788.09091,78.18,67.44
24-Nov-2014,6675,27788.09091,77.65,67.44
25-Nov-2014,6607,27788.09091,75.85,67.44
26-Nov-2014,6572,27788.09091,74.71,67.44
27-Nov-2014,6560,27788.09091,70.59,67.44
28-Nov-2014,6351,27788.09091,68.18,67.44
1-Dec-2014,6449,27013.9899,70.78,67.44
2-Dec-2014,6415,27013.9899,69.86,67.44
3-Dec-2014,6381,27013.9899,68.84,67.44
4-Dec-2014,6475,27013.9899,67.9,67.44
5-Dec-2014,6452,27013.9899,67.55,67.44
8-Dec-2014,6410,27013.9899,64.37,67.44
9-Dec-2014,6481,27013.9899,64.47,67.44
10-Dec-2014,6415,27013.9899,63.21,67.44
11-Dec-2014,6465,27013.9899,61.12,67.44
12-Dec-2014,6491,27013.9899,60.36,67.44
15-Dec-2014,6400,27013.9899,59.19,67.44
16-Dec-2014,6365,27013.9899,56.97,67.44
17-Dec-2014,6368,27013.9899,59.15,67.44
18-Dec-2014,6315,27013.9899,57.82,67.44
19-Dec-2014,6400,27013.9899,59.75,67.44
22-Dec-2014,6355.5,27013.9899,59.21,67.44
23-Dec-2014,6330.5,27013.9899,59.55,67.44
24-Dec-2014,6330.5,27013.9899,58.3,67.44
25-Dec-2014,6330.5,27013.9899,58.3,67.44
26-Dec-2014,6330.5,27013.9899,57.55,67.44
29-Dec-2014,6291,27013.9899,56.22,67.44
30-Dec-2014,6326,27013.9899,55.74,67.44
31-Dec-2014,6326,27013.9899,55.56,67.44
1-Jan-2015,6326,29091.913,56.9,68.91
2-Jan-2015,6255.5,29091.913,55.49,68.91
5-Jan-2015,6150,29091.913,52.43,68.91
6-Jan-2015,6150,29091.913,50.34,68.91
7-Jan-2015,6116,29091.913,50.6,68.91
8-Jan-2015,6104,29091.913,50.32,68.91
9-Jan-2015,6090.5,29091.913,49.57,68.91
12-Jan-2015,6019,29091.913,46.35,68.91
13-Jan-2015,5861,29091.913,45.95,68.91
14-Jan-2015,5548,29091.913,47.85,68.91
15-Jan-2015,5630,29091.913,46.54,68.91
16-Jan-2015,5716,29091.913,48.44,68.91
19-Jan-2015,5674,29091.913,47.17,68.91
20-Jan-2015,5701,29091.913,46.88,68.91
21-Jan-2015,5772,29091.913,47.19,68.91
22-Jan-2015,5665,29091.913,47.89,68.91
23-Jan-2015,5520,29091.913,47.36,68.91
26-Jan-2015,5580,29091.913,46.9,68.91
27-Jan-2015,5421.5,29091.913,47.46,68.91
28-Jan-2015,5485,29091.913,46.99,68.91
29-Jan-2015,5400,29091.913,47.75,68.91
30-Jan-2015,5495.5,29091.913,51.55,68.91
2-Feb-2015,5501,25507.61511,54.46,68.91
3-Feb-2015,5695,25507.61511,56.63,68.91
4-Feb-2015,5705.5,25507.61511,54.35,68.91
5-Feb-2015,5720,25507.61511,56.88,68.91
6-Feb-2015,5650,25507.61511,57.09,68.91
9-Feb-2015,5674,25507.61511,57.09,68.91
10-Feb-2015,5597,25507.61511,56.38,68.91
11-Feb-2015,5605,25507.61511,55.2,68.91
12-Feb-2015,5741,25507.61511,56.75,68.91
13-Feb-2015,5736,25507.61511,59.79,68.91
16-Feb-2015,5750,25507.61511,60.05,68.91
17-Feb-2015,5649.5,25507.61511,60.48,68.91
18-Feb-2015,5745.5,25507.61511,57.33,68.91
19-Feb-2015,5750,25507.61511,58.92,68.91
20-Feb-2015,5693,25507.61511,58.21,68.91
23-Feb-2015,5672,25507.61511,56.94,68.91
24-Feb-2015,5785,25507.61511,56.82,68.91
25-Feb-2015,5775,25507.61511,59.47,68.91
26-Feb-2015,5889,25507.61511,58.6,68.91
27-Feb-2015,5896,25507.61511,60.62,68.91
2-Mar-2015,5906,24428.24782,58.64,68.91
3-Mar-2015,5822,24428.24782,60.15,68.91
4-Mar-2015,5840,24428.24782,59.88,68.91
5-Mar-2015,5836,24428.24782,59.46,68.91
6-Mar-2015,5746,24428.24782,58.34,68.91
9-Mar-2015,5875,24428.24782,57.39,68.91
10-Mar-2015,5765,24428.24782,55.62,68.91
11-Mar-2015,5731,24428.24782,56.38,68.91
12-Mar-2015,5845,24428.24782,55.92,68.91
13-Mar-2015,5859,24428.24782,53.01,68.91
16-Mar-2015,5850,24428.24782,52.81,68.91
17-Mar-2015,5785,24428.24782,51.9,68.91
18-Mar-2015,5670,24428.24782,54.08,68.91
19-Mar-2015,5854,24428.24782,53.14,68.91
20-Mar-2015,6045.5,24428.24782,54.03,68.91
23-Mar-2015,6120.5,24428.24782,54.49,68.91
24-Mar-2015,6146,24428.24782,53.99,68.91
25-Mar-2015,6125,24428.24782,57.44,68.91
26-Mar-2015,6174,24428.24782,56.63,68.91
27-Mar-2015,6055.5,24428.24782,55.01,68.91
30-Mar-2015,6056.5,24429.24782,55.01,68.91
31-Mar-2015,6041,24428.24782,54.37,68.91
1-Apr-2015,6045,26805.35732,55.88,68.91
2-Apr-2015,5985,26805.35732,54.1,68.91
3-Apr-2015,5985,26805.35732,54.1,68.91
6-Apr-2015,5985,26805.35732,54.1,68.91
7-Apr-2015,6065,26805.35732,57.23,68.91
8-Apr-2015,6011,26805.35732,55.2,68.91
9-Apr-2015,5996,26805.35732,55.67,68.91
10-Apr-2015,6040,26805.35732,57.18,68.91
13-Apr-2015,5990,26805.35732,57.95,68.91
14-Apr-2015,5945,26805.35732,58.44,68.91
15-Apr-2015,5955,26805.35732,59.78,68.91
16-Apr-2015,6060.5,26805.35732,61.74,68.91
17-Apr-2015,6060,26805.35732,61.64,68.91
20-Apr-2015,5981,26805.35732,61.68,68.91
21-Apr-2015,5946,26805.35732,59.76,68.91
22-Apr-2015,5912,26805.35732,61.26,68.91
23-Apr-2015,5941,26805.35732,62.82,68.91
24-Apr-2015,6030,26805.35732,63.44,68.91
27-Apr-2015,6065,26805.35732,62.39,68.91
28-Apr-2015,6118,26805.35732,62.76,68.91
29-Apr-2015,6146,26805.35732,64.19,68.91
30-Apr-2015,6335.5,26805.35732,65.26,68.91
1-May-2015,6400,28553.55703,64.84,68.91
4-May-2015,6400,28553.55703,64.88,68.91
5-May-2015,6480.5,28553.55703,66.53,68.91
6-May-2015,6391,28553.55703,65.63,68.91
7-May-2015,6400,28553.55703,63.89,68.91
8-May-2015,6390,28553.55703,64.01,68.91
11-May-2015,6365,28553.55703,63.49,68.91
12-May-2015,6440,28553.55703,65.65,68.91
13-May-2015,6405.5,28553.55703,64.79,68.91
14-May-2015,6401.5,28553.55703,65.34,68.91
15-May-2015,6416,28553.55703,64.82,68.91
18-May-2015,6380,28553.55703,64.24,68.91
19-May-2015,6221,28553.55703,62.52,68.91
20-May-2015,6225,28553.55703,63,68.91
21-May-2015,6255,28553.55703,64.04,68.91
22-May-2015,6162,28553.55703,63.21,68.91
25-May-2015,6162,28553.55703,63.71,68.91
26-May-2015,6106.5,28553.55703,61.9,68.91
27-May-2015,6081,28553.55703,60.26,68.91
28-May-2015,6095,28553.55703,60.2,68.91
29-May-2015,6015.5,28553.55703,63.48,68.91
1-Jun-2015,6025,28553.55703,63.18,68.91
2-Jun-2015,6040,28553.55703,63.57,68.91
3-Jun-2015,6012,28553.55703,62.42,68.91
4-Jun-2015,5916,28553.55703,60.7,68.91
5-Jun-2015,5937,28553.55703,62,68.91
8-Jun-2015,5948,28553.55703,61.33,68.91
9-Jun-2015,5970,28553.55703,64.15,68.91
10-Jun-2015,6030,28553.55703,63.83,68.91
11-Jun-2015,5880,28553.55703,63.54,68.91
12-Jun-2015,5912,28553.55703,62.4,68.91
15-Jun-2015,5815,30819.67847,61.67,68
16-Jun-2015,5750,30719.67951,61.93,68
17-Jun-2015,5745,30619.68055,62.06,68
18-Jun-2015,5756,30264.68426,62.65,68
19-Jun-2015,5660,30379.68306,61.61,68
22-Jun-2015,5655,30552.68125,61.79,68
23-Jun-2015,5780.5,30642.68031,63.27,68
24-Jun-2015,5739.5,30742.67927,62.13,68
25-Jun-2015,5770,30741.67928,61.77,68
26-Jun-2015,5755.5,30841.67824,62.04,68
29-Jun-2015,5795,30889.67774,60.69,70.36
30-Jun-2015,5765.5,33499.65051,61.85,70.36
1-Jul-2015,5775,33221.65341,60.85,70.36
2-Jul-2015,5795,32593.65996,60.45,70.36
3-Jul-2015,5760,32559.66031,59.17,70.36
6-Jul-2015,5760,32559.66031,59.17,70.36
7-Jul-2015,5760,32559.66031,59.17,70.36
8-Jul-2015,5520,32227.66378,56.43,70.36
9-Jul-2015,5631,32159.66449,57.78,70.36
10-Jul-2015,5590.5,32154.66454,57.65,70.36
13-Jul-2015,5591.441666,31649.66981,56.52,70
14-Jul-2015,5564.941942,31599.67033,57.6,70
15-Jul-2015,5531.442292,31379.67262,56.04,70
16-Jul-2015,5564.941942,31374.67268,56.3,70
17-Jul-2015,5480.942819,31069.67586,55.39,70
20-Jul-2015,5479.942829,31314.6733,55.01,70
21-Jul-2015,5454.94309,31060.67595,54.97,70
22-Jul-2015,5361.94406,31056.67599,54.81,70
23-Jul-2015,5274.944968,31052.67604,54.14,70
24-Jul-2015,5262.945093,31048.67608,53.3,70
27-Jul-2015,5262.945093,30544.68134,51.81,71.2
28-Jul-2015,5187.945876,30790.67877,51.99,71.2
29-Jul-2015,5299.944707,30749.6792,52.91,71.2
30-Jul-2015,5327.944415,30745.67924,52.32,71.2
31-Jul-2015,5264.945072,30741.67928,51.52,71.2
3-Aug-2015,5219.945542,30737.67932,49.33,72.75
4-Aug-2015,5234.945385,30733.67936,49.65,72.75
5-Aug-2015,5178.445975,30754.67914,48.96,72.75
6-Aug-2015,5185.945896,30475.68206,49.07,72.75
7-Aug-2015,5173.946022,28721.70035,48.17,72.75
10-Aug-2015,5309.944603,30017.68683,49.64,73.1
11-Aug-2015,5125.446528,30013.68688,48.68,73.1
12-Aug-2015,5189.44586,30460.18222,49.31,73.1
13-Aug-2015,5184.945907,30106.68591,48.68,73.1
14-Aug-2015,5165.946105,30103.18594,48.64,73.1
17-Aug-2015,5114.946637,28049.70736,47.91,73.2
18-Aug-2015,5034.947472,28199.7058,47.9,73.2
19-Aug-2015,4994.947889,28444.70324,45.92,73.2
20-Aug-2015,5118.946595,28441.70328,45.09,73.2
21-Aug-2015,5054.947263,28434.70335,44.23,73.2
24-Aug-2015,4950.948348,28499.70267,42.01,73.36
25-Aug-2015,5064.947159,28499.70267,41.82,73.36
26-Aug-2015,4935.44851,28549.70215,42.78,73.36
27-Aug-2015,5139.946376,27749.71049,46.45,73.36
28-Aug-2015,5134.946428,28199.7058,49.12,73.36
31-Aug-2015,5134.946428,28199.7058,52.51,73.42
1-Sep-2015,5068.947117,27749.71049,48.05,73.42
2-Sep-2015,5119.946585,27749.71049,49.61,73.42
3-Sep-2015,5246.94526,27249.71571,50.1,73.42
4-Sep-2015,5119.946585,27749.71049,49.14,73.42
7-Sep-2015,5148.946282,27249.71571,46.09,75.5
8-Sep-2015,5345.444232,28249.70528,49.34,75.5
9-Sep-2015,5364.944029,27749.71049,47.14,75.5
10-Sep-2015,5397.943685,28249.70528,48.55,75.5
11-Sep-2015,5369.943977,28249.70528,47.8,75.5
14-Sep-2015,5308.944613,27749.71049,46.3,77.14
15-Sep-2015,5347.444212,27749.71049,45.55,77.14
16-Sep-2015,5379.943872,27749.71049,47.83,77.14
17-Sep-2015,5390.443763,27749.71049,47.05,77.14
18-Sep-2015,5254.945177,27749.71049,45.58,77.14
21-Sep-2015,5268.945031,27749.71049,46.85,89.85
22-Sep-2015,5077.947023,27749.71049,47.39,89.85
23-Sep-2015,5056.947242,27749.71049,46.43,89.85
24-Sep-2015,5050.947305,27749.71049,46.36,89.85
25-Sep-2015,5022.947597,27749.71049,46.77,89.85
28-Sep-2015,4964.948202,27749.71049,45.69,90.35
29-Sep-2015,4969.94815,27749.71049,45.99,90.35
30-Sep-2015,5159.946168,27749.71049,47.71,90.35
1-Oct-2015,5094.946846,27749.71049,47.01,90.35
2-Oct-2015,5099.946794,27749.71049,46.92,90.35
5-Oct-2015,5176.94599,27749.71049,48.09,86.06
6-Oct-2015,5184.945907,27749.71049,51.23,86.06
7-Oct-2015,5186.945886,27749.71049,50.14,86.06
8-Oct-2015,5134.946428,27749.71049,51.79,86.06
9-Oct-2015,5294.944759,27749.71049,50.94,86.06
12-Oct-2015,5314.944551,27749.71049,48.65,88.4
13-Oct-2015,5272.944989,27749.71049,48.09,88.4
14-Oct-2015,5298.944718,27749.71049,47.78,88.4
15-Oct-2015,5307.944624,27749.71049,48,88.4
16-Oct-2015,5284.944864,27749.71049,48.55,88.4
19-Oct-2015,5205.945688,26619.81378,46.8,98.8
20-Oct-2015,5200.94574,26619.81378,46.33,98.8
21-Oct-2015,5174.946011,26619.81378,45.99,98.8
22-Oct-2015,5232.445411,26619.81378,46.23,98.8
23-Oct-2015,5175.946001,26619.81378,45.94,98.8
26-Oct-2015,5190.945844,26619.81378,44.73,98.8
27-Oct-2015,5219.945542,26619.81378,45.25,98.25
28-Oct-2015,5203.945709,26619.81378,47.25,98.25
29-Oct-2015,5129.946481,26619.81378,46.85,98.25
30-Oct-2015,5111.946668,26619.81378,47.63,98.25
2-Nov-2015,5124.946533,18915.468,47.47,98.75
3-Nov-2015,5125.946522,18915.468,49.14,98.75
4-Nov-2015,5133.946439,18915.468,47.34,98.75
5-Nov-2015,5011.447717,18915.468,46.52,98.75
6-Nov-2015,4987.947962,18915.468,45.98,98.75
9-Nov-2015,4964.448207,18915.468,45.91,99.612
10-Nov-2015,4925.448614,18915.468,45.51,99.612
11-Nov-2015,4942.948432,18915.468,44.49,99.612
12-Nov-2015,4823.949673,18915.468,42.54,99.612
13-Nov-2015,4824.949663,18915.468,42.09,99.612
16-Nov-2015,4689.951071,18915.468,41.99,98.888
17-Nov-2015,4683.951134,18915.468,41.35,98.888
18-Nov-2015,4611.45189,18915.468,41.93,98.888
19-Nov-2015,4630.951687,18915.468,41.73,98.888
20-Nov-2015,4579.952219,23249.75744,41.99,98.888
23-Nov-2015,4490.453152,23249.75744,42.2,90.688
24-Nov-2015,4608.451921,23249.75744,43.37,90.688
25-Nov-2015,4549.452537,23249.75744,43.46,90.688
26-Nov-2015,4636.951624,23249.75744,42.67,90.688
27-Nov-2015,4572.952292,23999.74962,41.73,90.688
30-Nov-2015,4586.952146,24749.74179,42.61,92.688
1-Dec-2015,4631.951676,24374.7457,42,92.688
2-Dec-2015,4564.952375,24249.74701,40.39,92.688
3-Dec-2015,4556.952459,23749.75223,41.87,92.688
4-Dec-2015,4612.951874,23749.75223,40.36,92.688
7-Dec-2015,4557.452453,23749.75223,37.84,90.8
8-Dec-2015,4588.952125,24249.74701,37.77,90.8
9-Dec-2015,4580.952208,24249.74701,37.01,90.8
10-Dec-2015,4590.452109,23249.75744,36.57,90.8
11-Dec-2015,4703.950925,22749.76266,35.41,90.8
14-Dec-2015,4671.951259,23249.75744,35.12,90.8
15-Dec-2015,4564.952375,23249.75744,34.89,90.8
16-Dec-2015,4608.951916,24349.74597,34.26,90.8
17-Dec-2015,4544.952584,24349.74597,33.71,90.8
18-Dec-2015,4684.951123,24249.74701,33.77,90.8
21-Dec-2015,4737.95057,24699.74231,33.31,89
22-Dec-2015,4669.95128,24249.74701,33.07,89
23-Dec-2015,4719.950758,24249.74701,34.2,89
24-Dec-2015,4705.112512,24799.74127,34.53,89
25-Dec-2015,4705.112512,24799.74127,33.29,90.2
28-Dec-2015,4728.950664,24799.74127,33.68,90.2
29-Dec-2015,4735.450596,24649.74284,33.04,90.2
30-Dec-2015,4705.450909,24549.74388,34.77,90.2
31-Dec-2015,4705.450909,24549.74388,34.77,90.2
1-Jan-2016,4705.450909,24549.74388,34.77,90.2
4-Jan-2016,4609.951906,23749.75223,34.77,87.896
5-Jan-2016,4644.95154,23749.75223,33.31,87.896
6-Jan-2016,4619.951801,23749.75223,30.62,87.896
7-Jan-2016,4523.952803,23749.75223,31.33,87.896
8-Jan-2016,4484.95321,23749.75223,31.09,87.896
11-Jan-2016,4387.5,23750,28.6,89.396
12-Jan-2016,4353,23750,28.68,89.396
13-Jan-2016,4393,23750,27.5,89.396
14-Jan-2016,4416,23750,28.55,89.396
15-Jan-2016,4332,23750,25.79,89.396
18-Jan-2016,4379,23750,26.66,90.896
19-Jan-2016,4408,23750,24.97,90.896
20-Jan-2016,4359,23750,24.86,90.896
21-Jan-2016,4430.5,23100,25.92,90.896
22-Jan-2016,4444,22700,28.57,90.896
25-Jan-2016,4417.5,22000,26.63,90.896
26-Jan-2016,4539.5,22000,27.98,90.896
27-Jan-2016,4590,22000,29.72,90.896
28-Jan-2016,4530.5,22150,31.3,90.896
29-Jan-2016,4561.5,21900,32.22,90.896
1-Feb-2016,4560,21750,33.82,94.82666667
2-Feb-2016,4550,22350,32.54,94.82666667
3-Feb-2016,4636,22650,32.64,94.82666667
4-Feb-2016,4687,22500,31.75,94.82666667
5-Feb-2016,4631,23000,31.34,94.82666667
8-Feb-2016,4611,22650,30.53,94.896
9-Feb-2016,4510,22650,28.23,94.896
10-Feb-2016,4444.5,22550,27.85,94.896
11-Feb-2016,4445,22250,28.74,94.896
12-Feb-2016,4500,22250,30.66,94.896
15-Feb-2016,4563,22050,31.98,91.896
16-Feb-2016,4563,22500,29.96,91.896
17-Feb-2016,4590,22600,32.32,91.896
18-Feb-2016,4576,22700,31.33,91.896
19-Feb-2016,4622,22750,30.31,91.896
22-Feb-2016,4694,22250,31.53,91.896
23-Feb-2016,4645.5,22250,29.88,91.896
24-Feb-2016,4642,22000,31.41,91.896
25-Feb-2016,4601,22150,32.17,91.896
26-Feb-2016,4707,22350,31.7,91.896
29-Feb-2016,4695,22750,34.44,91.896
1-Mar-2016,4717,23250,33.36,91.896
2-Mar-2016,4790.5,23500,33.64,91.896
3-Mar-2016,4855.5,23500,34.05,91.896
4-Mar-2016,5027.5,23500,35.54,91.896
7-Mar-2016,5001,23500,37.05,91.896
8-Mar-2016,5001,23500,37.05,91.896
9-Mar-2016,4936,22950,37.53,91.896
10-Mar-2016,4890.5,22950,37.18,91.896
11-Mar-2016,4970,23250,37.13,91.896
14-Mar-2016,4946,22900,36.04,91.896
15-Mar-2016,4950,23200,36.14,91.896
16-Mar-2016,4938,23050,37.89,91.896
17-Mar-2016,5070,23200,38.58,91.896
18-Mar-2016,5042,23175,38.36,91.896
21-Mar-2016,5064,23200,38.63,91.896
22-Mar-2016,5065,23175,38.64,91.896
23-Mar-2016,4950,23050,37.4,91.896
24-Mar-2016,4946,23025,37.19,91.896
25-Mar-2016,4946,23025,37.19,91.896
28-Mar-2016,4946,23025,37.19,91.896
29-Mar-2016,4891,23000,36.59,86.896
30-Mar-2016,4873,23000,36.11,86.896
31-Mar-2016,4847.5,22100,37.68,86.896
1-Apr-2016,4835,22750,35.61,86.896
4-Apr-2016,4761,22500,34.38,86.844
5-Apr-2016,4775,23000,35.45,86.844
6-Apr-2016,4786,23250,36.89,86.844
7-Apr-2016,4651,23000,36.72,86.844
8-Apr-2016,4650,23000,38.34,86.844
11-Apr-2016,4663.5,23250,39.16,86.844
12-Apr-2016,4767,23250,40.96,86.844
13-Apr-2016,4830.5,23250,39.92,86.844
14-Apr-2016,4831.5,22750,40.24,86.844
15-Apr-2016,4808,22750,39.41,86.844
18-Apr-2016,4827.5,22750,39.12,86.844
19-Apr-2016,4936.5,22750,39.78,86.844
20-Apr-2016,4981.5,23250,41.85,86.844
21-Apr-2016,4997,23250,41.47,86.844
22-Apr-2016,5031,23250,41.46,86.844
25-Apr-2016,4998,23250,41.26,86.844
26-Apr-2016,4962.5,23000,42.57,86.844
27-Apr-2016,4904,23250,43.25,86.844
28-Apr-2016,4942.5,23500,44.04,86.844
29-Apr-2016,5051,23750,44.15,86.844
2-May-2016,5051,23750,44.15,86.844
3-May-2016,4921,23250,41.71,86.844
4-May-2016,4868,23750,42.32,86.844
5-May-2016,4786,23750,41.62,86.844
6-May-2016,4810.5,23750,42.06,86.844
9-May-2016,4686,23250,40.29,89.344
10-May-2016,4681,23250,42.11,89.344
11-May-2016,4709,23250,43.91,89.344
12-May-2016,4614,23750,44.1,89.344
13-May-2016,4628,23500,44.2,89.344
16-May-2016,4645.5,23500,45.67,90.019
17-May-2016,4658,23250,45.71,90.019
18-May-2016,4612.5,23250,44.56,90.019
19-May-2016,4581,23250,45.78,90.019
20-May-2016,4579,23875,45.06,90.019
23-May-2016,4562.5,23250,44.63,90.019
24-May-2016,4602,23250,45.58,90.019
25-May-2016,4602,23250,45.58,90.019
26-May-2016,4661.5,23250,45.41,90.019
27-May-2016,4695.5,23750,45.51,90.019
30-May-2016,4695.5,23750,46.1,88.62
31-May-2016,4671,23750,46.05,88.62
1-Jun-2016,4617,23750,45.85,88.62
2-Jun-2016,4609,23750,46.44,88.62
3-Jun-2016,4689,23500,46,87.619
6-Jun-2016,4689,23750,46.73,87.619
7-Jun-2016,4568,23825,47.78,87.619
8-Jun-2016,4578,24000,49.18,87.619
9-Jun-2016,4515.5,24000,48.19,87.619
10-Jun-2016,4512,24000,46.89,87.619
13-Jun-2016,4557.5,23750,46.17,87.619
14-Jun-2016,4511,23750,45.42,87.619
15-Jun-2016,4639.5,23750,45.1,87.619
16-Jun-2016,4536,23750,44.24,87.619
17-Jun-2016,4552,23750,45.77,87.619
20-Jun-2016,4645,23750,46.97,87.89083333
21-Jun-2016,4670,23750,47.34,87.89083333
22-Jun-2016,4701,23750,46.86,87.89083333
23-Jun-2016,4780.5,23750,45.22,87.89083333
24-Jun-2016,4699,23750,45.04,87.89083333
27-Jun-2016,4710.5,23750,44.38,88.02375
28-Jun-2016,4819,23750,45.78,88.02375
29-Jun-2016,4838.5,23750,47,88.02375
30-Jun-2016,4845.5,23800,47.21,88.02375
1-Jul-2016,4912,24250,46.98,88.02375
4-Jul-2016,4912,24250,46.98,88.02375
5-Jul-2016,4912,24250,46.98,88.02375
6-Jul-2016,4750,24250,45.84,94.02375
7-Jul-2016,4688,24500,43.76,94.02375
8-Jul-2016,4688,24750,43.83,94.02375
11-Jul-2016,4750,24750,43.85,94.27375
12-Jul-2016,4870,24750,45.14,94.27375
13-Jul-2016,4938,25250,43.86,94.27375
14-Jul-2016,4942,25250,44.33,94.27375
15-Jul-2016,4918,25750,44.75,94.27375
18-Jul-2016,4939,25250,43.84,94.27375
19-Jul-2016,4984.5,25250,43.7,94.27375
20-Jul-2016,4967,25250,44.18,94.27375
21-Jul-2016,4977,25250,43.24,94.27375
22-Jul-2016,4920,25500,42.79,94.27375
25-Jul-2016,4900,25600,41.98,96.116
26-Jul-2016,4932,25650,41.99,96.116
27-Jul-2016,4850.5,25500,40.96,96.116
28-Jul-2016,4897,25800,40.39,96.116
29-Jul-2016,4925,26250,40.57,96.116
1-Aug-2016,4925,26250,40.57,96.116
2-Aug-2016,4893,26500,39.34,90.116
3-Aug-2016,4875,26500,40.72,90.116
4-Aug-2016,4831,26250,41.61,90.116
5-Aug-2016,4790,26250,41.62,90.116
8-Aug-2016,4810,26575,42.35,90.116
9-Aug-2016,4779,26200,42.19,90.116
10-Aug-2016,4822,26500,41.13,90.116
11-Aug-2016,4822,26500,41.13,90.116
12-Aug-2016,4761.5,26250,44.2,90.116
15-Aug-2016,4768,26250,45.46,90.7125
16-Aug-2016,4812,26500,46.45,90.7125
17-Aug-2016,4774.5,26500,47.25,90.7125
18-Aug-2016,4809,26500,48.28,90.7125
19-Aug-2016,4799,26500,48.22,90.7125
22-Aug-2016,4748.5,26250,45.76,89.47
23-Aug-2016,4711,26000,46.76,89.47
24-Aug-2016,4632.5,26000,46.3,89.47
25-Aug-2016,4627,26000,46.9,89.47
26-Aug-2016,4615.5,26000,47.3,89.47
29-Aug-2016,4615.5,26000,46.65,87.75
30-Aug-2016,4607,26250,45.67,87.75
31-Aug-2016,4618,25250,44.82,87.75
1-Sep-2016,4630.5,25250,42.85,87.75
2-Sep-2016,4627,25750,43.74,87.75
5-Sep-2016,4627,25750,44.56,88.75
6-Sep-2016,4621,25500,44.37,88.75
7-Sep-2016,4651,26000,45.74,88.75
8-Sep-2016,4665,26250,46.43,88.75
9-Sep-2016,4633.5,26500,44.93,88.75
12-Sep-2016,4648,26750,44.98,90
13-Sep-2016,4648,26750,44.98,90
14-Sep-2016,4771.5,26750,42.96,90
15-Sep-2016,4781,26750,43.39,90
16-Sep-2016,4788,26750,42.95,90
19-Sep-2016,4776.5,26750,42.91,93.61666667
20-Sep-2016,4793.5,26750,43.97,93.61666667
21-Sep-2016,4763,27000,44.6,93.61666667
22-Sep-2016,4853,26750,44.55,93.61666667
23-Sep-2016,4856,27250,43.27,93.61666667
26-Sep-2016,4841,27250,44.46,95.95
27-Sep-2016,4789,27250,43.21,95.95
28-Sep-2016,4818,27250,45.98,95.95
29-Sep-2016,4842,27250,46.59,95.95
30-Sep-2016,4865,27500,46.92,95.95
3-Oct-2016,4819.5,27250,47.94,96.76666667
4-Oct-2016,4805,27750,48.68,96.76666667
5-Oct-2016,4800,27750,48.69,96.76666667
6-Oct-2016,4756,28250,49.64,96.76666667
7-Oct-2016,4779,28250,49.14,96.76666667
10-Oct-2016,4849,28250,50.25,97.16666667
11-Oct-2016,4812.5,28500,49.78,97.16666667
12-Oct-2016,4814,28500,48.54,97.16666667
13-Oct-2016,4713,28250,49.41,97.16666667
14-Oct-2016,4675.5,28250,49.29,97.16666667
17-Oct-2016,4675,28000,49.05,97.01666667
18-Oct-2016,4675,28000,49.05,97.01666667
19-Oct-2016,4682,28250,49.41,97.01666667
20-Oct-2016,4652,28250,48.57,97.01666667
21-Oct-2016,4635.5,28000,49.25,97.01666667
24-Oct-2016,4638,28500,48.86,97.01666667
25-Oct-2016,4736,28650,47.58,97.01666667
26-Oct-2016,4740,28150,47.68,97.01666667
27-Oct-2016,4790,28500,48.33,97.01666667
28-Oct-2016,4843,28250,47.48,97.01666667
31-Oct-2016,4854,28550,46.52,101.6966667
1-Nov-2016,4920,28250,45.38,101.6966667
2-Nov-2016,4920.5,28250,45.09,101.6966667
3-Nov-2016,4960,28550,44.18,101.6966667
4-Nov-2016,4991.5,28750,43.35,101.6966667
7-Nov-2016,5098.5,28750,43.93,100.6666667
8-Nov-2016,5076,28900,44.52,100.6666667
9-Nov-2016,5414,29000,44.15,100.6666667
10-Nov-2016,5601,29050,43.63,100.6666667
11-Nov-2016,5550,29250,42.74,100.6666667
14-Nov-2016,5559,29250,43.03,100.2166667
15-Nov-2016,5525.5,29250,44.46,100.2166667
16-Nov-2016,5434,29250,44.41,100.2166667
17-Nov-2016,5496,29500,43.97,100.2166667
18-Nov-2016,5424,29750,44.89,100.2166667
21-Nov-2016,5559.5,30000,47.42,101.25
22-Nov-2016,5614,30000,47,101.25
23-Nov-2016,5740,30000,46.95,101.25
24-Nov-2016,5869,29250,46.83,101.25
25-Nov-2016,5880,29750,45.29,101.25
28-Nov-2016,5881,29500,46.26,107.64
29-Nov-2016,5705,29700,44.63,107.64
30-Nov-2016,5826,29750,49.05,107.64
1-Dec-2016,5791,29750,51.32,107.64
2-Dec-2016,5760.5,29750,51.89,107.64
5-Dec-2016,5950,30750,52,108.14
6-Dec-2016,5884,30500,51.35,108.14
7-Dec-2016,5785,30750,50.86,108.14
8-Dec-2016,5782,30750,51.83,108.14
9-Dec-2016,5827,31500,52.15,108.14
12-Dec-2016,5768,31500,53.32,109.135
13-Dec-2016,5691,31250,52.83,109.135
14-Dec-2016,5722.5,31875,51.57,109.135
15-Dec-2016,5733,32000,52.18,109.135
16-Dec-2016,5635.5,32200,52.98,109.135
19-Dec-2016,5496,32250,52.6,107.66875
20-Dec-2016,5503,32000,53.51,107.66875
21-Dec-2016,5515.5,32250,52.59,107.66875
22-Dec-2016,5519,32500,52.89,107.66875
23-Dec-2016,5470,32750,53.18,107.66875
26-Dec-2016,5470,32750,53.18,107.66875
27-Dec-2016,5471,32751,54.12,109.3983333
28-Dec-2016,5545,32750,54.09,109.3983333
29-Dec-2016,5487.5,32500,55.48,109.3983333
30-Dec-2016,5535.5,32750,54.81,109.3983333
2-Jan-2017,5535.5,32750,54.81,109.3983333
3-Jan-2017,5500,32750,55.14,111.3983333
4-Jan-2017,5644,32750,53.99,111.3983333
5-Jan-2017,5581,32750,54.62,111.3983333
6-Jan-2017,5590,32750,55.02,111.3983333
9-Jan-2017,5592,32750,53.18,108.135
10-Jan-2017,5758,33000,52.13,108.135
11-Jan-2017,5714,33250,53.34,108.135
12-Jan-2017,5843,33500,54.41,108.135
13-Jan-2017,5910,34450,53.78,108.135
16-Jan-2017,5865,34750,53.99,109.135
17-Jan-2017,5755,35000,53.98,109.135
18-Jan-2017,5770,35250,52.68,109.135
19-Jan-2017,5740,35250,52.83,109.135
20-Jan-2017,5749,35750,54.75,109.135
23-Jan-2017,5795,35750,53.94,109.3983333
24-Jan-2017,5944,36000,53.87,109.3983333
25-Jan-2017,5943,36000,54.25,109.3983333
26-Jan-2017,5857,36500,54.85,109.3983333
27-Jan-2017,5899,37000,53.93,109.3983333
30-Jan-2017,5821,37000,53.42,109.3983333
31-Jan-2017,5993,37000,54.53,109.3983333
1-Feb-2017,5946,37500,54.92,109.3983333
2-Feb-2017,5950.5,37500,55.72,109.3983333
3-Feb-2017,5956.5,37500,55.99,109.3983333
6-Feb-2017,5846,37500,54.55,119.7819048
7-Feb-2017,5795,37500,53,119.7819048
8-Feb-2017,5895,37500,53.92,119.7819048
9-Feb-2017,5823,37500,54.22,119.7819048
10-Feb-2017,6090.5,37500,55.05,119.7819048
13-Feb-2017,6107,37500,54.25,119.7819048
14-Feb-2017,6021,37500,54.09,119.7819048
15-Feb-2017,6069,37500,54.2,119.7819048
16-Feb-2017,6000.5,37500,54.29,119.7819048
17-Feb-2017,5961,37500,54.35,119.7819048
20-Feb-2017,6070,47750,54.72,119.7819048
21-Feb-2017,6062,47750,55.04,119.7819048
22-Feb-2017,6041,47750,54.72,119.7819048
23-Feb-2017,5859,47750,54.96,119.7819048
24-Feb-2017,5928,47750,54.56,119.7819048
27-Feb-2017,5934.5,49250,54.82,116.8340909
28-Feb-2017,5975,50250,54.52,116.8340909
1-Mar-2017,6016.5,51250,54.83,116.8340909
2-Mar-2017,5931,51250,53.73,116.8340909
3-Mar-2017,5917,51000,54.32,116.8340909
6-Mar-2017,5858,50850,54.35,121.2619048
7-Mar-2017,5773,50750,53.98,121.2619048
8-Mar-2017,5766,50750,52.03,121.2619048
9-Mar-2017,5690.5,52250,51.3,121.2619048
10-Mar-2017,5733,51500,50.08,121.4791667
13-Mar-2017,5796,51550,50.07,121.4791667
14-Mar-2017,5821,52325,50.28,121.4791667
15-Mar-2017,5864,52600,50.66,121.4791667
16-Mar-2017,5910,53250,50.49,121.4791667
17-Mar-2017,5936,52750,50.53,121.4791667
20-Mar-2017,5880.5,52750,50.7,121.4791667
21-Mar-2017,5776,52750,49.7,121.4791667
22-Mar-2017,5808,54000,49.86,121.4791667
23-Mar-2017,5825.5,54000,49.37,121.4791667
24-Mar-2017,5805,53750,49.67,121.3541667
27-Mar-2017,5832,53750,49.85,121.3541667
28-Mar-2017,5911,53750,50.28,121.3541667
29-Mar-2017,5929,54750,51.22,121.3541667
30-Mar-2017,5950,54750,51.63,121.3541667
31-Mar-2017,5880,54500,52.89,121.3541667
3-Apr-2017,5780.5,55750,51.96,121.3541667
4-Apr-2017,5794,55750,53.05,121.3541667
5-Apr-2017,5941,56250,52.81,121.3541667
6-Apr-2017,5909,55750,54.73,121.3541667
7-Apr-2017,5861,55500,53.97,120.8583333
10-Apr-2017,5785,55250,54.82,120.8583333
11-Apr-2017,5795.5,55750,55.3,120.8583333
12-Apr-2017,5654,55250,54.73,120.8583333
13-Apr-2017,5720,55250,54.91,115.2125
14-Apr-2017,5720,55250,54.91,116.2125
17-Apr-2017,5720,55250,54.91,117.2125
18-Apr-2017,5632,55250,53.87,115.2125
19-Apr-2017,5615.5,55000,52.26,115.2125
20-Apr-2017,5664,54750,52.23,115.2125
21-Apr-2017,5662.5,54750,51.34,120.1625
24-Apr-2017,5678,55000,51.31,120.1625
25-Apr-2017,5730,55000,51.29,120.1625
26-Apr-2017,5746,55000,51.05,120.1625
27-Apr-2017,5733,55250,51.13,120.1625
28-Apr-2017,5759,55000,51.16,120.1625
1-May-2017,5735.5,55000,50.66,118.0857143
2-May-2017,5802,54750,50.07,118.0857143
3-May-2017,5600,54750,49.97,118.0857143
4-May-2017,5566,54750,49.74,118.0857143
5-May-2017,5605,54750,48.53,118.0857143
8-May-2017,5525,54150,48.75,119.375
9-May-2017,5542.5,54250,48.5,119.375
10-May-2017,5528,54250,49.82,119.375
11-May-2017,5543,54250,50.09,119.375
12-May-2017,5559.5,54250,50.05,119.375
15-May-2017,5629.5,54250,51.18,121.28125
16-May-2017,5636.5,55250,50.53,121.28125
17-May-2017,5632,55250,51.36,121.28125
18-May-2017,5608.5,54500,52.06,121.28125
19-May-2017,5700,54250,52.79,121.28125
22-May-2017,5730,54500,52.87,136.25
23-May-2017,5735,54500,53.5,136.25
24-May-2017,5717,54500,53.6,136.25
25-May-2017,5746,55250,50.65,136.25
26-May-2017,5680,55750,51.43,136.25
29-May-2017,5680,55750,51.22,101.8541667
30-May-2017,5673.5,55750,50.82,101.8541667
31-May-2017,5710,55750,50.25,101.8541667
1-Jun-2017,5699,55750,49.75,101.8541667
2-Jun-2017,5665,55750,49.28,101.8541667
5-Jun-2017,5628,55750,48.43,76.5
6-Jun-2017,5616,55750,49.27,76.5
7-Jun-2017,5621,55750,47.67,76.5
8-Jun-2017,5729.5,55750,47.16,76.5
9-Jun-2017,5804,55750,47.51,76.5
12-Jun-2017,5772,56250,47.82,76.5
13-Jun-2017,5717,56500,47.55,76.5
14-Jun-2017,5699,56500,46.27,76.5
15-Jun-2017,5661,56500,46.08,76.5
16-Jun-2017,5663,57750,46.49,76.5
19-Jun-2017,5724,57500,46.06,76.5
20-Jun-2017,5657,58250,45.15,76.5
21-Jun-2017,5742,58250,44.06,76.5
22-Jun-2017,5742,58125,44.54,76.5
23-Jun-2017,5800.5,58250,44.81,76.5
26-Jun-2017,5814,58750,45.19,90.82954545
27-Jun-2017,5867,58750,45.87,90.82954545
28-Jun-2017,5896,59250,46.89,90.82954545
29-Jun-2017,5941.5,59750,47.05,90.82954545
30-Jun-2017,5969,59750,47.75,90.82954545
3-Jul-2017,5929,59220,48.69,76.51136364
4-Jul-2017,5892,58473,48.88,76.51136364
5-Jul-2017,5841,58476,47.32,76.51136364
6-Jul-2017,5851,58250,46.84,76.51136364
7-Jul-2017,5844,58200,45.93,76.51136364
10-Jul-2017,5825,58200,46.35,75.84090909
11-Jul-2017,5876,58200,47.46,75.84090909
12-Jul-2017,5905.5,57700,46.95,75.84090909
13-Jul-2017,5877,57550,47.56,75.84090909
14-Jul-2017,5927,57350,48.09,75.84090909
17-Jul-2017,5996,57350,47.7,75.32954545
18-Jul-2017,6007,57100,47.94,75.32954545
19-Jul-2017,5967,57010,48.81,75.32954545
20-Jul-2017,5958.5,57120,48.41,75.32954545
21-Jul-2017,6004,56870,47.23,75.32954545
24-Jul-2017,6027.5,57000,48,72.82954545
25-Jul-2017,6225,56250,49.8,72.82954545
26-Jul-2017,6329,56250,49.86,72.82954545
27-Jul-2017,6330,56250,50.27,72.82954545
28-Jul-2017,6325,56250,51.03,72.82954545
31-Jul-2017,6369.5,56250,51.68,70.5
1-Aug-2017,6345,56250,50.35,70.5
2-Aug-2017,6353,55250,51.17,70.5
3-Aug-2017,6353,56500,50.74,70.5
4-Aug-2017,6372,57000,51.38,70.5
7-Aug-2017,6414,57500,51.07,69.81818182
8-Aug-2017,6480,57150,50.86,69.81818182
9-Aug-2017,6455.5,57200,51.55,69.81818182
10-Aug-2017,6424,57200,50.25,69.81818182
11-Aug-2017,6411,56750,50.52,69.81818182
14-Aug-2017,6401,56770,50.31,69.81818182
15-Aug-2017,6379,56780,49.4,69.81818182
16-Aug-2017,6532,56788,48.8,69.81818182
17-Aug-2017,6490,56796,49.03,69.81818182
18-Aug-2017,6487,60296,50.9,69.81818182
21-Aug-2017,6587,59584,49.82,66.125
22-Aug-2017,6581,59800,49.85,66.125
23-Aug-2017,6565,59925,50.62,66.125
24-Aug-2017,6689,59925,50.3,66.125
25-Aug-2017,6667,60675,50.4,66.125
28-Aug-2017,6667,60675,50.18,65.80952381
29-Aug-2017,6791.5,61250,50.11,65.80952381
30-Aug-2017,6769,60750,49.48,65.80952381
31-Aug-2017,6788,60750,51.68,65.80952381
1-Sep-2017,6836,60750,51.61,65.80952381
4-Sep-2017,6918,60750,50.73,64.982125
5-Sep-2017,6900,60750,51.92,64.982125
6-Sep-2017,6901,60750,52.49,64.982125
7-Sep-2017,6899,60750,52.88,64.982125
8-Sep-2017,6693,60750,52.04,64.982125
11-Sep-2017,6749,60750,52.07,65.53575
12-Sep-2017,6669,60550,52.42,65.53575
13-Sep-2017,6554,60550,53.2,65.53575
14-Sep-2017,6498,60550,53.42,65.53575
15-Sep-2017,6507,61750,53.82,65.53575
18-Sep-2017,6527,59750,53.67,65.53575
19-Sep-2017,6539,59750,53.67,65.044625
20-Sep-2017,6527,59250,54.35,65.044625
21-Sep-2017,6480,59256,54.55,65.044625
22-Sep-2017,6457,59262,54.71,65.044625
25-Sep-2017,6450,59268,56.57,65.044625
26-Sep-2017,6415,59260,56.09,65.04464286
27-Sep-2017,6437,58760,55.46,65.04464286
28-Sep-2017,6523,58766,55.19,65.04464286
29-Sep-2017,6481.5,59000,55.21,65.04464286
2-Oct-2017,6493.5,59500,54.12,60.982125
3-Oct-2017,6520,59507,53.6,60.982125
4-Oct-2017,6522,58763,53.82,60.982125
5-Oct-2017,6701,58769,54.74,60.982125
6-Oct-2017,6667,58350,53.36,60.982125
9-Oct-2017,6667,59113,53.57,61.40625
10-Oct-2017,6760,59120,54.23,61.40625
11-Oct-2017,6801,59376,54.35,61.40625
12-Oct-2017,6887,59382.5,54.35,61.40625
13-Oct-2017,6882,59382.5,54.83,61.40625
16-Oct-2017,7135,59119.85714,55.29,61.328125
17-Oct-2017,7028,59200.92857,55.55,61.328125
18-Oct-2017,6991,59299.42857,55.67,61.328125
19-Oct-2017,6968,59381.21429,54.86,61.328125
20-Oct-2017,6952,59480.85714,55.58,61.328125
23-Oct-2017,7005,59508.57143,55.13,60.078125
24-Oct-2017,7036,59625.14286,55.91,60.078125
25-Oct-2017,7012,59741.28571,55.87,60.078125
26-Oct-2017,6987,59860.21429,56.86,60.078125
27-Oct-2017,6830,59951.78571,57.88,60.078125
30-Oct-2017,6867,60965,58.33,59.6875
31-Oct-2017,6840,60100,59.29,59.6875
1-Nov-2017,6935,61604,58.07,59.6875
2-Nov-2017,6929.5,61000,58.37,59.6875
3-Nov-2017,6895,60500,59.55,59.6875
6-Nov-2017,6971,60510,61.35,59.6875
7-Nov-2017,6827,60515,60.83,59.6875
8-Nov-2017,6855,59850,60.89,59.6875
9-Nov-2017,6809,61250,61.13,59.6875
10-Nov-2017,6786,60750,60.96,59.6875
13-Nov-2017,6895,60750,60.71,59.796875
14-Nov-2017,6759.5,60750,59.22,59.796875
15-Nov-2017,6759.5,60750,59.61,59.796875
16-Nov-2017,6737.5,60750,59.22,59.796875
17-Nov-2017,6778,60750,60.31,59.796875
20-Nov-2017,6828,60750,59.8,60.421875
21-Nov-2017,6910,60750,60.76,60.421875
22-Nov-2017,6954,60750,60.37,60.421875
23-Nov-2017,6963,60750,60.5,60.421875
24-Nov-2017,7002,60750,60.81,60.421875
27-Nov-2017,6942,63750,60.35,60.515625
28-Nov-2017,6806,68250,60.21,60.515625
29-Nov-2017,6760,66250,59.96,60.515625
30-Nov-2017,6763,66750,60.96,60.515625
1-Dec-2017,6833,66250,60.72,60.515625
4-Dec-2017,6826.5,68250,59.59,61.03125
5-Dec-2017,6544,69500,59.78,61.03125
6-Dec-2017,6552,69650,58.83,61.03125
7-Dec-2017,6564,69500,59.36,61.03125
8-Dec-2017,6571.5,74500,60.5,61.03125
11-Dec-2017,6670,74750,61.34,63.53125
12-Dec-2017,6663,72750,60.09,63.53125
13-Dec-2017,6729.5,71000,59.48,63.53125
14-Dec-2017,6793,72250,60.11,63.53125
15-Dec-2017,6886,72250,59.88,63.53125
18-Dec-2017,6906,72250,60.3,63.4375
19-Dec-2017,6943,74250,60.78,63.4375
20-Dec-2017,7045,74750,61.31,63.4375
21-Dec-2017,7086,75250,61.39,63.4375
22-Dec-2017,7125,75250,61.87,63.4375
26-Dec-2017,7125,75250,63.41,64.79166667
27-Dec-2017,7240,75250,63.12,64.79166667
28-Dec-2017,7290,75250,64.06,64.79166667
29-Dec-2017,7248,75250,63.88,64.79166667
31-Dec-2017,7205,75250,63.42,59.6875
2-Jan-2018,7148,75250,64.63,59.6875
3-Jan-2018,7189,75250,64.63,59.6875
4-Jan-2018,7122,75250,64.31,59.6875
5-Jan-2018,7125,75250,61.87,63.4375
8-Jan-2018,7126,75250,65.02,64.79166667
9-Jan-2018,7103,75250,66.04,64.79166667
10-Jan-2018,7154,75250,65.71,64.79166667
11-Jan-2018,7141,75250,65.61,64.79166667
12-Jan-2018,7111,75250,66.23,64.79166667
15-Jan-2018,7210,78250,66.39,64.79166667
16-Jan-2018,7079,77250,65.76,64.79166667
17-Jan-2018,7035,77250,66.14,64.79166667
18-Jan-2018,7077,77250,64.83,64.79166667
19-Jan-2018,7135,77250,65.27,64.79166667
22-Jan-2018,7068,79750,66.02,64.79166667
23-Jan-2018,6923,79750,66.34,64.79166667
24-Jan-2018,7150,79750,67.39,64.79166667
25-Jan-2018,7138,79750,66.53,64.79166667
26-Jan-2018,7085,80000,66.85,64.79166667
29-Jan-2018,7085,80000,65.74,67.875
30-Jan-2018,7050,80250,64.88,67.875
31-Jan-2018,7118,80250,65.55,67.875
1-Feb-2018,7119,80250,66.53,67.875
2-Feb-2018,7045,80750,65.2,67.875
5-Feb-2018,7170,80750,63.43,65.77783333
6-Feb-2018,7077,80750,64.03,65.77783333
7-Feb-2018,6880.5,80750,61.74,65.77783333
8-Feb-2018,6845,81250,60.71,65.77783333
9-Feb-2018,6755,81250,59.26,65.77783333
12-Feb-2018,6831.5,81250,59.53,68.52775
13-Feb-2018,6989,81250,59.34,68.52775
14-Feb-2018,7164,81000,61.64,68.52775
15-Feb-2018,7183,81500,61.16,68.52775
16-Feb-2018,7234,81500,61.43,68.52775
19-Feb-2018,7118,81250,61.96,68.52775
20-Feb-2018,7091,81250,61.53,68.52775
21-Feb-2018,7119,81250,61.37,68.52775
22-Feb-2018,7163,82500,62.98,68.52775
23-Feb-2018,7095,82500,63.9,68.52775
26-Feb-2018,7111,82750,64.02,75
27-Feb-2018,7021,82250,62.85,75
28-Feb-2018,6932,81000,62.04,75
1-Mar-2018,6922,81000,60.25,75
2-Mar-2018,6898.5,79250,60.78,75
5-Mar-2018,6910.5,80500,62.22,65.74066667
6-Mar-2018,7004,83250,61.92,65.74066667
7-Mar-2018,6950.5,83250,61.17,65.74066667
13-Mar-2018,6945,84750,61.52,65.68518519
14-Mar-2018,6990,85750,61.85,65.68518519
15-Mar-2018,6920.5,87750,61.84,65.68518519
16-Mar-2018,6888,89000,62.92,65.68518519
19-Mar-2018,6855,89250,62.91,66.0555
20-Mar-2018,6756,90250,64.06,66.0555
21-Mar-2018,6794,95250,65.95,66.0555
22-Mar-2018,6696,94750,65.91,66.0555
23-Mar-2018,6660.5,94500,66.46,66.0555
26-Mar-2018,6603,94500,66.38,66.14816667
27-Mar-2018,6649,93750,65.73,66.14816667
28-Mar-2018,6665,93750,65.7,66.14816667
29-Mar-2018,6714,93750,66.8,66.14816667
3-Apr-2018,6796,93250,64.32,66.0555
4-Apr-2018,6725,89250,64.74,66.0555
5-Apr-2018,6816,91250,64.39,66.0555
6-Apr-2018,6769.5,91250,63.48,66.0555
9-Apr-2018,6832,91250,65.44,66.14816667
10-Apr-2018,6945.5,91250,66.82,66.14816667
11-Apr-2018,6950.5,91250,68.39,66.14816667
12-Apr-2018,6821,92000,67.71,66.14816667
13-Apr-2018,6830,92000,68.34,66.14816667
16-Apr-2018,6911,91250,67.54,67.48333333
17-Apr-2018,6878,92000,67.8,67.48333333
18-Apr-2018,7023,91250,69.44,67.48333333
19-Apr-2018,6985,91250,69.68,67.48333333
20-Apr-2018,6993,91250,69.85,67.48333333
23-Apr-2018,6944,91500,71.07,69.15
24-Apr-2018,7013,91500,69.38,69.15
25-Apr-2018,7008,88750,69.97,69.15
26-Apr-2018,6965.5,88750,69.92,69.15
27-Apr-2018,6797,88750,70.02,69.15
30-Apr-2018,6808,88750,71.02,69.15
1-May-2018,6746,90250,69.49,69.15
2-May-2018,6820.5,88750,69.16,69.15
3-May-2018,6828,88750,69.59,69.15
6-May-2018,6826.5,88750,70.9,69.15
7-May-2018,6826.5,88750,71.49,69.15
8-May-2018,6745.5,88750,72.46,69.15
9-May-2018,6810.5,89250,73.63,69.15
10-May-2018,6918,90500,73.41,69.15
11-May-2018,6945,91000,73.1,69.15
14-May-2018,6885,91000,73.98,75.1
15-May-2018,6809,90750,73.96,75.1
16-May-2018,6827,90750,75.34,75.1
17-May-2018,6879,90750,75.53,75.1
18-May-2018,6855.5,90750,74.66,75.1
21-May-2018,6879,92000,75.62,75.1
22-May-2018,6979.5,92500,75.58,75.1
23-May-2018,6867,92250,75.91,75.1
24-May-2018,6880,90750,75.15,75.1
25-May-2018,6886,90750,72.91,75.1
28-May-2018,6886,90750,72.41,75.1
29-May-2018,6860,90500,71.96,75.1
30-May-2018,6841,90500,74.06,75.1
31-May-2018,6852,90000,73.78,75.1
1-Jun-2018,6896,88000,73.32,75.1
4-Jun-2018,6976,87750,72.44,75.1
5-Jun-2018,7099,86750,72.22,75.1
6-Jun-2018,7221,83750,72.12,75.1
7-Jun-2018,7332.5,82000,73.91,75.1
8-Jun-2018,7312.5,82750,73.07,75.1
11-Jun-2018,7256,82500,73.28,75.1
12-Jun-2018,7222,81000,72.26,75.1
13-Jun-2018,7258,81250,73.42,75.1
14-Jun-2018,7177,81500,72.49,75.1
15-Jun-2018,7021,80000,69.94,75.1
18-Jun-2018,6964,80500,71.39,70.83333333
19-Jun-2018,6840,80000,71.64,70.83333333
20-Jun-2018,6773,80500,70.92,70.83333333
21-Jun-2018,6787,80000,70.53,70.83333333
22-Jun-2018,6789,79300,71.91,70.83333333
25-Jun-2018,6755.5,79000,71.41,71.20833333
26-Jun-2018,6713,77500,73.34,71.20833333
27-Jun-2018,6692.5,79000,74.18,71.20833333
28-Jun-2018,6623.5,77500,74.44,71.20833333
29-Jun-2018,6626,77800,75.96,71.20833333
2-Jul-2018,6523,75000,74.59,71.66666667
3-Jul-2018,6492,75000,74.59,71.66666667
4-Jul-2018,6386,72000,73.92,71.66666667
5-Jul-2018,6345.5,72500,73.54,71.66666667
6-Jul-2018,6282,73000,73.57,71.66666667
9-Jul-2018,6391,73250,74.88,73.33333333
10-Jul-2018,6332.5,70000,74.7,73.33333333
11-Jul-2018,6145.5,70500,71.39,73.33333333
12-Jul-2018,6228.5,70500,71.68,73.33333333
13-Jul-2018,6238,70500,72.61,73.33333333
16-Jul-2018,6192.5,68000,69.68,75.33333333
17-Jul-2018,6152,70000,69.9,75.33333333
18-Jul-2018,6151,70000,70.71,75.33333333
19-Jul-2018,6065,70000,70.33,75.33333333
20-Jul-2018,6148,70000,70.78,75.33333333
23-Jul-2018,6130.5,70000,71.26,74.17516667
24-Jul-2018,6295,70000,71.96,74.17516667
25-Jul-2018,6290,70000,72.68,74.17516667
26-Jul-2018,6291,70000,73.29,74.17516667
27-Jul-2018,6297,70000,73.09,74.17516667
30-Jul-2018,6235.5,70000,73.74,75.35716667
31-Jul-2018,6235.5,70000,70.83,75.35716667
1-Aug-2018,6183.46,68000,70.88,75.35716667
2-Aug-2018,6121.6,67000,71.64,75.35716667
3-Aug-2018,6161.6,65000,71.6,75.35716667
7-Aug-2018,6132.8,59700,72.14,75.35716667
8-Aug-2018,6132.8,56000,72.91,75.35716667
9-Aug-2018,6177.1,62000,70.88,75.35716667
10-Aug-2018,6177.1,62500,70.45,75.35716667
13-Aug-2018,6177.1,62500,71.15,75.35716667
14-Aug-2018,6121,64500,71.23,75.35716667
15-Aug-2018,6031,64500,70.59,75.35716667
16-Aug-2018,5839,64500,69.21,75.35716667
17-Aug-2018,5920,64500,69.73,75.35716667
20-Aug-2018,5990.35,64500,70.39,82.85714286
21-Aug-2018,6061,64500,70.95,82.85714286
22-Aug-2018,6023.5,64500,72.92,82.85714286
23-Aug-2018,5984,64500,73.24,82.85714286
24-Aug-2018,6093.5,64500,73.92,82.85714286
27-Aug-2018,6093.5,64500,74.28,83.14285714
28-Aug-2018,6142.28,64500,73.89,83.14285714
29-Aug-2018,6100.85,65750,74.83,83.14285714
30-Aug-2018,6075,65750,75.25,83.14285714
31-Aug-2018,5988.5,65000,74.19,83.14285714
3-Sep-2018,5948,65000,74.84,74.30555556
4-Sep-2018,5948,65000,74.62,74.30555556
5-Sep-2018,5948,63000,73.89,74.30555556
6-Sep-2018,5949.52,63000,73.27,74.30555556
7-Sep-2018,5949.52,62500,73.49,74.30555556
10-Sep-2018,5894.5,62250,73.97,74.30555556
11-Sep-2018,5894.5,62250,76.45,74.30555556
12-Sep-2018,5905.85,63500,75.82,74.30555556
13-Sep-2018,6039.8,63250,75.04,74.30555556
14-Sep-2018,5982.85,63250,74.66,74.30555556
17-Sep-2018,5939.12,63250,74.25,85
18-Sep-2018,6115.5,63250,75.53,85
19-Sep-2018,6115.5,63250,76.37,85
20-Sep-2018,6115.5,60500,75.21,85
21-Sep-2018,6304.05,62500,75.33,85
24-Sep-2018,6339.75,62500,77.79,85
25-Sep-2018,6284.5,62500,78.09,85
26-Sep-2018,6283.86,62500,78.76,85
27-Sep-2018,6283.86,62500,78.49,85
28-Sep-2018,6243.3,62500,79.49,85
1-Oct-2018,6243.3,58500,81.64,82.16666667
2-Oct-2018,6338,63000,81.35,82.16666667
3-Oct-2018,6338,55500,82.79,82.16666667
4-Oct-2018,6338,62000,81.85,82.16666667
5-Oct-2018,6198.88,56500,81.26,82.16666667
8-Oct-2018,6198.88,62500,81.29,82.16666667
9-Oct-2018,6187.25,62250,81.64,82.16666667
10-Oct-2018,6261.49,62000,78.82,82.16666667
11-Oct-2018,6275.5,62000,77.87,82.16666667
12-Oct-2018,6275.5,62000,77.67,82.16666667
15-Oct-2018,6275.5,62000,78.37,56.24074074
16-Oct-2018,6275.5,62000,79.1,56.24074074
17-Oct-2018,6275.5,61000,77.42,56.24074074
18-Oct-2018,6157.25,60250,76.87,56.24074074
19-Oct-2018,6220,60250,77.25,56.24074074
22-Oct-2018,6282.9,60250,77.28,41.16666667
23-Oct-2018,6176,60250,74.34,41.16666667
24-Oct-2018,6183,60250,73.92,41.16666667
25-Oct-2018,6193,60250,74.26,41.16666667
26-Oct-2018,6137.83,59500,75.67,41.16666667
29-Oct-2018,6137.83,59500,75.46,55.77777778
30-Oct-2018,6073.5,59500,74.44,55.77777778
31-Oct-2018,6073.5,58000,73.79,55.77777778
1-Nov-2018,6125,58000,70.92,55.77777778
2-Nov-2018,6270,58000,71.11,55.77777778
5-Nov-2018,6207,53000,71.17,55.77777778
6-Nov-2018,6196.6,56000,70.2,55.77777778
7-Nov-2018,6196.6,55000,70.48,55.77777778
8-Nov-2018,6142,55000,69.18,55.77777778
9-Nov-2018,6142,51000,68.93,55.77777778
12-Nov-2018,6067.35,55000,68.1,55.77777778
13-Nov-2018,6150,55000,64.01,55.77777778
14-Nov-2018,6073.34,55000,64.8,55.77777778
15-Nov-2018,6208,55000,65.49,55.77777778
16-Nov-2018,6193,55000,65.29,55.77777778
19-Nov-2018,6249.38,55250,65.42,55.77777778
20-Nov-2018,6249.38,55250,61.96,55.77777778
21-Nov-2018,6238.55,55250,62.13,55.77777778
22-Nov-2018,6238.55,55250,61.28,55.77777778
23-Nov-2018,6209.12,55250,57.92,55.77777778
26-Nov-2018,6209.12,55250,58.66,55.77777778
27-Nov-2018,6141.28,55250,59.18,55.77777778
28-Nov-2018,6255,55250,58.12,55.77777778
29-Nov-2018,6242.31,55250,58.66,55.77777778
30-Nov-2018,6242.31,55250,57.32,55.77777778
3-Dec-2018,6274,55250,60.6,55.77777778
4-Dec-2018,6173.5,55250,60.02,55.77777778
5-Dec-2018,6187.45,55250,59.75,55.77777778
6-Dec-2018,6187.45,55250,58.3,55.77777778
7-Dec-2018,6151.92,55250,59.71,55.77777778
10-Dec-2018,6151.92,55250,58.23,55.77777778
11-Dec-2018,6160,55250,58.91,55.77777778
12-Dec-2018,6154.65,55250,58.7,55.77777778
13-Dec-2018,6179.95,55250,59.58,55.77777778
14-Dec-2018,6179.95,55250,58.53,55.77777778
17-Dec-2018,6179.95,58000,57.6,55.77777778
18-Dec-2018,6051.64,57000,54.62,55.77777778
19-Dec-2018,6051.64,55000,54.75,55.77777778
20-Dec-2018,6001.95,55000,53.86,55.77777778
21-Dec-2018,6037.5,55000,52.37,55.77777778
24-Dec-2018,6037.5,55500,49.1,83.80555556
25-Dec-2018,5954.52,55500,49.3,83.80555556
26-Dec-2018,5954.52,55500,52.97,83.80555556
27-Dec-2018,5954.52,55500,52.51,83.80555556
28-Dec-2018,5971.35,55500,50.92,83.80555556
31-Dec-2018,6063.25,55500,53.2,83.80555556
2-Jan-2019,5995.67,55500,53.08,83.80555556
3-Jan-2019,5995.67,47000,53.09,83.80555556
4-Jan-2019,5982.48,47000,54.78,83.80555556
7-Jan-2019,5927.14,44000,56.22,83.80555556
8-Jan-2019,5929,44000,58.01,83.80555556
9-Jan-2019,5929,44000,59.68,83.80555556
10-Jan-2019,5943.5,45000,60.3,83.80555556
11-Jan-2019,5974.89,42000,59.33,83.80555556
14-Jan-2019,5974.89,40000,58.51,83.80555556
15-Jan-2019,5930.69,45000,59.63,83.80555556
16-Jan-2019,5951,42000,59.84,83.80555556
17-Jan-2019,5951,40000,60.53,83.80555556
18-Jan-2019,6036.1,38000,61.61,83.80555556
21-Jan-2019,5973.5,38000,61.21,83.80555556
22-Jan-2019,5973.5,40000,60.55,83.80555556
23-Jan-2019,5973.5,40000,59.91,83.80555556
24-Jan-2019,5973.5,40000,61.16,83.80555556
25-Jan-2019,6052.65,40000,60.88,83.80555556
28-Jan-2019,5999.85,40000,59.3,83.66675
29-Jan-2019,5999.85,37500,60.46,83.66675
30-Jan-2019,6154.35,36000,61.28,83.66675
31-Jan-2019,6154.35,34000,61.34,83.66675
1-Feb-2019,6131,34000,62.11,83.66675
4-Feb-2019,6173.5,34000,62.1,88.341
5-Feb-2019,6235.5,33000,61.53,88.341
6-Feb-2019,6245.76,33000,61.96,88.341
7-Feb-2019,6264.5,33000,60.81,88.341
8-Feb-2019,6264.5,33000,61.49,88.341
11-Feb-2019,6162.85,32000,61.43,88.341
12-Feb-2019,6139.97,32000,62.53,88.341
13-Feb-2019,6140,32000,63.48,88.341
14-Feb-2019,6164.85,31000,64.45,88.341
15-Feb-2019,6187.75,31000,65.68,88.341
18-Feb-2019,6236.05,31000,65.51,92.09375
19-Feb-2019,6265.15,31000,65.8,92.09375
20-Feb-2019,6426.5,31000,66.69,92.09375
21-Feb-2019,6373,31000,66.6,92.09375
22-Feb-2019,6434.19,31000,66.66,92.09375
25-Feb-2019,6479.25,32000,64.08,92.09375
26-Feb-2019,6468,32000,65.2,92.09375
27-Feb-2019,6480,32000,65.98,92.09375
28-Feb-2019,6500.33,33000,65.84,92.09375
1-Mar-2019,6526,33000,64.62,92.09375
4-Mar-2019,6411.56,33000,64.96,93.46428571
5-Mar-2019,6479.77,33000,65.88,93.46428571
6-Mar-2019,6482.14,33000,65.84,93.46428571
7-Mar-2019,6419.38,35000,65.69,93.46428571
8-Mar-2019,6419.38,33000,65.51,93.46428571
11-Mar-2019,6412.2,33000,66.63,93.46428571
12-Mar-2019,6491.43,33000,66.45,93.46428571
13-Mar-2019,6467.5,32000,67.26,93.46428571
14-Mar-2019,6384.4,31000,66.67,93.46428571
15-Mar-2019,6384.4,30000,66.6,93.46428571
18-Mar-2019,6384.4,31000,66.75,92.70825
19-Mar-2019,6384.4,31000,66.79,92.70825
20-Mar-2019,6444.81,30000,67.71,92.70825
21-Mar-2019,6505.38,30000,66.82,92.70825
22-Mar-2019,6505.38,30000,66.22,92.70825
25-Mar-2019,6505.38,30000,66.48,93.9285
26-Mar-2019,6327.17,30000,66.81,93.9285
27-Mar-2019,6327.17,30000,66.14,93.9285
28-Mar-2019,6341.8,30000,66.62,93.9285
29-Mar-2019,6341.8,31000,67.53,93.9285
1-Apr-2019,6341.8,31000,67.88,93.9285
2-Apr-2019,6430.57,32500,68.26,93.9285
3-Apr-2019,6430.57,32000,67.89,93.9285
4-Apr-2019,6429.5,32000,67.91,93.9285
5-Apr-2019,6427.9,33000,68.86,93.9285
8-Apr-2019,6457.58,33000,69.52,93.75
9-Apr-2019,6515.18,33500,68.95,93.75
10-Apr-2019,6515.18,33500,69.37,93.75
11-Apr-2019,6416,35000,69,93.75
12-Apr-2019,6505.5,36000,69.24,93.75
15-Apr-2019,6482,35500,69.13,104.25
18-Apr-2019,6476.75,34750,70.22,104.25
17-Apr-2019,6552.75,35500,69.41,104.25
18-Apr-2019,6552.75,35500,69.9,104.25
19-Apr-2019,6552.75,35500,69.9,104.25
22-Apr-2019,6552.75,35500,71.68,104.25
23-Apr-2019,6406.43,34750,71.74,104.25
24-Apr-2019,6438.75,34750,71.91,104.25
25-Apr-2019,6341.5,34750,71.45,104.25
26-Apr-2019,6402.5,34750,69.83,104.25
29-Apr-2019,6410.75,34750,69.97,104.25
30-Apr-2019,6447.98,34750,69.99,104.25
1-May-2019,6447.98,34750,69.63,104.25
2-May-2019,6160.5,34750,68.41,104.25
3-May-2019,6189.5,45000,67.69,104.25
6-May-2019,6189.5,45000,67.69,100.83325
7-May-2019,6189.5,45000,67.69,100.83325
8-May-2019,6189.5,45000,67.69,100.83325
9-May-2019,6189.5,45000,67.69,100.83325
10-May-2019,6189.5,45000,67.69,100.83325
13-May-2019,6189.5,34750,67.22,106.45825
14-May-2019,6189.5,45000,67.68,106.45825
15-May-2019,6189.5,34750,69.29,106.45825
16-May-2019,6189.5,34750,70.02,106.45825
17-May-2019,6064,34750,69.15,106.45825
20-May-2019,6064,34750,69.27,106.45825
21-May-2019,6073.8,34750,68.53,106.45825
22-May-2019,6057,34500,67.35,106.45825
23-May-2019,6028.85,34500,64.38,106.45825
24-May-2019,6023.85,34000,64.7,106.45825
27-May-2019,6023.85,34000,65.9,107.75
28-May-2019,6023.85,34000,65.35,107.75
29-May-2019,5987.85,34000,65.46,107.75
30-May-2019,5987.85,34000,62.36,107.75
31-May-2019,5987.85,32500,58.58,107.75
3-Jun-2019,5842,32500,58.21,132.8125
4-Jun-2019,5879,32500,58.5,132.8125
5-Jun-2019,5807,32500,57.28,132.8125
6-Jun-2019,5808,31000,58.67,132.8125
7-Jun-2019,5799,28000,59.69,132.8125
10-Jun-2019,5874,28000,59.29,131.875
11-Jun-2019,5876,28000,58.35,131.875
12-Jun-2019,5852,28000,57.04,131.875
13-Jun-2019,5858,28000,58.03,131.875
14-Jun-2019,5822,28000,58.59,131.875
17-Jun-2019,5845,28000,57.53,132.3215
18-Jun-2019,5949,28000,58.95,132.3215
19-Jun-2019,5918,28000,59.48,132.3215
20-Jun-2019,5973,28000,61.73,132.3215
21-Jun-2019,5971,28000,62.14,132.3215
24-Jun-2019,5960,28000,61.37,132.5
25-Jun-2019,6042,28000,62.97,132.5
26-Jun-2019,5988,28000,63.02,132.5
27-Jun-2019,5989,30000,62.89,132.5
28-Jun-2019,5993,30000,62.66,132.5
3-Jul-2019,5918,30000,60.84,132.5
4-Jul-2019,5920,30000,60.57,132.5
5-Jul-2019,5902,30000,61.73,132.5
8-Jul-2019,5892,30000,61.36,132.5
9-Jul-2019,5822,28000,62.52,132.5
10-Jul-2019,5940,28000,64.54,132.5
11-Jul-2019,5955,28000,64.17,132.5
12-Jul-2019,5935,28000,63.93,138.25
15-Jul-2019,5983,29000,63.54,138.25
16-Jul-2019,6012,29000,61.21,138.25
17-Jul-2019,5980,29000,60.7,138.25
18-Jul-2019,5983,29000,60.13,138.25
19-Jul-2019,6065,29000,59.98,139.3795
22-Jul-2019,6017.5,29000,60.8,139.3795
23-Jul-2019,5968,29000,61.71,139.3795
24-Jul-2019,5999,29000,61.38,139.3795
25-Jul-2019,6007,29000,61.47,139.3795
26-Jul-2019,5963,26500,61.28,143.4375
29-Jul-2019,6018,26500,61.88,143.4375
30-Jul-2019,5948,26500,62.84,143.4375
31-Jul-2019,5927,26500,61.55,143.4375
1-Aug-2019,5899,26500,58.65,143.4375
2-Aug-2019,5729.5,26500,58.75,152.03125
5-Aug-2019,5685,26000,57.2,152.03125
6-Aug-2019,5683,28300,55.92,152.03125
7-Aug-2019,5705,28300,55.46,152.03125
8-Aug-2019,5798,28500,55.14,152.03125
9-Aug-2019,5755,28500,56.23,153.1945
12-Aug-2019,5742,31500,56.14,153.1945
13-Aug-2019,5828.5,30500,57.91,153.1945
14-Aug-2019,5765,30500,56.58,153.1945
15-Aug-2019,5751,32600,56.1,153.1945
16-Aug-2019,5744,32600,55.99,153.889
19-Aug-2019,5775.75,33100,57.08,153.889
20-Aug-2019,5775.75,33100,57.72,153.889
21-Aug-2019,5775.75,33100,58.24,153.889
22-Aug-2019,5775.75,33100,57.93,153.889
23-Aug-2019,5719.35,33100,56.72,142.08325
26-Aug-2019,5719.35,33100,56.32,142.08325
27-Aug-2019,5672.5,33100,57.59,142.08325
28-Aug-2019,5705,33100,57.62,142.08325
29-Aug-2019,5705,33100,58.31,142.08325
30-Aug-2019,5658.5,33100,57.1,142.08325
2-Sep-2019,5620,36000,55.74,142.08325
3-Sep-2019,5610,35500,55.35,142.08325
4-Sep-2019,5711.99,35500,57.53,142.08325
5-Sep-2019,5844.5,35500,57.53,142.08325
6-Sep-2019,5844.5,35750,58.09,142.08325
9-Sep-2019,5814.75,35750,59.47,141.375
10-Sep-2019,5814.75,36500,59.26,141.375
11-Sep-2019,5775,37000,57.78,141.375
12-Sep-2019,5847,37000,57.42,141.375
13-Sep-2019,5968,37000,56.6,141.375
16-Sep-2019,5908.25,37000,63.57,152.66675
17-Sep-2019,5821.5,37000,60.6,152.66675
18-Sep-2019,5789.86,37000,59.9,152.66675
19-Sep-2019,5789.5,37500,61.74,152.66675
23-Sep-2019,5772.5,37500,60.87,152.66675
24-Sep-2019,5780.5,38000,60.98,152.9445
25-Sep-2019,5780,38000,59.09,152.9445
26-Sep-2019,5787,38000,58.95,152.9445
27-Sep-2019,5724,38000,59.14,152.9445
30-Sep-2019,5713.5,36500,56.12,157.639
1-Oct-2019,5596.85,36500,56.21,157.639
2-Oct-2019,5679.4,36500,54.93,157.639
3-Oct-2019,5679.4,36500,55.07,157.639
4-Oct-2019,5668,35000,55.36,157.639
5-Oct-2019,5715,35000,55.9,159.72225
8-Oct-2019,5694,35000,55.17,159.72225
9-Oct-2019,5690,35750,55.3,159.72225
10-Oct-2019,5690,36500,56.36,159.72225
11-Oct-2019,5803.44,36500,57.63,159.72225
14-Oct-2019,5817,36500,56.24,159.72225
15-Oct-2019,5775,36500,56.82,159.72225
16-Oct-2019,5737,36500,56.89,159.72225
17-Oct-2019,5737,36500,57.46,159.72225
18-Oct-2019,5817,36500,56.84,159.72225
21-Oct-2019,5817,36500,56.53,159.72225
22-Oct-2019,5826.5,36500,56.7,159.72225
23-Oct-2019,5892.5,36500,58.09,159.72225
28-Oct-2019,5918,36500,58.54,159.72225
29-Oct-2019,5923.83,36500,58.45,159.72225
30-Oct-2019,5923.83,36500,58.11,159.72225
31-Oct-2019,5816.5,36500,57.6,159.72225
1-Nov-2019,5850,36500,58.37,159.72225
4-Nov-2019,5850,36500,58.5,159.72225
5-Nov-2019,5946,36500,58.97,159.72225
6-Nov-2019,5880.5,36500,58.04,159.72225
7-Nov-2019,5971,36500,58.32,159.72225
8-Nov-2019,5918.71,36500,58.92,159.72225
11-Nov-2019,5896,36500,58.59,159.375
12-Nov-2019,5862.5,36500,58.68,159.375
13-Nov-2019,5839.48,36500,59.39,159.375
14-Nov-2019,5839.48,36500,59.22,159.375
15-Nov-2019,5839.48,36500,59.95,159.375
18-Nov-2019,5813,36500,58.86,159.375
19-Nov-2019,5813,36500,57.54,159.375
20-Nov-2019,5866.28,36500,59.04,159.375
21-Nov-2019,5819,36500,60.28,159.375
22-Nov-2019,5839.2,36500,60.4,159.375
25-Nov-2019,5839.2,36500,60.38,159.375
26-Nov-2019,5926.3,36500,60.97,159.375
27-Nov-2019,5927.5,36500,60.8,159.375
28-Nov-2019,5892,36500,61.24,159.375
29-Nov-2019,5861.35,36000,58.61,159.375
2-Dec-2019,5860.5,36000,58.41,159.375
3-Dec-2019,5860.5,36000,58.6,159.375
4-Dec-2019,5860.5,36000,60.09,159.375
5-Dec-2019,5860.5,35000,60.57,159.375
6-Dec-2019,5895,35000,61.48,159.375
9-Dec-2019,6074.5,35000,61.28,159.375
10-Dec-2019,6074.5,35000,61.17,159.375
11-Dec-2019,6074.5,35000,60.99,159.375
12-Dec-2019,6158.5,35000,61.79,159.375
13-Dec-2019,6158.5,35000,62.65,159.375
16-Dec-2019,6158.5,35000,62.67,159.375
17-Dec-2019,6158.5,33000,63.06,159.375
18-Dec-2019,6174.32,33000,63.52,159.375
19-Dec-2019,6174.32,33000,63.84,159.375
20-Dec-2019,6197.5,33000,63.6,159.375
23-Dec-2019,6197.5,33000,63.97,155.0272727
24-Dec-2019,6197.5,33000,64.76,155.0272727
26-Dec-2019,6197.5,33000,65.58,155.0272727
27-Dec-2019,6216,33000,65.48,155.0272727
30-Dec-2019,6215,33000,66.68,155.0272727
31-Dec-2019,6173,33000,63.41,155.0272727
2-Jan-2020,6174.75,33000,65.77,155.0272727
3-Jan-2020,6144.5,32500,66.09,155.0272727
6-Jan-2020,6149.5,32500,65.7,155.0272727
7-Jan-2020,6150.5,32250,66.86,155.0272727
8-Jan-2020,6150.5,32000,63.94,155.0272727
9-Jan-2020,6193,33500,63.19,155.0272727
10-Jan-2020,6195,33000,63.16,155.0272727
13-Jan-2020,6286,33000,62.6,155.0272727
14-Jan-2020,6286,33000,62.47,155.0272727
15-Jan-2020,6290,33000,62.65,155.0272727
16-Jan-2020,6290,33000,62.72,155.0272727
17-Jan-2020,6267.7,32500,62.57,155.0272727
20-Jan-2020,6266,32500,62.65,155.0272727
21-Jan-2020,6266,32500,62.22,155.0272727
22-Jan-2020,6126.25,32750,60.52,155.0272727
23-Jan-2020,6126.25,32750,59.97,155.0272727
24-Jan-2020,5926.5,32750,58.55,155.0272727
27-Jan-2020,5823.02,32750,57,155.0272727
28-Jan-2020,5823.02,33000,57.9,155.0272727
29-Jan-2020,5823.02,33000,56.72,155.0272727
30-Jan-2020,5590.5,33000,57.24,155.0272727
31-Jan-2020,5590.5,35250,55.13,155.0272727
3-Feb-2020,5590.5,35250,53.32,155.0272727
4-Feb-2020,5639.15,34750,53.01,155.0272727
5-Feb-2020,5639.15,34750,55.12,155.0272727
6-Feb-2020,5747.5,34750,54.41,155.0272727
7-Feb-2020,5747.5,34750,53.81,155.0272727
10-Feb-2020,5658,34500,53,155.0272727
11-Feb-2020,5658,34500,53.5,155.0272727
12-Feb-2020,5658,34000,55.2,155.0272727
13-Feb-2020,5784,34000,55.48,155.0272727
14-Feb-2020,5772.5,34000,55.62,155.0272727
17-Feb-2020,5772.5,34000,55.62,167.8388889
18-Feb-2020,5772.5,34000,55.62,167.8388889
19-Feb-2020,5772.5,34000,55.62,167.8388889
20-Feb-2020,5772.5,34000,55.62,167.8388889
21-Feb-2020,5772.5,34000,55.62,167.8388889
24-Feb-2020,5772.5,34000,55.62,168.2166667
25-Feb-2020,5772.5,34000,55.62,168.2166667
26-Feb-2020,5772.5,34000,55.62,168.2166667
27-Feb-2020,5772.5,34000,55.62,168.2166667
28-Feb-2020,5772.5,34000,55.62,168.2166667
2-Mar-2020,5704,33500,52.11,168.2166667
3-Mar-2020,5675.5,33500,51.73,168.2166667
4-Mar-2020,5697,33500,51.31,168.2166667
5-Mar-2020,5677.12,33500,49.46,168.2166667
6-Mar-2020,5637.8,33500,45.04,168.2166667
10-Mar-2020,5592.42,33500,37.17,168.2166667
11-Mar-2020,5542.52,33500,35.21,168.2166667
13-Mar-2020,5409.39,32100,35.44,168.2166667
16-Mar-2020,5267.93,32100,33.63,168.2166667
17-Mar-2020,5143.82,30000,32.14,168.2166667
18-Mar-2020,4746.38,30000,29.85,168.2166667
19-Mar-2020,4601.37,30000,32.44,168.2166667
20-Mar-2020,4810.25,30000,29.99,168.2166667
23-Mar-2020,4661.5,30000,31.7,168.2166667
24-Mar-2020,4847.15,30000,32.29,168.2166667
25-Mar-2020,4875.5,30000,31.54,168.2166667
26-Mar-2020,4808,30000,30.86,168.2166667
27-Mar-2020,4846.52,30000,29.91,168.2166667
30-Mar-2020,4756.65,30000,30.36,168.2166667
31-Mar-2020,4921.45,30000,31.5,168.2166667
1-Apr-2020,4921.45,30000,29.29,168.2166667
2-Apr-2020,4840.04,30000,31.56,168.2166667
3-Apr-2020,4840.04,30000,35.3,168.2166667
6-Apr-2020,4915.34,30000,35.83,168.2166667
7-Apr-2020,5040.23,30000,35.16,168.2166667
8-Apr-2020,5025.35,31500,34.42,168.2166667
9-Apr-2020,5023,31500,33.91,168.2166667
14-Apr-2020,5163,30000,31.94,153.9048284
15-Apr-2020,5104,30000,31.4,153.9048284
16-Apr-2020,5125,30000,31.88,153.9048284
17-Apr-2020,5125,30000,32.01,197.1379056
20-Apr-2020,5171.73,30000,30.67,197.1379056
21-Apr-2020,5171.73,30000,23.98,197.1379056
22-Apr-2020,5136.5,30000,25.29,197.1379056
23-Apr-2020,5149.5,30000,27.5,197.1379056
24-Apr-2020,5139.25,30000,26.45,197.1379056
27-Apr-2020,5139.25,30000,24.66,197.1379056
28-Apr-2020,5209.5,30000,26.06,197.1379056
29-Apr-2020,5254,30000,28.1,197.1379056
30-Apr-2020,5182,30000,31.46,197.1379056
4-May-2020,5127.35,30000,30.66,190
5-May-2020,5127.35,30000,32.38,190
6-May-2020,5207.75,30000,31.04,190
7-May-2020,5284,31500,31.09,190
8-May-2020,5284,31500,32.39,190
11-May-2020,5284,30000,31.17,190
12-May-2020,5223,30000,31.04,190
13-May-2020,5223,30000,30.5,190
14-May-2020,5223,30000,32.43,190
15-May-2020,5223,30000,33.26,190
18-May-2020,5320,30000,34.99,190
19-May-2020,5347.2,30000,34.87,190
20-May-2020,5347.2,30000,36.02,190
21-May-2020,5384.5,30000,35.55,190
22-May-2020,5300.5,30000,35.83,190
26-May-2020,5369.75,30000,36.43,190
27-May-2020,5284.88,30000,34.17,190
28-May-2020,5332.5,30000,35.6,190
29-May-2020,5370.5,30000,37.77,190
1-Jun-2020,5401.83,30000,37.98,190
2-Jun-2020,5401.83,30000,39.89,190
3-Jun-2020,5515,30000,38.53,190
4-Jun-2020,5535.5,30000,39.64,190
5-Jun-2020,5653,31500,41.64,190
8-Jun-2020,5696,30000,40.82,190
9-Jun-2020,5727.27,30000,39.96,190
10-Jun-2020,5895.5,30000,40.36,190
11-Jun-2020,5895.5,30000,37.48,190
12-Jun-2020,5782.85,30000,38.35,190
15-Jun-2020,5740,30000,39.15,190
16-Jun-2020,5728.25,30000,39.17,190
17-Jun-2020,5728.25,30000,39.1,190
18-Jun-2020,5785.65,30000,40.94,190
19-Jun-2020,5785.65,30000,41.25,190
22-Jun-2020,5871.81,30000,42.01,190
23-Jun-2020,5895.35,30000,41.49,190
24-Jun-2020,5895.35,30000,39.48,190
25-Jun-2020,5895.35,30000,40.75,190
26-Jun-2020,5895.35,30000,40.05,190
29-Jun-2020,5895.35,30000,40.64,190
30-Jun-2020,5895.35,30000,40.85,190
1-Jul-2020,6042.75,30000,41.03,190
2-Jul-2020,6090.5,30000,41.95,190
3-Jul-2020,6022.75,30000,41.82,190
8-Jul-2020,6243,30000,42.3,128.8571429
9-Jul-2020,6243,30000,41.32,128.8571429
10-Jul-2020,6243,30000,42.58,120.875
13-Jul-2020,6575.5,30000,41.25,120.875
14-Jul-2020,6575.5,30000,42.52,120.875
15-Jul-2020,6575.5,30000,42.85,120.875
16-Jul-2020,6575.5,30000,42.51,120.875
17-Jul-2020,6575.5,30000,42.27,120.875
20-Jul-2020,6413,30000,42.57,120.875
21-Jul-2020,6506.5,30000,43.51,120.875
22-Jul-2020,6499,30000,43.9,120.875
23-Jul-2020,6511.8,30000,43.16,120.875
24-Jul-2020,6402.43,30000,43.03,120.875
27-Jul-2020,6402.43,30000,43.33,120.875
28-Jul-2020,6469.5,30000,43.06,120.875
29-Jul-2020,6474.5,29000,43.49,120.875
30-Jul-2020,6463.5,29000,42.98,120.875
31-Jul-2020,6429.5,29000,43.63,120.875
4-Aug-2020,6429.5,29000,43.89,120.875
5-Aug-2020,6508.86,29000,44.5,120.875
6-Aug-2020,6486,29000,44.48,120.875
7-Aug-2020,6486,29000,43.8,120.875
10-Aug-2020,6486,29000,44.73,120.875
11-Aug-2020,6486,29000,44.16,120.875
12-Aug-2020,6486,29000,44.79,120.875
13-Aug-2020,6275.5,29000,44.48,120.875
14-Aug-2020,6275.5,29000,44.3,120.875
17-Aug-2020,6275.5,29000,44.74,120.875
18-Aug-2020,6537,29000,44.93,120.875
19-Aug-2020,6621,29000,44.58,120.875
20-Aug-2020,6608.5,29000,44.74,120.875
21-Aug-2020,6608.5,29000,44.22,120.875
24-Aug-2020,6530.37,29000,44.96,120.875
25-Aug-2020,6530.37,29000,45.64,120.875
26-Aug-2020,6551.5,29000,45.33,120.875
27-Aug-2020,6623,29000,44.91,120.875
28-Aug-2020,6678,29000,44.83,120.875
31-Aug-2020,6678,33200,45.05,120.875
1-Sep-2020,6710.5,33200,45.6,120.875
2-Sep-2020,6689.5,33200,44.25,120.875
3-Sep-2020,6689.5,33200,43.56,120.875
4-Sep-2020,6760,33200,42.54,120.875
7-Sep-2020,6801.81,33200,41.96,120.875
8-Sep-2020,6690,33200,39.58,120.875
9-Sep-2020,6761,33200,40.35,120.875
10-Sep-2020,6637.5,33200,39.86,120.875
11-Sep-2020,6752.88,33200,39.73,120.875
14-Sep-2020,6797.8,33325,39.73,127.5714286
15-Sep-2020,6797,33325,41.32,127.5714286
16-Sep-2020,6775,34100,42.22,127.5714286
17-Sep-2020,6775,34100,43.27,127.5714286
18-Sep-2020,6825,34100,43.24,127.5714286
21-Sep-2020,6825,34100,41.73,127.5714286
22-Sep-2020,6764,34100,41.39,127.5714286
23-Sep-2020,6663.67,34100,41.55,127.5714286
24-Sep-2020,6570,34100,42.29,127.5714286
25-Sep-2020,6570,34100,42.22,127.5714286
28-Sep-2020,6570,34100,42.31,131.96
29-Sep-2020,6579,34100,40.77,131.96
30-Sep-2020,6579,34100,40.31,131.96
1-Oct-2020,6357,34100,40.29,131.96
2-Oct-2020,6488,34100,39.27,131.96
5-Oct-2020,6488,34100,41.32,131.96
6-Oct-2020,6532.5,34100,41.73,131.96
7-Oct-2020,6679,34100,41.96,131.96
8-Oct-2020,6666.8,34100,42.9,131.96
9-Oct-2020,6761.5,34100,42.61,131.96
12-Oct-2020,6761.5,34100,41.65,131.96
13-Oct-2020,6692,34100,42.08,131.96
14-Oct-2020,6709,34100,43.04,131.96
15-Oct-2020,6782,34100,42.63,131.96
16-Oct-2020,6734,34100,42.61,131.96
20-Oct-2020,6875,34100,42.57,131.96
21-Oct-2020,6875,34100,41.12,131.96
22-Oct-2020,6921.5,34100,42.13,131.96
23-Oct-2020,6870.73,33500,41.36,131.96
26-Oct-2020,6921.5,34100,40.45,131.96
27-Oct-2020,6795.3,34100,40.17,131.96
28-Oct-2020,6742.31,34100,39.2,131.96
29-Oct-2020,6733.5,34100,38.33,131.96
30-Oct-2020,6733.5,34100,38.07,131.96
2-Nov-2020,6733.5,34100,38.97,135.3571429
3-Nov-2020,6817.71,34100,40.01,135.3571429
4-Nov-2020,6817.71,34100,40.48,135.3571429
5-Nov-2020,6817.71,34100,40.06,135.3571429
6-Nov-2020,6929.5,34100,39.37,135.3571429
9-Nov-2020,6950.5,34100,41.59,138.2142857
10-Nov-2020,6950.5,34100,43.69,138.2142857
11-Nov-2020,6950.5,34100,43.75,138.2142857
12-Nov-2020,6932.5,34100,42.32,138.2142857
13-Nov-2020,6932.5,34100,42.3,138.2142857
16-Nov-2020,7102.5,34100,43.55,138.2142857
17-Nov-2020,7102.5,34100,43.09,138.2142857
18-Nov-2020,7065,34100,43.68,138.2142857
19-Nov-2020,7089.5,34100,43.68,138.2142857
20-Nov-2020,7089.5,34100,44.47,138.2142857
23-Nov-2020,7201.23,34100,45.54,138.2142857
24-Nov-2020,7294.5,34100,47.47,138.2142857
25-Nov-2020,7262.85,34100,48.15,138.2142857
26-Nov-2020,7412,34100,47.15,138.2142857
27-Nov-2020,7516,34500,47.65,138.2142857
30-Nov-2020,7679.1,34500,46.83,138.2142857
1-Dec-2020,7679.1,34500,46.14,138.2142857
2-Dec-2020,7679,34500,47.3,138.2142857
3-Dec-2020,7671.5,34500,48.54,138.2142857
4-Dec-2020,7761.5,42000,48.19,138.2142857
7-Dec-2020,7747.35,34500,47.46,138.2142857
8-Dec-2020,7703,34500,47.8,138.2142857
9-Dec-2020,7723.3,34500,48.19,138.2142857
10-Dec-2020,7723.3,34500,49.43,138.2142857
11-Dec-2020,7723.3,34500,48.93,138.2142857
14-Dec-2020,7723.3,34500,49.26,138.2142857
15-Dec-2020,7803,34500,50.16,138.2142857
16-Dec-2020,7803,34500,50.88,138.2142857
17-Dec-2020,7908.1,34500,50.56,138.2142857
18-Dec-2020,7908.1,34500,51.4,138.2142857
21-Dec-2020,7874.15,34500,50,138.2142857
22-Dec-2020,7754,34500,48.62,138.2142857
23-Dec-2020,7844,34500,50.69,138.2142857
24-Dec-2020,7793.9,34500,50.6,138.2142857
28-Dec-2020,7778.825,34500,50.42,138.2142857
29-Dec-2020,7862.85,34500,50.6,138.2142857
30-Dec-2020,7821.5,34500,50.57,138.2142857
31-Dec-2020,7764,34500,51.05,138.2142857
4-Jan-2021,7860.5,33000,50.51,140.6
5-Jan-2021,8002,34000,53.02,140.3
6-Jan-2021,8037.5,35500,53.56,140.3
7-Jan-2021,8179,36500,53.99,140.3
8-Jan-2021,8131,36500,54.99,140.3
11-Jan-2021,7864,37010,54.74,140.55
12-Jan-2021,7975.5,37010,56.23,140.55
13-Jan-2021,8009,38010,55.11,140.55
14-Jan-2021,8048.5,38005,55.56,140.55
15-Jan-2021,7949,37510,54.44,140.55
18-Jan-2021,7971.5,37510,54.23,140.6
19-Jan-2021,7954,37520,55.66,140.6
20-Jan-2021,8044.5,37520,54.93,140.6
21-Jan-2021,8021.5,38520,54.69,140.6
22-Jan-2021,7997.5,39625,54.61,140.6
25-Jan-2021,7969,40040,54.68,140.6
26-Jan-2021,8008.5,40390,54.92,140.6
27-Jan-2021,7843,41250,54.69,140.6
28-Jan-2021,7843,41250,54.73107143,140.6
29-Jan-2021,7843,41250,54.71547619,140.6
1-Feb-2021,7798.5,41250,55.82,140.6
2-Feb-2021,7777,43000,56.5,140.6
3-Feb-2021,7842.5,44500,57.61,140.6
4-Feb-2021,7823,45225,58.08,140.6
5-Feb-2021,7912.5,45700,58.14,140.6
8-Feb-2021,8037,45700,59.89,140.6
9-Feb-2021,8147.5,45700,59.58,140.6
10-Feb-2021,8299.5,45700,59.57,140.6
11-Feb-2021,8280.5,45700,59.18,140.6
12-Feb-2021,8332,47000,61,140.6
15-Feb-2021,8428.5,47000,61.5,140.6
16-Feb-2021,8428.5,47000,61.35,140.6
17-Feb-2021,8428.5,47000,62.97,140.6
18-Feb-2021,8549.69,47000,59.95,140.6
19-Feb-2021,8765.94,47000,60.38,140.6
22-Feb-2021,9138.98,47000,63.49,140.6
23-Feb-2021,9207,47000,61.95,140.6
24-Feb-2021,9433.5,47000,64.43,140.6
25-Feb-2021,9492.85,47000,63.83,140.6
26-Feb-2021,9120,47000,63.64,140.6
1-Mar-2021,9044,52610,60.16,140.6
2-Mar-2021,9170.5,52610,60.57,140.6
3-Mar-2021,9101.5,52610,62.03,140.6
4-Mar-2021,8907.5,52610,64.6,140.6
5-Mar-2021,8895.5,52610,66.52,140.6
9-Mar-2021,8779.5,52610,64.24,140.6
10-Mar-2021,8861.5,52610,65.43,140.6
11-Mar-2021,9057.5,52610,66.37,140.6
15-Mar-2021,9140,52610,65.2,140.6
16-Mar-2021,8960.5,52610,65.41,140.6
17-Mar-2021,9040.35,52610,64.76,140.6
18-Mar-2021,9040.35,52610,60.67,140.6
19-Mar-2021,9040.35,52610,62.33,140.6
22-Mar-2021,9124,52610,61.79,140.6
23-Mar-2021,9124,52610,58.98,140.6
24-Mar-2021,8979.5,52610,61.44,140.6
25-Mar-2021,8797.5,52610,60.28,140.6
26-Mar-2021,8797.5,52610,62.49,130
29-Mar-2021,8797.5,52610,63.04,141.59375
30-Mar-2021,8797.5,52610,62.01,141.59375
31-Mar-2021,8797.5,52610,60.95,141.59375
1-Apr-2021,8797.5,52610,62.04,141.59375
6-Apr-2021,8797.5,52610,59.75,141.40625
7-Apr-2021,8797.5,52610,59.99,141.40625
8-Apr-2021,8797.5,52610,60.37,141.40625
9-Apr-2021,8797.5,52610,59.97,141.40625
12-Apr-2021,8797.5,52610,60.42,146.125
13-Apr-2021,8797.5,52610,61.07,146.125
14-Apr-2021,8928,52610,63.38,146.125
15-Apr-2021,9308,52610,63.8,146.125
16-Apr-2021,9280.85,52610,63.85,146.125
19-Apr-2021,9338.52,52610,64.36,146.125
20-Apr-2021,9432,52610,62.7,146.125
21-Apr-2021,9432,52610,61.47,146.125
22-Apr-2021,9425.5,52610,62.39,146.125
23-Apr-2021,9425.5,52610,62.64,146.125
26-Apr-2021,9425.5,52610,62.41,141.40625
27-Apr-2021,9425.5,52610,63.28,141.40625
28-Apr-2021,9884,52610,64.64,141.40625
29-Apr-2021,9864.75,52610,64.9,141.40625
30-Apr-2021,9864.75,52610,63.34,141.40625
3-May-2021,9864.75,52610,64.22,141.40625
4-May-2021,9964.5,52610,66.45,141.40625
5-May-2021,10005,52610,65.76,141.40625
6-May-2021,10101,52610,65.22,141.40625
7-May-2021,10101,52610,65.24,141.40625
10-May-2021,10635.98,52610,64.99,139.8928571
11-May-2021,10509,52610,65.7,139.8928571
12-May-2021,10459.56,52610,66.05,139.8928571
13-May-2021,10459.56,52610,63.8,139.8928571
14-May-2021,10459.56,52610,65.57,139.8928571
17-May-2021,10273.29,52610,66.48,139.8928571
18-May-2021,10405.5,52610,65.11,139.8928571
19-May-2021,10091.85,52610,63.79,139.8928571
20-May-2021,10091.85,52610,62.36,139.8928571
21-May-2021,9895,52610,63.39,139.8928571
24-May-2021,9947,52610,65.84,139.8928571
26-May-2021,9918,52610,65.59,139.8928571
27-May-2021,9979,52610,65.55,139.8928571
28-May-2021,10221,52610,65.53,139.8928571
31-May-2021,10258,52610,66.59,139.8928571
1-Jun-2021,10258,52610,66.81,139.8571429
2-Jun-2021,10293.5,52610,67.41,139.8571429
3-Jun-2021,10170,52610,68.5,139.8571429
4-Jun-2021,9788.5,52610,67.6,139.8571429
7-Jun-2021,9955,52610,68.63,139.8571429
8-Jun-2021,9900.5,42500,71.49,139.8571429
9-Jun-2021,9964,42500,72.22,139.8571429
10-Jun-2021,9978.5,42500,72.22,139.8571429
11-Jun-2021,9890,42500,72.52,139.8571429
14-Jun-2021,10003.5,42500,72.69,139.8571429
15-Jun-2021,9971.5,42500,72.86,139.8571429
16-Jun-2021,9569.5,42500,73.99,139.8571429
17-Jun-2021,9667,42500,74.39,139.8571429
18-Jun-2021,9315.5,44000,73.08,139.8571429
21-Jun-2021,9180,44505,70.91,145.625
22-Jun-2021,9301,44505,71.03,145.625
23-Jun-2021,9482.5,44505,71.16,145.625
24-Jun-2021,9419,44505,71.42,145.625
25-Jun-2021,9413.5,44505,71.94,145.625
28-Jun-2021,9388,44505,70.71,145.625
29-Jun-2021,9334.5,44505,71.63,145.625
30-Jun-2021,9374.5,44505,70.66,145.625
1-Jul-2021,9322,44505,72.16,145.625
8-Jul-2021,9311.58,44505,70.03,154.6666667
9-Jul-2021,9490,44505,71.81,154.6666667
12-Jul-2021,9440.5,44505,71.35,142.5
13-Jul-2021,9396.5,44505,72.02,142.5
14-Jul-2021,9375,44505,69.88,142.5
15-Jul-2021,9450,44505,69.44,150.25
16-Jul-2021,9452,44505,69.63,150.25
19-Jul-2021,9222,44505,65.55,131.875
20-Jul-2021,9336,44505,65.36,131.875
21-Jul-2021,9347,44505,68.62,131.875
22-Jul-2021,9347,44505,68.62,131.875
23-Jul-2021,9516,44505,70.69,131.875
26-Jul-2021,9809.5,44505,71.25,130.625
27-Jul-2021,9758.5,44505,71.09,130.625
28-Jul-2021,9686,44505,71.1,130.625
29-Jul-2021,9823.5,44505,71.81,130.625
30-Jul-2021,9728,44505,72.35,130.625
3-Aug-2021,9521.3,44505,69.15,130.625
4-Aug-2021,9476,44505,67.75,130.625
5-Aug-2021,9500,44505,68.43,130.625
6-Aug-2021,9495.73,44505,67.42,130.625
9-Aug-2021,9364,44505,66.58,130.625
10-Aug-2021,9520.5,44505,67.76,130.625
11-Aug-2021,9520.5,44505,68.58,130.625
16-Aug-2021,9442,44505,66.73,133.75
17-Aug-2021,9247.5,44505,66.2,133.75
18-Aug-2021,9042.5,44505,64.08,133.75
19-Aug-2021,8894,44505,63.7,133.75
20-Aug-2021,9037,44505,62.17,130
23-Aug-2021,9116,44505,66.26,130
25-Aug-2021,9360,44505,68.58,130
26-Aug-2021,9299.5,44505,69.16,130
27-Aug-2021,9410,44505,68.85,130
30-Aug-2021,9410,44505,68.85,130
31-Aug-2021,9520,44505,69.84,130
1-Sep-2021,9335.5,44505,67.86,130
2-Sep-2021,9346,44505,69.48,130
3-Sep-2021,9452,44505,69.28,130
6-Sep-2021,9445,44505,69.02,130
7-Sep-2021,9350.5,44505,68.22,130
8-Sep-2021,9249,44505,69.02,130
9-Sep-2021,9387.5,44505,67.95,130
10-Sep-2021,9694.5,44505,69.69,130
13-Sep-2021,9562.5,44505,70.66,130
14-Sep-2021,9442,44505,70.61,130
15-Sep-2021,9627,44505,72.15,130
16-Sep-2021,9366.5,44505,71.89,130
17-Sep-2021,9312,44505,71.54,130
20-Sep-2021,9018.48,44505,70.51,130
21-Sep-2021,9018.48,44505,70.88,130
22-Sep-2021,9280,44505,72.62,130
23-Sep-2021,9273.5,44505,73.13,130
24-Sep-2021,9332.5,44505,73.85,130
27-Sep-2021,9362,44505,75.68,130
28-Sep-2021,9269,44505,74.23,130
29-Sep-2021,9155,44505,74.62,130
30-Sep-2021,8936.5,44505,73.87,130
1-Oct-2021,9128,44505,75.22,130
4-Oct-2021,9261.5,44505,77.5,130
5-Oct-2021,9261.5,44505,78.36,130
6-Oct-2021,9045.5,44505,76.32,130
7-Oct-2021,9280,44505,78.97,130
8-Oct-2021,9361,44505,78.38,130
11-Oct-2021,9543,53380,79.42,130
12-Oct-2021,9465,53380,78.78,130
13-Oct-2021,9651,55500,79.26,130
14-Oct-2021,9850,56300,79.72,130
15-Oct-2021,10281,56500,80.89,130
19-Oct-2021,10149.5,56545,80.48,130
20-Oct-2021,10185.5,56545,81.86,130
21-Oct-2021,9831.5,56545,80.1,130
22-Oct-2021,9704,56545,80.93,130
26-Oct-2021,9788.5,56545,81.35,109.5833333
27-Oct-2021,9548,56545,78.24,109.5833333
28-Oct-2021,9666.5,56545,79.96,109.5833333
29-Oct-2021,9496,56545,79.62,109.5833333
1-Nov-2021,9555,56545,79.23,109.5833333
2-Nov-2021,9495.5,56545,78.55,109.5833333
3-Nov-2021,9458.5,56545,76.83,109.5833333
4-Nov-2021,9439,58500,76.17,109.5833333
5-Nov-2021,9518,59500,78.41,109.5833333
8-Nov-2021,9637.5,59500,78.65,109.5833333
9-Nov-2021,9553,59500,79.83,109.5833333
10-Nov-2021,9533,59500,78.31,109.5833333
11-Nov-2021,9633.5,59500,78.24,109.5833333
12-Nov-2021,9711,59500,77.49,109.5833333
15-Nov-2021,9673,59500,78.17,109.5833333
16-Nov-2021,9561,59500,77.4,109.5833333
17-Nov-2021,9406.5,61500,75.44,109.5833333
18-Nov-2021,9441.5,61550,77.74,109.5833333
19-Nov-2021,9646.5,61550,74.97,109.5833333
22-Nov-2021,9726.5,61550,75.34,149.975
23-Nov-2021,9710.5,62500,78.68,149.975
24-Nov-2021,9835,63155,77.64,149.975
25-Nov-2021,9801.5,63155,76.49,149.975
26-Nov-2021,9460,63155,68.95,149.975
29-Nov-2021,9577.5,63155,70.73,149.975
30-Nov-2021,9442.5,64500,68.28,149.975
1-Dec-2021,9444,65800,67.95,149.975
2-Dec-2021,9496,66150,68.69,149.975
3-Dec-2021,9418,67500,67.64,149.975
6-Dec-2021,9505,67500,71.17,149.975
7-Dec-2021,9595,69320,72.26,149.975
8-Dec-2021,9652.5,69815,73.3,149.975
9-Dec-2021,9534.5,69815,71.39,149.975
10-Dec-2021,9506.5,69815,72.73,149.975
13-Dec-2021,9447.5,69815,71.02,149.975
14-Dec-2021,9412,69815,70.22,149.975
15-Dec-2021,9199.5,69815,71.79,149.975
16-Dec-2021,9507.5,69815,72.01,149.975
17-Dec-2021,9437.5,70500,71.18,149.975
20-Dec-2021,9446.5,70500,69.51,149.975
21-Dec-2021,9534,70500,71.78,149.975
22-Dec-2021,9607,70500,73.01,149.975
23-Dec-2021,9612,70500,74.06,149.975
24-Dec-2021,9568,70500,71.79,149.975
26-Dec-2021,9568,70500,71.79,149.975
28-Dec-2021,9568,70500,71.79,149.975
29-Dec-2021,9680.5,70500,77.44,149.975
30-Dec-2021,9691.5,70500,75.03,149.975
31-Dec-2021,9720.5,70500,75.24,149.975
3-Jan-2022,9720.5,70500,75.24,149.975
4-Jan-2022,9768,70500,77.3,149.975
5-Jan-2022,9698,70500,77.23,149.975
6-Jan-2022,9531,70500,79.01,149.975
7-Jan-2022,9647,70500,78.1,149.975
10-Jan-2022,9563.5,70500,77.75,149.975
11-Jan-2022,9719.5,70500,80.19,149.975
12-Jan-2022,10064,70500,80.96,149.975
13-Jan-2022,9958.5,70500,80.52,149.975
14-Jan-2022,9719.5,70500,82.44,149.975
17-Jan-2022,9731,70500,83.3,149.975
18-Jan-2022,9676,70500,85,149.975
19-Jan-2022,9841.5,70500,84.28,149.975
20-Jan-2022,9990,70500,82.77,149.975
21-Jan-2022,9941,70500,84.11,149.975
24-Jan-2022,9728,72000,82.84,149.975
25-Jan-2022,9801,71000,83.86,149.975
26-Jan-2022,9916.5,71000,85.08,149.975
27-Jan-2022,9782,71000,85.28,149.975
28-Jan-2022,9507.5,71000,85.02,149.975
1-Feb-2022,9696.5,71000,84.98,149.975
2-Feb-2022,9839.5,71000,84.25,149.975
3-Feb-2022,9832.5,71000,87.05,149.975
4-Feb-2022,9841.5,71000,88.08,149.975
7-Feb-2022,9777.5,71000,87.55,149.975
8-Feb-2022,9781,71000,86.12,149.975
9-Feb-2022,10059,71000,87.05,149.975
10-Feb-2022,10254,71000,87.82,149.975
11-Feb-2022,9860.5,71000,88.16,149.975
14-Feb-2022,9920,71000,90.19,149.975
15-Feb-2022,9968.5,71000,87.08,149.975
16-Feb-2022,9992.5,71000,87.08,149.975
17-Feb-2022,9929,71000,85.76,149.975
18-Feb-2022,9956,72780,87.03,149.975
21-Feb-2022,9898,72780,89.67,149.975
22-Feb-2022,9915,73290,89.82,149.975
23-Feb-2022,9866,73290,91.39,149.975
24-Feb-2022,9864,73290,96.18,149.975
25-Feb-2022,9873,74000,89.11,149.975
28-Feb-2022,9883.5,74000,93.92,149.975
1-Mar-2022,10061.5,74000,100.13,149.975
2-Mar-2022,10166,75060,100.13,149.975
3-Mar-2022,10351,75060,101.66,149.975
4-Mar-2022,10674,75800,108,149.975
7-Mar-2022,10281.5,79295,115.43,149.975
8-Mar-2022,10209,81795,116.58,149.975
9-Mar-2022,10001.5,82545,97.64,149.975
10-Mar-2022,10001.5,82650,97.64,149.975
11-Mar-2022,10183.5,82000,101.29,149.975
14-Mar-2022,9935,82000,92.41,148.125
15-Mar-2022,9904,82000,92.15,148.125
16-Mar-2022,10054,82000,90.93,148.125
17-Mar-2022,10243,82000,100.15,148.125
21-Mar-2022,10295,82000,108.14,148.125
22-Mar-2022,10268,82000,105.84,148.125
23-Mar-2022,10438.5,82000,109.78,148.125
24-Mar-2022,10349.5,82640,106.53,148.125
25-Mar-2022,10267,82840,108.73,148.125
1-Apr-2022,10353.5,82000,96.91,148.125
4-Apr-2022,10469,82000,101.88,148.125
5-Apr-2022,10455,82000,99.04,148.125
6-Apr-2022,10305,82000,95.68,148.125
7-Apr-2022,10311.5,82000,94.33,148.125
8-Apr-2022,10323.5,82000,96.72,148.125
11-Apr-2022,10200.5,82000,95.31,148.125
12-Apr-2022,10342.5,82000,99.88,148.125
13-Apr-2022,10299,82000,102.14,148.125
14-Apr-2022,10315,82000,105.74,148.125
19-Apr-2022,10304.5,82000,101.95,148.125
20-Apr-2022,10223,82000,102.37,148.125
21-Apr-2022,10285,82000,102,148.125
22-Apr-2022,10110,82000,100.66,148.125
25-Apr-2022,9769,82000,97.82,130
26-Apr-2022,9860,82000,100.18,130
27-Apr-2022,9856,82000,98.63,130
29-Apr-2022,9769.5,82000,101.59,130
3-May-2022,9410,82000,98.35,130
4-May-2022,9473.5,82000,102.86,130
5-May-2022,9489.5,82000,103.06,130
6-May-2022,9414.5,82000,103.76,130
9-May-2022,9237.5,82000,96.04,130
10-May-2022,9228.5,82000,96.1,130
11-May-2022,9340,82000,98.12,130
12-May-2022,9090,82000,100.63,130
13-May-2022,9159,82000,103.05,130
16-May-2022,9238.5,82000,104.94,130
17-May-2022,9366,75000,103.74,130
18-May-2022,9235,75000,101.06,130
19-May-2022,9415.5,75000,101.79,130
20-May-2022,9422,75000,103.85,148.125
23-May-2022,9548,75000,103.05,148.125
24-May-2022,9453.5,75000,104.95,148.125
26-May-2022,9353,75000,106.83,148.125
27-May-2022,9459,75000,107.88,148.125
30-May-2022,9543,75000,109.81,148.125
31-May-2022,9447.5,74000,102.93,148.125
1-Jun-2022,9499.5,74000,103.47,148.125
2-Jun-2022,9499.5,74000,103.47,148.125
3-Jun-2022,9499.5,74000,103.47,148.125
6-Jun-2022,9745,73895,109.03,148.125
7-Jun-2022,9699,72900,109.85,148.125
8-Jun-2022,9730,72900,112.64,148.125
9-Jun-2022,9615,72900,110.8,148.125
10-Jun-2022,9447.5,72900,110.54,148.125
13-Jun-2022,9294,72415,110.92,148.125
14-Jun-2022,9230.5,72415,108.8,148.125
15-Jun-2022,9230,72415,107.85,148.125
16-Jun-2022,9074.5,72415,108.11,148.125
17-Jun-2022,8961.5,72400,102.13,148.125
20-Jun-2022,8977.5,72400,104.74,147.5
21-Jun-2022,8995,72400,99.2,147.5
22-Jun-2022,8773,72400,97.85,147.5
23-Jun-2022,8409,72400,98.36,147.5
24-Jun-2022,8381,72400,101.16,147.5
27-Jun-2022,8417.5,72400,104.44,147.5
28-Jun-2022,8365.5,71460,105.19,147.5
29-Jun-2022,8401,70460,104.47,147.5
30-Jun-2022,8258,70460,101.43,147.5
1-Jul-2022,8048,70460,99.37,152.5
6-Jul-2022,7520.5,60460,88.16,152.5
7-Jul-2022,7822.5,60450,88.16,152.5
8-Jul-2022,7805.5,60445,92.5,152.5
11-Jul-2022,7584.5,60445,94.31,152.5
12-Jul-2022,7354,60445,88.86,152.5
13-Jul-2022,7325.5,60445,89.38,152.5
14-Jul-2022,7170,60445,89.75,152.5
15-Jul-2022,7190.5,60445,90.63,152.5
18-Jul-2022,7426.5,50460,95.13,164.25
19-Jul-2022,7277.5,50460,95.84,164.25
20-Jul-2022,7378,50460,94.65,164.25
21-Jul-2022,7322,50460,94.53,164.25
22-Jul-2022,7452.5,50460,92.64,189.25
25-Jul-2022,7479,50460,95.99,189.25
26-Jul-2022,7536.5,50460,93.6,189.25
27-Jul-2022,7637,50460,97.54,189.25
28-Jul-2022,7762,50460,96.86,189.25
29-Jul-2022,7917.5,50460,98.4,189.25
2-Aug-2022,7806.5,50460,93.19,189.25
3-Aug-2022,7677.5,50460,90.42,189.25
4-Aug-2022,7727.5,50460,87.85,189.25
5-Aug-2022,7870.5,49445,88.05,189.25
8-Aug-2022,7987.5,49445,89.5,189.25
9-Aug-2022,7983,49445,89.31,189.25
10-Aug-2022,8085.5,49445,91.3,189.25
11-Aug-2022,8173,47455,92.81,189.25
12-Aug-2022,8091.5,47455,91.88,189.25
15-Aug-2022,7980,46955,88.93,189.25
16-Aug-2022,7979,46955,87.32,189.25
17-Aug-2022,7924.5,49455,88.32,189.25
18-Aug-2022,8031.5,49455,91.04,189.25
19-Aug-2022,8078.5,49455,91.98,189.25
22-Aug-2022,8027,49455,92.83,189.25
23-Aug-2022,8120,49455,94.91,189.25
24-Aug-2022,8034.5,51955,96.95,189.25
25-Aug-2022,8129,51955,94.95,189.25
26-Aug-2022,8160.5,51955,95.13,189.25
29-Aug-2022,7864,51955,94.08,189.25
30-Aug-2022,7801.5,51955,88.7,189.25
31-Aug-2022,7597,51955,87.96,189.25
1-Sep-2022,7633,51955,87.06,189.25
2-Sep-2022,7653.5,51955,89.23,189.25
5-Sep-2022,7683,51955,86.61,189.25
6-Sep-2022,7622.5,51955,83.8,189.25
7-Sep-2022,7810.5,51955,84.95,189.25
8-Sep-2022,7856.5,51955,87.23,189.25
9-Sep-2022,7955.5,51955,87.96,189.25
12-Sep-2022,7955.5,51955,87.96,199.25
13-Sep-2022,7868.5,51955,87.49,199.25
14-Sep-2022,7803,51955,90.3,199.25
15-Sep-2022,7729.5,51955,85.34,199.25
16-Sep-2022,7762,51955,85.6,199.25
19-Sep-2022,7753.5,51955,86.04,199.25
20-Sep-2022,7758,51955,85.34,199.25
21-Sep-2022,7690,51955,84.75,199.25
22-Sep-2022,7680,51955,85.36,199.25
23-Sep-2022,7433,51955,81.67,199.25
26-Sep-2022,7430,51500,85.25,199.25
27-Sep-2022,7422,51505,84.58,199.25
28-Sep-2022,7520,51510,85.35,199.25
29-Sep-2022,7647,51521,88.8,199.25
30-Sep-2022,7683.25,51521,90.1,199.25
3-Oct-2022,7602.5,51505,88.07,199.25
4-Oct-2022,7800,51505,89.12,199.25
5-Oct-2022,7725.25,51505,91.95,199.25
6-Oct-2022,7649.75,51521,93.88,199.25
7-Oct-2022,7507.75,51521,95.17,199.25
10-Oct-2022,7578.5,51955,89.6,211.675
11-Oct-2022,7596,51955,87.34,211.675
12-Oct-2022,7545,51955,86,211.675
13-Oct-2022,7573,51955,88.29,211.675
14-Oct-2022,7538.5,51955,85.03,211.675
17-Oct-2022,7562.5,51955,84.58,211.675
19-Oct-2022,7386.5,51955,85.27,211.675
20-Oct-2022,7560.5,51955,85.61,211.675
21-Oct-2022,7624,51955,86.25,200.25
25-Oct-2022,7523,51955,86.2,200.25
26-Oct-2022,7792,51955,88.68,200.25
27-Oct-2022,7764.5,51955,88.49,200.25
28-Oct-2022,7550,51955,87.92,212.325
31-Oct-2022,7450,51955,87.18,212.325
1-Nov-2022,7652,51955,87.77,212.325
2-Nov-2022,7626.5,51955,87.27,212.325
3-Nov-2022,7561,51955,86.06,212.325
4-Nov-2022,8099,51955,90.69,200.5
7-Nov-2022,7914.5,51955,88.74,200.5
8-Nov-2022,8115.5,51955,86.55,200.5
9-Nov-2022,8104.5,51955,83.89,200.5
10-Nov-2022,8271.5,51955,85.43,200.5
11-Nov-2022,8492.5,51955,87.78,200
14-Nov-2022,8375,51955,84.82,200
15-Nov-2022,8376.5,51955,85.27,200
16-Nov-2022,8293.5,51955,83.79,200
17-Nov-2022,8110,51955,82.75,200
18-Nov-2022,8076,51955,80.73,200
21-Nov-2022,7880.5,51495,88.36,200
22-Nov-2022,8013,51499,85.41,200
23-Nov-2022,8005,51494,85.34,200
24-Nov-2022,8041,51502,83.63,200
25-Nov-2022,8008,51507,83.19,200
28-Nov-2022,7959,51489,83.03,200
29-Nov-2022,8037.5,51494,85.43,200
30-Nov-2022,8239,51498,86.88,200
1-Dec-2022,8336,51507,85.57,200
2-Dec-2022,8450,51506,82.68,200
5-Dec-2022,8391,51489,72.85,205
6-Dec-2022,8421.5,51493,71.48,205
7-Dec-2022,8456.5,51493,70.51,205
8-Dec-2022,8543,51501,70.39,205
9-Dec-2022,8543,51500,74.58,205
12-Dec-2022,8374,51482,76.06,205
13-Dec-2022,8497,51487,78.04,205
14-Dec-2022,8516.5,51486,75.71,205
15-Dec-2022,8293.5,51494,75.95,205
16-Dec-2022,8266.5,51494,75.57,205
19-Dec-2022,8320,51955,77.2,205
20-Dec-2022,8354.5,51955,79.6,205
21-Dec-2022,8393.5,51955,80.41,205
22-Dec-2022,8310.5,51955,79.65,205
23-Dec-2022,8349.5,51955,78.26,205
27-Dec-2022,8349.5,51955,76.92,205
28-Dec-2022,8443,51955,79.96,205
29-Dec-2022,8418,51955,79.45,200
30-Dec-2022,8372,51955,76.69,200
3-Jan-2023,8321.5,51955,76.69,200
4-Jan-2023,8252,50455,74.05,200
5-Jan-2023,8374.5,50455,74.81,200
6-Jan-2023,8589.5,50000,74,200
9-Jan-2023,8859.5,49000,74.92,200
10-Jan-2023,8912,49000,75.16,200
11-Jan-2023,9124.5,49000,78.73,200
12-Jan-2023,9187,49000,79.67,200
13-Jan-2023,9185.5,49000,81.03,200
16-Jan-2023,9104.5,49000,80.59,200
17-Jan-2023,9287,49000,82.9,200
18-Jan-2023,9323.5,49000,80.24,200
19-Jan-2023,9305.5,49000,80.24,200
20-Jan-2023,9324,49000,82.97,200
23-Jan-2023,9356,49000,84.07,200
24-Jan-2023,9314.5,49000,82.76,200
25-Jan-2023,9314.5,49000,82.85,200
26-Jan-2023,9329.5,49000,83.39,200
27-Jan-2023,9263.5,49000,82.37,200
30-Jan-2023,9210,49000,80.51,200
31-Jan-2023,9222.5,49000,80.52,200
1-Feb-2023,9087,49000,79.52,200
2-Feb-2023,9052.5,41685,78.27,200
3-Feb-2023,8980.5,41685,75.84,200
6-Feb-2023,8871.5,38920,77.7,200
7-Feb-2023,8925,38920,79.93,200
8-Feb-2023,8892.5,38920,80.98,200
9-Feb-2023,8983,38920,80.46,200
10-Feb-2023,8857.5,38920,82.12,200
13-Feb-2023,8938,48574,82.76,200
14-Feb-2023,8946.5,48574,83.87,200
15-Feb-2023,8857.5,48558,82.1,200
16-Feb-2023,9023,48563,82.84,200
17-Feb-2023,8987.5,48563,81.08,200
20-Feb-2023,9141.5,48574,81.51,200
21-Feb-2023,9200.5,48574,80.99,200
22-Feb-2023,9112,48575,80.39,200
23-Feb-2023,8904,48580,79.05,200
24-Feb-2023,8716.5,41250,81.6,200
27-Feb-2023,8719,34180,79.75,205
28-Feb-2023,8961,34180,80.6,205
1-Mar-2023,9100.5,34180,80.6,205
2-Mar-2023,8958.5,34180,80.94,205
3-Mar-2023,8983.5,34180,82.27,205
6-Mar-2023,8920.5,34180,82.9,205
7-Mar-2023,8763.5,34180,80.03,205
9-Mar-2023,8853,34180,78.36,205
10-Mar-2023,8867,34180,80.03,205
14-Mar-2023,8833.5,34180,75.72,200
15-Mar-2023,8504.5,34180,71.24,200
16-Mar-2023,8518,34180,73,200
17-Mar-2023,8580,34180,71.27,200
20-Mar-2023,8697.5,34180,71.4,200
21-Mar-2023,8757.5,34180,73.19,200
22-Mar-2023,8888.5,34180,74.47,200
23-Mar-2023,9031,34180,74.1,200
24-Mar-2023,8921.5,34180,73.12,200
27-Mar-2023,8941.5,34180,74.08,200
28-Mar-2023,8968,34180,76.97,200
29-Mar-2023,9002.5,34430,75.65,200
30-Mar-2023,9001,34930,79.27,200
31-Mar-2023,8993,34930,79.77,200
3-Apr-2023,8917,34930,84.93,200
4-Apr-2023,8751,34930,84.94,200
5-Apr-2023,8782,34930,84.99,200
6-Apr-2023,8800,34930,82.62,200
11-Apr-2023,8854.5,34930,83.62,200
12-Apr-2023,8916.5,34930,85.14,200
13-Apr-2023,9058.5,34930,84.49,200
14-Apr-2023,9023.5,34930,84.26,200
17-Apr-2023,8964.5,34930,83.13,200
18-Apr-2023,9012.5,34930,82.95,200
19-Apr-2023,8965.5,34930,80.68,200
20-Apr-2023,8881,34930,81.1,200
21-Apr-2023,8794.5,34930,81.66,200
24-Apr-2023,8730.5,34930,80.74,200
25-Apr-2023,8528,34930,79.17,200
26-Apr-2023,8552.5,34930,76.04,200
27-Apr-2023,8516,34930,76.24,200
2-May-2023,8595.5,34930,73.37,200
3-May-2023,8514,34930,70.53,200
4-May-2023,8468.5,34930,70.99,200
5-May-2023,8493.5,34930,73.48,200
8-May-2023,8493.5,34930,73.48,200
9-May-2023,8591.5,34930,75.16,200
10-May-2023,8475,34930,75.1,200
11-May-2023,8163.5,34930,72.88,200
12-May-2023,8253,34930,72.19,200
15-May-2023,8272.5,34930,73.56,200
16-May-2023,8121.5,34930,72.97,200
17-May-2023,8302,34930,74.74,200
18-May-2023,8172.5,34930,74.46,200
19-May-2023,8251.5,34930,73.74,200
22-May-2023,8127.5,34930,74.3,200
23-May-2023,8102,34930,75.61,200
24-May-2023,7901.5,34930,74.1,200
26-May-2023,8135,30180,75.55,200
29-May-2023,8135,30180,75.55,200
30-May-2023,8123,30180,71.59,200
31-May-2023,8089,30180,71,200
1-Jun-2023,8243.5,29525,72.26,200
2-Jun-2023,8237,29525,72.26,200
5-Jun-2023,8335,29525,74.1,200
6-Jun-2023,8339,29525,74.44,200
7-Jun-2023,8293.5,29525,75.06,200
8-Jun-2023,8347.5,29525,73.98,200
9-Jun-2023,8371.5,29525,73.33,200
12-Jun-2023,8310.5,29525,70.63,200
13-Jun-2023,8460,29525,72.92,200
14-Jun-2023,8509,29525,72.1,200
15-Jun-2023,8558,29525,74.47,200
16-Jun-2023,8566.5,29525,75.63,200
19-Jun-2023,8540,29525,74.84,200
20-Jun-2023,8548,29525,75.19,200
21-Jun-2023,8602.5,29525,76.02,200
22-Jun-2023,8574,29525,72.99,200
23-Jun-2023,8390.5,29525,73.3,200
26-Jun-2023,8391,29525,73.98,200
27-Jun-2023,8363,29525,72.47,200
28-Jun-2023,8255,29525,73.83,200
29-Jun-2023,8177.5,29525,74.23,200
30-Jun-2023,8315.5,31380,74.98,200
5-Jul-2023,8319,33420,75.74,275
6-Jul-2023,8261.5,33420,75.85,275
7-Jul-2023,8370.5,33420,77.55,275
10-Jul-2023,8372.5,33420,76.77,275
11-Jul-2023,8322.5,33420,78.51,275
12-Jul-2023,8499.5,33420,79.08,275
13-Jul-2023,8694,33420,80.19,275
14-Jul-2023,8673.5,33420,78.9,275
17-Jul-2023,8491,33420,77.95,275
18-Jul-2023,8473,33420,78.97,275
19-Jul-2023,8429,33420,79.14,275
20-Jul-2023,8485.5,33420,80.03,275
21-Jul-2023,8452,33420,80.84,275
24-Jul-2023,8517,33420,82.56,275
25-Jul-2023,8673.5,33420,82.91,275
26-Jul-2023,8617.5,33420,83.32,275
27-Jul-2023,8569,33420,83.03,275
28-Jul-2023,8662.5,33420,84.03,275
31-Jul-2023,8831.5,33420,83.52,275
1-Aug-2023,8631,33420,84.86,275
2-Aug-2023,8509.5,33420,82.47,275
3-Aug-2023,8611,33420,84.39,275
4-Aug-2023,8573,33420,85.31,275
8-Aug-2023,8347.5,33420,85.43,275
9-Aug-2023,8397.5,33420,86.69,275
10-Aug-2023,8386,33420,85.65,275
11-Aug-2023,8294.5,33420,86.05,275
14-Aug-2023,8291.5,33420,85.36,275
15-Aug-2023,8199.5,33420,83.74,275
16-Aug-2023,8167,33420,82.64,275
17-Aug-2023,8235.5,33420,83.5,275
18-Aug-2023,8240.5,33420,83.99,275
21-Aug-2023,8274.5,33420,83.7,275
22-Aug-2023,8362.5,33420,83.88,275
23-Aug-2023,8452,33420,82.85,275
24-Aug-2023,8359.5,33420,84.24,275
25-Aug-2023,8355.5,33420,84.46,275
28-Aug-2023,8355.5,33420,84.46,302.5
29-Aug-2023,8448.5,33420,85.96,302.5
30-Aug-2023,8472.5,33420,85.18,302.5
31-Aug-2023,8422.5,33420,86.11,302.5
1-Sep-2023,8500.5,33420,87.86,302.5
4-Sep-2023,8452,33420,87.93,302.5
5-Sep-2023,8487,33420,89.45,302.5
6-Sep-2023,8371.5,33420,89.76,302.5
7-Sep-2023,8321,33420,88.63,302.5
8-Sep-2023,8242.5,33420,89.73,302.5
11-Sep-2023,8402,32978.5,90.64,325
12-Sep-2023,8391,32978.5,92.06,325
13-Sep-2023,8417,32978,91.88,325
14-Sep-2023,8417.5,32986,93.7,325
15-Sep-2023,8405.5,32986,93.93,325
18-Sep-2023,8359.5,32977,94.43,325
19-Sep-2023,8292.5,32978,94.34,325
20-Sep-2023,8345.5,32979,93.53,325
21-Sep-2023,8194,32990,93.3,325
22-Sep-2023,8222,32990,93.27,325
25-Sep-2023,8145.5,33420,90.75,350
26-Sep-2023,8091,33420,92.15,350
27-Sep-2023,8114,33420,93.92,350
28-Sep-2023,8217.5,33420,91.69,350
29-Sep-2023,8270.5,33420,90.47,350
2-Oct-2023,8053,33420,86.73,350
3-Oct-2023,8006.5,33420,87.81,350
4-Oct-2023,7949.5,33420,83.3,350
5-Oct-2023,7899,33420,81.93,350
6-Oct-2023,8046,33420,82.11,350
9-Oct-2023,8104,33420,85.51,350
10-Oct-2023,8022.5,33420,85.47,350
11-Oct-2023,8024,33420,83.42,350
12-Oct-2023,7991,33420,84.77,350
13-Oct-2023,7949,33420,88.53,350
16-Oct-2023,7976.5,33420,87.39,350
17-Oct-2023,7970.5,33420,89.9,350
19-Oct-2023,7993,33420,91.53,350
20-Oct-2023,7948.5,33420,90.07,350
23-Oct-2023,7972,33420,88.79,337.5
25-Oct-2023,8032,33420,88.79,337.5
26-Oct-2023,7985.5,33420,87.64,337.5
27-Oct-2023,8099,33420,88.65,341.25
30-Oct-2023,8140.5,33420,86.32,341.25
31-Oct-2023,8110.5,33420,85.86,341.25
1-Nov-2023,8109.5,33420,84.48,341.25
2-Nov-2023,8143,33420,86.1,341.25
3-Nov-2023,8175.5,33420,84.07,326.8
6-Nov-2023,8238,33420,84.3,326.8
7-Nov-2023,8186.5,33420,81.21,326.8
8-Nov-2023,8142,33420,79.68,326.8
9-Nov-2023,8147,33420,80.24,326.8
10-Nov-2023,8035.5,33420,81.69,326.8
13-Nov-2023,8167,33420,82.16,326.8
14-Nov-2023,8235,33420,82.06,326.8
15-Nov-2023,8265.5,33420,79.92,326.8
16-Nov-2023,8220,33420,77.55,326.8
17-Nov-2023,8267,33420,80.46,326.8
20-Nov-2023,8430.5,33420,82.07,326.8
21-Nov-2023,8449,33420,82.14,326.8
22-Nov-2023,8353.5,33420,81.03,326.8
23-Nov-2023,8409.5,33420,81.41,326.8
24-Nov-2023,8428.5,33420,80.2,326.8
27-Nov-2023,8364,33420,80.43,326.8
28-Nov-2023,8473,33420,81.81,326.8
29-Nov-2023,8415.5,33420,82.76,326.8
30-Nov-2023,8464.5,33420,83.14,326.8
1-Dec-2023,8610.5,33420,78.53,326.8
4-Dec-2023,8443,33420,76.94,326.8
5-Dec-2023,8334.5,33420,74.55,326.8
6-Dec-2023,8286,33420,75.02,326.8
7-Dec-2023,8342,33420,75.72,326.8
8-Dec-2023,8448.5,32700,76.11,326.8
11-Dec-2023,8341,31975,73.51,326.8
12-Dec-2023,8355,31975,75.26,326.8
13-Dec-2023,8330,30545,76.9,326.8
14-Dec-2023,8551.5,29820,77.38,326.8
15-Dec-2023,8549,29135,78.52,326.8
18-Dec-2023,8482.5,29135,80,326.8
19-Dec-2023,8593.5,29135,79.94,326.8
20-Dec-2023,8582.5,29135,80.18,326.8
21-Dec-2023,8595.5,29135,80.06,326.8
22-Dec-2023,8573.5,29135,80.02,326.8
26-Dec-2023,8573.5,29135,80.02,326.8
27-Dec-2023,8690.5,29135,80.23,326.8
28-Dec-2023,8624.5,29135,78.19,326.8
29-Dec-2023,8559,29135,78.61,326.8
2-Jan-2024,8544.5,29135,76.82,402.7272727
3-Jan-2024,8517,29135,78.92,402.7272727
4-Jan-2024,8466.5,29135,78.51,402.7272727
5-Jan-2024,8463,29135,79.66,402.7272727
8-Jan-2024,8448,29135,77.11,402.7272727
9-Jan-2024,8369.5,29135,78.37,402.7272727
10-Jan-2024,8370.5,29135,77.68,402.7272727
11-Jan-2024,8355,29135,79.32,402.7272727
12-Jan-2024,8339,29135,79.66,402.7272727
15-Jan-2024,8381,29135,79.88,402.7272727
16-Jan-2024,8354.5,29135,79.29,402.7272727
17-Jan-2024,8268,29135,79.58,402.7272727
18-Jan-2024,8310,29135,80.43,402.7272727
19-Jan-2024,8351,29135,80.03,402.7272727
22-Jan-2024,8345.5,29135,81.17,402.7272727
23-Jan-2024,8405,29135,81.07,402.7272727
24-Jan-2024,8562.5,29135,81.48,402.7272727
25-Jan-2024,8568.5,29135,83.55,402.7272727
26-Jan-2024,8545.5,29135,85.13,402.7272727
29-Jan-2024,8558,29135,84.09,402.7272727
30-Jan-2024,8615,29135,84.25,402.7272727
31-Jan-2024,8608.5,29135,81.85,402.7272727
1-Feb-2024,8534.5,29135,81.85,425.8571429
2-Feb-2024,8482,29135,79.89,425.8571429
5-Feb-2024,8359.5,29135,78.74,425.8571429
6-Feb-2024,8402,29135,78.79,425.8571429
7-Feb-2024,8312,29135,79.86,425.8571429
8-Feb-2024,8193.5,29135,80.59,425.8571429
9-Feb-2024,8169,28550,82.8,425.8571429
12-Feb-2024,8235,28550,83.47,425.8571429
13-Feb-2024,8260,28550,84.08,425.8571429
14-Feb-2024,8197,28550,83.16,425.8571429
15-Feb-2024,8314,28550,84.29,425.8571429
16-Feb-2024,8489,28550,85.18,425.8571429
19-Feb-2024,8434.5,28550,84.96,425.8571429
20-Feb-2024,8500,28550,84.21,425.8571429
21-Feb-2024,8542,28550,84.89,425.8571429
22-Feb-2024,8542,28550,83.53,425.8571429
23-Feb-2024,8567.5,28550,82.89,425.8571429
26-Feb-2024,8466,28550,84.29,425.8571429
27-Feb-2024,8474,28550,84.91,425.8571429
28-Feb-2024,8448.5,28550,85.41,425.8571429
29-Feb-2024,8493.5,28550,86.14,425.8571429
1-Mar-2024,8503.5,28550,85.27,444.5
4-Mar-2024,8542.5,28550,85.33,444.5
5-Mar-2024,8491.5,28550,84.17,444.5
6-Mar-2024,8577,28550,84.87,444.5
7-Mar-2024,8640.5,28550,85.27,444.5
11-Mar-2024,8653,28550,83.89,444.5
12-Mar-2024,8657,28550,83.55,444.5
13-Mar-2024,8927,28550,84.94,444.5
14-Mar-2024,8887.5,28550,86.6,444.5
15-Mar-2024,9072,28550,86.82,444.5
18-Mar-2024,9089,28550,88.38,444.5
19-Mar-2024,8976.5,28550,88.72,444.5
20-Mar-2024,8928,28550,87.74,444.5
21-Mar-2024,8950.5,28550,87.07,444.5
22-Mar-2024,8866.5,28550,86.95,444.5
25-Mar-2024,8873,28550,88.07,444.5
26-Mar-2024,8862,28550,87.43,444.5
27-Mar-2024,8836,28550,86.66,444.5
28-Mar-2024,8867,28550,89.54,444.5
2-Apr-2024,8991,28550,91.22,444.5
3-Apr-2024,9262.5,28550,91.33,444.5
4-Apr-2024,9359,28550,92.9,444.5
5-Apr-2024,9329.5,28550,92.91,444.5
8-Apr-2024,9411.5,28550,92.91,444.5
9-Apr-2024,9417.5,28550,92.81,444.5
10-Apr-2024,9374,28550,91.77,444.5
11-Apr-2024,9342,28550,92.07,444.5
12-Apr-2024,9457.5,28550,92.28,445
15-Apr-2024,9576,27830,92.41,445
16-Apr-2024,9468,27830,91.86,445
17-Apr-2024,9582.5,27830,89,445
18-Apr-2024,9734.5,27830,88.29,445
19-Apr-2024,9876,27830,88.94,445
22-Apr-2024,9829.5,27830,88.77,445
23-Apr-2024,9706.5,27830,90.11,445
24-Apr-2024,9773.5,27830,90.14,445
25-Apr-2024,9865,27830,91.25,445
26-Apr-2024,9965.5,27830,91.62,445
30-Apr-2024,9991,27830,90.72,445
2-May-2024,9765.5,27830,84.22,445
3-May-2024,9910,27830,84.82,445
6-May-2024,9910,27830,84.82,445
7-May-2024,10029.5,27830,84.14,445
8-May-2024,9904,27830,84.76,445
9-May-2024,9904.5,27830,85.44,445
10-May-2024,10004,27830,83.98,445
13-May-2024,10185.5,27830,84.38,445
14-May-2024,10114,27830,83.7,445
15-May-2024,10219,27830,83.7,445
16-May-2024,10424,27830,83.73,445
17-May-2024,10668,27830,84.4,445
20-May-2024,10889,27830,84.67,445
21-May-2024,10859,27830,84.21,445
22-May-2024,10419,27830,82.81,445
23-May-2024,10417.5,27150,82.29,445
24-May-2024,10324,27150,82.76,445
27-May-2024,10501.5,27150,84.97,445
28-May-2024,10456.5,27150,83.99,445
29-May-2024,10135,27150,82.3,445
30-May-2024,10040,27150,81.62,445
31-May-2024,10143,27150,78.52,445
3-Jun-2024,10143,27150,78.52,430
4-Jun-2024,9945,27150,77.26,430
5-Jun-2024,9925.5,27150,79.09,430
6-Jun-2024,10149,27150,80.58,430
7-Jun-2024,9762.5,27150,80.04,430
10-Jun-2024,9899,27150,82.5,430
11-Jun-2024,9759,27150,82.94,430
12-Jun-2024,9944.5,27150,83.39,430
13-Jun-2024,9794.5,27150,83.39,430
14-Jun-2024,9741.5,27150,83.12,435
17-Jun-2024,9665.5,27150,84.25,435
18-Jun-2024,9671.5,27150,85.33,435
19-Jun-2024,9786,27150,85.07,435
20-Jun-2024,9858,27150,87.22,435
21-Jun-2024,9682.5,27150,86.53,435
24-Jun-2024,9661,27150,87.48,435
25-Jun-2024,9571,27150,86.27,435
26-Jun-2024,9540,27150,86.44,435
27-Jun-2024,9515.5,27150,87.62,435
28-Jun-2024,9599,27150,88.14,435
3-Jul-2024,9735.5,27150,88.26,435
4-Jul-2024,9882.5,27150,88.91,435
5-Jul-2024,9882.5,27150,88.91,435
8-Jul-2024,9915,27150,87.23,435
9-Jul-2024,9869,27150,86.5,435
10-Jul-2024,9905,27150,87.05,435
11-Jul-2024,9786.5,27150,87.42,435
12-Jul-2024,9877,27150,87.54,435
15-Jul-2024,9806,26625,86.94,435
16-Jul-2024,9663.5,26625,85.81,435
17-Jul-2024,9635,26625,87.23,435
18-Jul-2024,9386,26625,85.11,435
19-Jul-2024,9310,26625,82.63,435
22-Jul-2024,9216.5,26625,82.4,435
23-Jul-2024,9166,26625,81.01,435
24-Jul-2024,9104,26625,81.71,435
25-Jul-2024,9122,26625,82.37,435
26-Jul-2024,9111,26625,81.13,435
29-Jul-2024,9026,26625,79.78,435
30-Jul-2024,8972,26625,78.63,435
31-Jul-2024,9225,26625,82.32,435
1-Aug-2024,9052.5,26500,81.88,435
2-Aug-2024,9055.5,26500,79.29,435
5-Aug-2024,8888.5,26500,79.31,435
6-Aug-2024,8928.5,26500,78.05,435
7-Aug-2024,8769.5,26500,78.33,435
8-Aug-2024,8794.5,26500,79.16,435
9-Aug-2024,8866.5,26500,79.66,435
12-Aug-2024,9026.5,26500,82.3,435
13-Aug-2024,8958.5,26500,80.69,435
14-Aug-2024,8968.5,26500,79.76,435
15-Aug-2024,9148.5,26000,81.04,435
16-Aug-2024,9115.5,24900,79.68,435
19-Aug-2024,9252,24900,77.66,435
20-Aug-2024,9204,24900,77.2,435
21-Aug-2024,9260,24900,76.05,435
22-Aug-2024,9130.5,24300,77.22,435
23-Aug-2024,9288.5,24300,79.02,435
26-Aug-2024,9288.5,24300,79.02,435
27-Aug-2024,9448,24300,79.08,435
28-Aug-2024,9260.5,24300,77.54,435
29-Aug-2024,9244,24300,79.02,435
30-Aug-2024,9235,24300,77.07,435
2-Sep-2024,9183,24300,76.4,435
3-Sep-2024,8954.5,24300,73.44,435
4-Sep-2024,8960,24300,72.62,435
5-Sep-2024,9092,24300,72.9,435
6-Sep-2024,8996,24300,71.14,435
9-Sep-2024,9097,24300,71.26,435
10-Sep-2024,9026,24300,69.23,435
11-Sep-2024,9090.5,24300,70.16,435
12-Sep-2024,9215.5,24300,71.52,435
13-Sep-2024,9308,24300,71.44,435
16-Sep-2024,9390,24300,72.36,435
17-Sep-2024,9370,24300,73.47,435
18-Sep-2024,9400.5,24300,72.1,435
19-Sep-2024,9515,24300,74.03,435
20-Sep-2024,9476.5,24300,73.93,435
23-Sep-2024,9548.5,24300,73.85,380
24-Sep-2024,9796,24300,74.44,380
25-Sep-2024,9813,24300,73.33,380
26-Sep-2024,10080.5,24300,71.06,380
27-Sep-2024,9982.5,24300,71.9,380
30-Sep-2024,9829,24300,72.07,380
1-Oct-2024,9979,24300,74.04,380
2-Oct-2024,10084.5,24300,74.36,380
3-Oct-2024,9866,24300,77.32,380
4-Oct-2024,9943.5,24300,77.55,380
7-Oct-2024,9929.5,24300,80.51,380
8-Oct-2024,9742.5,24300,77.43,380
9-Oct-2024,9675,24300,76.46,380
10-Oct-2024,9685,24300,76.44,380
11-Oct-2024,9791.5,24300,78.59,380
14-Oct-2024,9679.5,24300,77.16,380
15-Oct-2024,9530.5,24300,74.39,380
16-Oct-2024,9558.5,24300,74.2,380
17-Oct-2024,9516,24300,73.97,380
21-Oct-2024,9575.97,24300,75.36,420
22-Oct-2024,9621.87,24300,74.88,420
23-Oct-2024,9521.5,24300,74.28,420
25-Oct-2024,9507,24300,75.67,430
28-Oct-2024,9602.5,24300,75.67,430
29-Oct-2024,9541.5,24300,71.63,430
30-Oct-2024,9530.5,24300,70.98,430
31-Oct-2024,9538,24300,72.52,430
1-Nov-2024,9570.5,24300,72.81,430
4-Nov-2024,9696.5,24300,74.85,430
5-Nov-2024,9738.5,24300,75.31,430
6-Nov-2024,9343,24300,74.99,430
7-Nov-2024,9664,24300,75.23,430
8-Nov-2024,9443.5,24300,73.93,430
11-Nov-2024,9331.5,24300,71.91,430
12-Nov-2024,9142,24300,71.66,430
13-Nov-2024,9047,24300,71.8,430
14-Nov-2024,8990,24300,72.3,430
15-Nov-2024,9002.5,24300,71.01,430
18-Nov-2024,9072.5,24300,72.83,430
19-Nov-2024,9087.5,24300,73.14,430
20-Nov-2024,9089.5,24300,72.86,430
21-Nov-2024,9008.5,24300,74.12,430
22-Nov-2024,8968,24300,75,430
25-Nov-2024,9045.5,24300,72.88,430
26-Nov-2024,9000.5,24300,72.79,430
27-Nov-2024,9020,24300,72.66,430
28-Nov-2024,9002,24300,73.04,430
29-Nov-2024,9010.5,24300,72.4,430
2-Dec-2024,8992.5,24300,71.88,430
3-Dec-2024,9111.5,24300,73.36,430
4-Dec-2024,9083,24300,72.42,430
5-Dec-2024,9074.5,24300,71.97,430
6-Dec-2024,9122.5,24300,71.4,430
9-Dec-2024,9232,24300,71.83,430
10-Dec-2024,9216.5,24300,72.05,430
11-Dec-2024,9192,24300,73.42,430
12-Dec-2024,9091.5,24300,73.3,430
13-Dec-2024,9052.5,24300,74.2,430
16-Dec-2024,9062.5,24300,73.89,430
17-Dec-2024,8989.5,24300,73.4,430
18-Dec-2024,9028.5,24300,72.98,430
19-Dec-2024,8883,24300,72.65,430
20-Dec-2024,8941,24300,73.02,430
23-Dec-2024,8912,24300,73.68,430
24-Dec-2024,8950.5,24300,73.7,430
26-Dec-2024,8982,24300,74.21,430
27-Dec-2024,8982,24300,74.21,430
30-Dec-2024,8910,24300,74.62,465
31-Dec-2024,8768,24300,75.07,465
2-Jan-2025,8802.5,24300,75.93,492.5
3-Jan-2025,8876.5,24300,76.61,495
6-Jan-2025,9003,24300,76.21,495
7-Jan-2025,9003,24300,77.08,495
8-Jan-2025,9031.5,24300,76.27,495
9-Jan-2025,9078.5,24300,76.92,495
10-Jan-2025,9091.5,24300,79.47,497.5
13-Jan-2025,9094.5,24300,80.56,497.5
14-Jan-2025,9154,24300,80.44,497.5
15-Jan-2025,9167.5,24300,81.83,497.5
16-Jan-2025,9230.5,24300,81,497.5
17-Jan-2025,9190,24300,80.7,492.5
20-Jan-2025,9275,24300,80.05,492.5
21-Jan-2025,9284.5,24300,79.51,492.5
22-Jan-2025,9223.5,24300,79.21,492.5
23-Jan-2025,9232,24300,78.35,492.5
24-Jan-2025,9276,24300,78.49,492.5
27-Jan-2025,9095,23750,78.49,492.5
28-Jan-2025,8987,21550,77.27,492.5
29-Jan-2025,9068,21550,77.47,492.5
30-Jan-2025,9128.5,21550,77.47,492.5
31-Jan-2025,9048,21550,77.12,475
3-Feb-2025,9099,21550,75.59,475
4-Feb-2025,9150.5,21550,75.95,475
5-Feb-2025,9240,21550,75.03,475
6-Feb-2025,9276.5,21550,74.78,475
7-Feb-2025,9407.5,21550,75.19,475
10-Feb-2025,9447.5,21550,76.45,475
11-Feb-2025,9358,21550,77.42,475
12-Feb-2025,9454.5,21550,75.56,475
13-Feb-2025,9485,21550,75.58,475
14-Feb-2025,9477,21550,75.11,450
17-Feb-2025,9395.5,21550,75.65,450
18-Feb-2025,9472,21550,76.06,450
19-Feb-2025,9466.5,21550,76.64,450
20-Feb-2025,9563.5,21550,77.04,450
21-Feb-2025,9559,21550,74.78,425
24-Feb-2025,9494.5,21550,75.21,425
25-Feb-2025,9401.5,22280,73.44,425
26-Feb-2025,9460,22880,73.16,425
27-Feb-2025,9389.5,23030,74.37,425
28-Feb-2025,9358,23985,73.96,425
3-Mar-2025,9419,24215,71.78,425
4-Mar-2025,9343,24420,71.12,425
5-Mar-2025,9585,25225,69.64,425
6-Mar-2025,9734,26230,69.68,425
7-Mar-2025,9613.5,26960,70.83,475
10-Mar-2025,9528.5,26960,69.59,475
11-Mar-2025,9662.5,27750,70.28,475
13-Mar-2025,9783.5,33565,72.3,475
14-Mar-2025,9780.5,36170,70.94,475
17-Mar-2025,9861.5,36170,71.5,475
18-Mar-2025,9904.5,36170,71.52,475
19-Mar-2025,9987.5,36170,71.62,475
20-Mar-2025,9936.5,36170,73.03,475
21-Mar-2025,9855.5,36170,73.05,415
24-Mar-2025,9956,33610,73.82,415
25-Mar-2025,10112,33610,73.89,415
26-Mar-2025,9927,34500,74.41,415
27-Mar-2025,9846.5,33610,74.74,415
28-Mar-2025,9794.5,33845,74.21,405
31-Mar-2025,9710,33965,74.21,405
1-Apr-2025,9693,33965,75.08,405
2-Apr-2025,9700.5,33965,75.4,405
3-Apr-2025,9366.5,33925,70.71,405
4-Apr-2025,8780,33925,66.41,390
7-Apr-2025,8732,33700,64.48,390
8-Apr-2025,8655.5,33700,63.06,390
9-Apr-2025,8613,33700,60.5,390
10-Apr-2025,8988,33700,63.86,390
11-Apr-2025,9154.5,33700,64.94,380
14-Apr-2025,9187,33700,65.27,380
15-Apr-2025,9164,33700,64.99,380
16-Apr-2025,9203.5,33700,66.27,380
17-Apr-2025,9145.5,33700,66.73,380
22-Apr-2025,9369,33700,66.26,365
23-Apr-2025,9382.5,33700,65.95,365
24-Apr-2025,9392.5,33700,66.25,365
25-Apr-2025,9374,33700,65.21,265
29-Apr-2025,9378,33700,63.5,265
30-Apr-2025,9440,33700,61.02,265
2-May-2025,9206,33700,59.09,265
5-May-2025,9538,33700,59.16,265
6-May-2025,9419.5,33700,61.4,265
7-May-2025,9431.5,33700,60.54,265
8-May-2025,9445.5,33700,62.29,265
9-May-2025,9520.5,33700,63.37,265
12-May-2025,9599.5,33700,65.81,265
13-May-2025,9606.5,33700,64.98,265
14-May-2025,9577,33700,63.25,265
15-May-2025,9447.5,33700,63.92,265
16-May-2025,9447.5,33700,63.92,265
19-May-2025,9523.5,33700,64,265
20-May-2025,9519.5,33700,64.1,265
21-May-2025,9533.5,33700,63.65,265
22-May-2025,9500.5,33700,63.01,265
23-May-2025,9610,33700,62.93,265
27-May-2025,9596.5,33700,62.45,265
28-May-2025,9565,33700,63.33,265
29-May-2025,9568,33700,62.42,265
30-May-2025,9498,33700,61.72,265
2-Jun-2025,9616.5,33700,63.17,265
3-Jun-2025,9634,33700,64.23,265
4-Jun-2025,9621.5,33700,63.55,265
5-Jun-2025,9739.5,33335,64.1,265
6-Jun-2025,9693,33335,65.18,265
9-Jun-2025,9793,33335,65.81,265
10-Jun-2025,9756.5,33335,65.82,265
11-Jun-2025,9648,33335,68.51,265
12-Jun-2025,9702,33335,68.08,265
13-Jun-2025,9645,33335,72.25,265
16-Jun-2025,9703,33335,71.26,265
17-Jun-2025,9669,33335,74.12,265
18-Jun-2025,9655.5,33335,74.36,265
19-Jun-2025,9615,33335,76.07,265
20-Jun-2025,9633.5,33335,74.42,265
23-Jun-2025,9667.5,33335,69.74,265
24-Jun-2025,9669,33335,65.35,265
25-Jun-2025,9712.5,33335,65.77,265
26-Jun-2025,9899.5,33335,66.21,265
27-Jun-2025,9878,33335,66.45,265
30-Jun-2025,9869,33335,66.63,250
1-Jul-2025,9934,33335,66.09,250
2-Jul-2025,10013,33335,67.48,250
3-Jul-2025,9954.5,33335,67.44,250
4-Jul-2025,9864.5,33335,67.04,250
7-Jul-2025,9829.5,33335,68.47,250
8-Jul-2025,9790.5,33335,68.87,250
9-Jul-2025,9630.5,33335,69.08,250
10-Jul-2025,9700.5,33335,67.75,250
11-Jul-2025,9660.5,33335,69.07,250
14-Jul-2025,9619,33420,68.46,250
15-Jul-2025,9645.5,33420,67.76,250
16-Jul-2025,9635,33420,67.21,250
17-Jul-2025,9666.5,33420,68.63,250
18-Jul-2025,9778.5,33420,68.89,250
21-Jul-2025,9860,33420,68.79,250
22-Jul-2025,9919.5,33420,68.42,250
23-Jul-2025,9930.5,33420,68.59,250
24-Jul-2025,9877,33420,69.26,250
25-Jul-2025,9769.5,33420,68.69,250
28-Jul-2025,9793,33335,70.41,250
29-Jul-2025,9798,33335,70.66,250
30-Jul-2025,9698.5,33335,73.64,250
31-Jul-2025,9625,33335,73.7,250
1-Aug-2025,9630.5,33335,69.06,250
4-Aug-2025,9687,33335,68.34,250
5-Aug-2025,9638.5,33335,67.39,250
6-Aug-2025,9676,33335,66.94,250
7-Aug-2025,9684.5,33335,66.77,250
8-Aug-2025,9762,33335,66.51,250
11-Aug-2025,9731.5,33335,66.85,250
12-Aug-2025,9840.5,33335,66.26,250
13-Aug-2025,9803,33335,65.78,250
14-Aug-2025,9766,33335,66.94,250
15-Aug-2025,9773.5,33335,66.26,250
18-Aug-2025,9733,33335,66.88,250
19-Aug-2025,9692,33335,66.28,250
20-Aug-2025,9720.5,33335,67.48,250
21-Aug-2025,9724.5,33335,68.66,250
22-Aug-2025,9796.5,33335,68.63,250
25-Aug-2025,9796.5,33335,68.63,250
26-Aug-2025,9837,33297.5,68.19,250
27-Aug-2025,9755.5,33287,68.78,250
28-Aug-2025,9818,33287,68.44,250
29-Aug-2025,9902,33287,68.98,250
1-Sep-2025,9884,33271,68.53,250
2-Sep-2025,9980.5,33265.5,69.23,250
3-Sep-2025,9975.5,33260,67.58,250
4-Sep-2025,9898,33254.5,66.77,250
5-Sep-2025,9897.5,33249,65.46,250
8-Sep-2025,9915,33335,60.85,250
9-Sep-2025,9914,33335,60.45,250
10-Sep-2025,10013,33335,59.17,250
11-Sep-2025,10051.5,33335,55.58,250
12-Sep-2025,10067.5,33335,55.36,250
15-Sep-2025,10186.5,33335,56.43,250
16-Sep-2025,10126.5,33335,57.78,250
17-Sep-2025,9996,33335,57.65,250
18-Sep-2025,9940,33335,57.65,250
19-Sep-2025,9989,33335,57.65,250
22-Sep-2025,9972.5,34550,66.51,250
23-Sep-2025,9974.5,34550,67.95,250
24-Sep-2025,10336.5,34550,69.52,250
25-Sep-2025,10259.5,34550,69.51,250
26-Sep-2025,10181.5,35000,69.79,250
29-Sep-2025,10414,35000,67.6,250
30-Sep-2025,10268.5,35000,66.61,250
1-Oct-2025,10379,35000,65.02,250
2-Oct-2025,10490.5,35000,63.47,250
3-Oct-2025,10715.5,35000,63.95,250
6-Oct-2025,10654.5,35000,65.05,250
7-Oct-2025,10761,36470,64.39,250
8-Oct-2025,10669,38960,65.52,250
9-Oct-2025,10867.5,40420,64.69,250
10-Oct-2025,10518,41865,62.2,250
13-Oct-2025,10820.5,41865,63.16,250
14-Oct-2025,10578,41865,62.15,250
15-Oct-2025,10641,42725,61.71,250
16-Oct-2025,10647,42725,61.71,250
17-Oct-2025,10604.5,42725,60.94,250
20-Oct-2025,10691.5,44180,61.25,336.25
21-Oct-2025,10623.5,45650,61.32,336.25
22-Oct-2025,10663,47110,63.03,336.25
23-Oct-2025,10854.5,48570,66.28,336.25
27-Oct-2025,11029,48570,65.83,336.25
28-Oct-2025,11038.5,48570,64.68,336.25
29-Oct-2025,11183.5,48570,65.13,336.25
30-Oct-2025,10917,48570,65.24,336.25
31-Oct-2025,10887.5,48570,65.8,336.25
3-Nov-2025,10855,48570,64.88,336.25
4-Nov-2025,10663.5,48570,64.51,336.25
5-Nov-2025,10697.5,48570,63.82,336.25
6-Nov-2025,10682.5,48570,63.64,336.25
7-Nov-2025,10716.5,48570,64.19,336.25
10-Nov-2025,10796,48570,64.4,336.25
11-Nov-2025,10827,48570,65.54,336.25
12-Nov-2025,10944,48570,63.04,336.25
13-Nov-2025,10956,48570,63.46,336.25
14-Nov-2025,10852,48570,64.35,336.25
17-Nov-2025,10778.5,48570,64.08,325
18-Nov-2025,10719.5,48570,64.84,325
19-Nov-2025,10752.5,48570,63.52,325
20-Nov-2025,10738.5,48570,63.06,325
21-Nov-2025,10777.5,48570,62.46,325
24-Nov-2025,10773,48570,63.28,325
25-Nov-2025,10818,48570,62.55,325
26-Nov-2025,10975,48570,62.98,325
27-Nov-2025,10939.5,48570,63.52,325
28-Nov-2025,11189,48570,62.89,325
1-Dec-2025,11252,48570,63.51,325
2-Dec-2025,11145,50035,62.52,325
3-Dec-2025,11487.5,50035,62.9,325
4-Dec-2025,11450,50035,63.46,325
5-Dec-2025,11620.5,51480,63.96,325
8-Dec-2025,11635.5,52220,62.58,325
9-Dec-2025,11487,52220,62.03,325
10-Dec-2025,11556.5,52220,62.16,325
11-Dec-2025,11872,52790,61.3,325
12-Dec-2025,11515,52790,60.88,325
15-Dec-2025,11655.5,52790,58.35,325
16-Dec-2025,11592,52790,60.27,325
17-Dec-2025,11737,52790,59.42,325
18-Dec-2025,11778,52790,60.2,325
19-Dec-2025,11881.5,52790,61.66,325
22-Dec-2025,11925,52790,61.79,325
23-Dec-2025,12060.5,52790,61.7,325
24-Dec-2025,12162.5,52790,60.25,325
26-Dec-2025,12162.5,52790,60.99,325
29-Dec-2025,12222,52790,61.79,350
30-Dec-2025,12558.5,52790,61.7,350
31-Dec-2025,12423,53355,60.25,350
2-Jan-2026,12538.5,53355,60.63,350
5-Jan-2026,12991.5,53355,60.61,350
6-Jan-2026,13238,54835,59.34,350
7-Jan-2026,12899.5,56290,59,350
8-Jan-2026,12720.5,56290,61.35,350
9-Jan-2026,12998,56290,61.69,350
12-Jan-2026,13209.5,56290,62.5,350
13-Jan-2026,13164,56290,63.31,350
14-Jan-2026,13188.5,56290,63.92,350
15-Jan-2026,13106,56290,62.65,350
16-Jan-2026,12803,56290,62.97,350
19-Jan-2026,12965.5,56290,62.97,350
20-Jan-2026,12753.5,56290,62.78,350
21-Jan-2026,12810,56290,62.9,350
22-Jan-2026,12755.5,56290,62.75,350
23-Jan-2026,13115,56290,64.25,350
26-Jan-2026,13199,56290,63.66,350
27-Jan-2026,13006.5,56290,65.32,350
28-Jan-2026,13086.5,56290,66.2,350
29-Jan-2026,13618,56290,68.34,350
30-Jan-2026,13157.5,56290,68.49,350
2-Feb-2026,12891.5,56290,64.59,350
3-Feb-2026,13478,56290,66.6,350
4-Feb-2026,13044.5,56290,67.63,350
5-Feb-2026,12903,56290,66.32,350
6-Feb-2026,12994,56290,66.99,350
