Date,Interbank_US_Buying,Interbank_US_Selling,USDZMW,UK_Pound_Buying,UK_Pound_Selling,UK_Pound_Mid-rate,EURO_Buying,EURO_Selling,EURO_Mid-rate,SAR_Buying,SAR_Selling,SAR_Mid-rate
1/2/2006,3.497232143,3.539553571,3.518392857,5.970094375,6.214511875,6.092303125,4.155611643,4.288594,4.222102821,0.547075536,0.573609688,0.560342612
1/3/2006,3.47390625,3.52234375,3.498125,6.000983214,6.238297813,6.119640513,4.166816643,4.306848286,4.236832464,0.549259107,0.585650938,0.567455022
1/4/2006,3.476979167,3.52171875,3.499348958,6.03433875,6.27381375,6.15407625,4.191301625,4.351489071,4.271395348,0.558549643,0.585457188,0.572003415
1/5/2006,3.45375,3.4896875,3.47171875,6.038410625,6.219146875,6.12877875,4.198037813,4.34817525,4.273106531,0.558542813,0.585488125,0.572015469
1/6/2006,3.40890625,3.45484375,3.431875,5.945270938,6.18890875,6.067089844,4.104026,4.312294688,4.208160344,0.550638438,0.5785425,0.564590469
1/9/2006,3.400520833,3.44359375,3.422057292,6.012087679,6.19742375,6.104755714,4.089092375,4.229620857,4.159356616,0.552124375,0.579328125,0.56572625
1/10/2006,3.361354167,3.40625,3.383802083,5.916500714,6.1549375,6.035719107,4.060031286,4.199227429,4.129629357,0.552373125,0.580254688,0.566313906
1/11/2006,3.24765625,3.29921875,3.2734375,5.729819464,5.971822188,5.850820826,3.948572375,4.092427063,4.020499719,0.532170625,0.56184125,0.547005938
1/12/2006,3.222815,3.26109,3.2419525,5.64444,5.893505,5.7689725,3.90597,4.05672,3.981345,0.531165,0.55953,0.5453475
1/13/2006,3.243125,3.271875,3.2575,5.6165,5.86526,5.74088,3.886145,4.023425,3.954785,0.523995,0.553105,0.53855
1/16/2006,3.289583333,3.33421875,3.311901042,5.704271875,5.949455313,5.826863594,3.934225625,4.088331688,4.011278656,0.533024375,0.562285313,0.547654844
1/17/2006,3.285654762,3.323839286,3.304747024,5.701780536,5.942659375,5.822219955,3.923738929,4.073183,3.998460964,0.535560714,0.564635313,0.550098013
1/18/2006,3.282760417,3.33015625,3.306458333,5.7062275,5.958620938,5.832424219,3.92776275,4.085201688,4.006482219,0.532640313,0.564753438,0.548696875
1/19/2006,3.28921875,3.32328125,3.30625,5.70178125,5.937569063,5.819675156,3.930828938,4.078180438,4.004504688,0.534354688,0.562324688,0.548339688
1/20/2006,3.3090625,3.348125,3.32859375,5.708875625,5.93861625,5.823745938,3.93241425,4.078059688,4.005236969,0.540187188,0.56877625,0.554481719
1/23/2006,3.3325,3.3603125,3.34640625,5.791317679,6.032765938,5.912041808,3.98386725,4.125807,4.054837125,0.542315536,0.571504688,0.556910112
1/24/2006,3.345520833,3.3759375,3.360729167,5.844096563,6.080758125,5.962427344,4.0140035,4.159583143,4.086793321,0.544926429,0.574142188,0.559534308
1/25/2006,3.343630952,3.374732143,3.359181548,5.85147,6.08167375,5.966571875,4.012961571,4.165305688,4.089133629,0.542408929,0.571069688,0.556739308
1/26/2006,3.3640625,3.395,3.37953125,5.868995313,6.114609063,5.991802188,4.01899,4.17054075,4.094765375,0.542084107,0.57121875,0.556651429
1/27/2006,3.3909375,3.42125,3.40609375,5.882620313,6.124651875,6.003636094,4.0179,4.170219,4.0940595,0.541011563,0.569091875,0.555051719
1/30/2006,3.410604167,3.4415625,3.426083333,5.892942143,6.1344125,6.013677321,4.0499455,4.197972286,4.123958893,0.541346786,0.569932188,0.555639487
1/31/2006,3.416135417,3.45040625,3.433270833,5.909399107,6.144763125,6.027081116,4.0342975,4.184204688,4.109251094,0.545663929,0.573288438,0.559476183
2/1/2006,3.402916667,3.44375,3.423333333,5.934403393,6.164001563,6.049202478,4.045543929,4.188324714,4.116934321,0.550109107,0.575854688,0.562981897
2/2/2006,3.342864583,3.380416667,3.361640625,5.866692857,6.108660625,5.987676741,3.987592071,4.132160857,4.059876464,0.538567857,0.56686,0.552713929
2/3/2006,3.312208333,3.3453125,3.328760417,5.829683125,6.0547975,5.942240313,3.961990375,4.098873313,4.030431844,0.537972679,0.566584688,0.552278683
2/6/2006,3.155458333,3.2984375,3.226947917,5.716175938,5.955862188,5.836019063,3.906423786,4.059128438,3.982776112,0.532506786,0.561124688,0.546815737
2/7/2006,3.176875,3.2234375,3.20015625,5.5770975,5.7984375,5.6877675,3.828892643,3.973841357,3.901367,0.519086875,0.547341563,0.533214219
2/8/2006,3.18521,3.226875,3.2060425,5.52762,5.76758,5.6476,3.802635,3.95391,3.8782725,0.51059,0.54003,0.52531
2/9/2006,3.21068,3.24672,3.2287,5.530405,5.77215,5.6512775,3.823275,3.967245,3.89526,0.512935,0.539915,0.526425
2/10/2006,3.26698,3.299065,3.2830225,5.57534,5.813325,5.6943325,3.849185,3.991,3.9200925,0.522,0.550595,0.5362975
2/13/2006,3.298645833,3.3328125,3.315729167,5.621124643,5.860247813,5.740686228,3.862616438,4.008778429,3.935697433,0.524425714,0.552020313,0.538223013
2/14/2006,3.322142857,3.354910714,3.338526786,5.656890893,5.901174688,5.77903279,3.888551125,4.026541571,3.957546348,0.525687857,0.553999375,0.539843616
2/15/2006,3.295181548,3.330982143,3.313081845,5.639613438,5.868338125,5.753975781,3.89241725,4.03360325,3.96301025,0.531914688,0.5578325,0.544873594
2/16/2006,3.22155,3.242815,3.2321825,5.576,5.80586,5.69093,3.83668,3.977955,3.9073175,0.524865,0.55434,0.5396025
2/17/2006,3.22521,3.26125,3.24323,5.53626,5.764995,5.6506275,3.815355,3.954555,3.884955,0.52261,0.54984,0.536225
2/20/2006,3.245364583,3.27921875,3.262291667,5.570299643,5.806678125,5.688488884,3.849225375,3.992646,3.920935688,0.528499107,0.557017813,0.54275846
2/21/2006,3.270927083,3.30625,3.288588542,5.607659688,5.838197188,5.722928438,3.862016429,4.005547214,3.933781821,0.530576071,0.558954688,0.544765379
2/22/2006,3.29609375,3.32671875,3.31140625,5.66807375,5.906637188,5.787355469,3.894977786,4.036097429,3.965537607,0.532538393,0.561517813,0.547028103
2/23/2006,3.29092,3.32403,3.307475,5.670305,5.906005,5.788155,3.89254,4.04049,3.966515,0.53385,0.557475,0.5456625
2/24/2006,3.290835,3.324535,3.307685,5.677085,5.91537,5.7962275,3.89095,4.03007,3.96051,0.53016,0.5582,0.54418
2/27/2006,3.3003125,3.33953125,3.319921875,5.65011,5.904614063,5.777362031,3.870772357,4.015790286,3.943281321,0.528411786,0.556857813,0.542634799
2/28/2006,3.302760417,3.33734375,3.320052083,5.640130625,5.88719375,5.763662188,3.8633145,4.003789143,3.933551821,0.523905313,0.551341563,0.537623438
3/1/2006,3.29046875,3.32709375,3.30878125,5.684655938,5.920545938,5.802600938,3.888756813,4.02858425,3.958670531,0.5265725,0.552559688,0.539566094
3/2/2006,3.290197917,3.325,3.307598958,5.653539375,5.885965313,5.769752344,3.873241643,4.013040438,3.94314104,0.525258571,0.55046125,0.537859911
3/3/2006,3.286614583,3.3209375,3.303776042,5.662567813,5.899030938,5.780799375,3.900262,4.0391205,3.96969125,0.53049675,0.5547935,0.542645125
3/6/2006,3.284427083,3.31365625,3.299041667,5.6740275,5.90627375,5.790150625,3.905748214,4.043579625,3.97466392,0.5251575,0.549846625,0.537502063
3/7/2006,3.2821875,3.31375,3.29796875,5.636775,5.868317813,5.752546406,3.879730938,4.018543357,3.949137147,0.521184,0.544558813,0.532871406
3/8/2006,3.27628125,3.3096875,3.292984375,5.605437188,5.836587813,5.7210125,3.859164643,3.99245875,3.925811696,0.519276857,0.54342575,0.531351304
3/9/2006,3.273520833,3.300729167,3.287125,5.603575714,5.829640313,5.716608013,3.864416714,4.001557063,3.932986888,0.518556071,0.543002438,0.530779254
3/10/2006,3.267291667,3.301875,3.284583333,5.596308571,5.824964688,5.710636629,3.858195357,3.99476225,3.926478804,0.518106643,0.542478563,0.530292603
3/13/2006,3.267291667,3.301875,3.284583333,5.596308571,5.824964688,5.710636629,3.858195357,3.99476225,3.926478804,0.518106643,0.542478563,0.530292603
3/14/2006,3.273385417,3.303125,3.288255208,5.592530714,5.814909063,5.703719888,3.872019857,4.008031875,3.940025866,0.519788143,0.544063,0.531925571
3/15/2006,3.2750625,3.308125,3.29159375,5.621304107,5.844245313,5.73277471,3.889599,4.020546214,3.955072607,0.519066714,0.543091375,0.531079045
3/16/2006,3.189302083,3.31890625,3.254104167,5.621322321,5.851251875,5.736287098,3.8961855,4.030690357,3.963437929,0.520235071,0.545330063,0.532782567
3/17/2006,3.284385417,3.31521875,3.299802083,5.663424286,5.891388438,5.777406362,3.933417429,4.072893357,4.003155393,0.515087125,0.54683925,0.530963188
3/20/2006,3.28821875,3.31653125,3.302375,5.66744375,5.895836563,5.781640156,3.93751375,4.076986125,4.007249938,0.5210465,0.545257625,0.533152063
3/21/2006,3.29796875,3.324166667,3.311067708,5.66724875,5.888860357,5.778054554,3.937421357,4.0736365,4.005528929,0.516115,0.540461375,0.528288188
3/22/2006,3.291625,3.318125,3.304875,5.64692125,5.878754688,5.762837969,3.918106625,4.055357071,3.986731848,0.512592143,0.53736225,0.524977196
3/23/2006,3.2900625,3.31640625,3.303234375,5.646100357,5.868187188,5.757143772,3.91156875,4.044514786,3.978041768,0.514288786,0.538938625,0.526613705
3/24/2006,3.286116071,3.315619048,3.30086756,5.616547813,5.8413125,5.728930156,3.889677143,4.026205,3.957941071,0.512587625,0.536993125,0.524790375
3/27/2006,3.288883929,3.317440476,3.303162202,5.638271563,5.860944375,5.749607969,3.900494929,4.031533571,3.96601425,0.5150525,0.540257313,0.527654906
3/28/2006,3.296395833,3.32453125,3.310463542,5.639459286,5.869514688,5.754486987,3.892929143,4.032337929,3.962633536,0.514829071,0.539783563,0.527306317
3/29/2006,3.2981875,3.32578125,3.311984375,5.641171071,5.870907813,5.756039442,3.900451143,4.034726357,3.96758875,0.514140429,0.538729438,0.526434933
3/30/2006,3.2880625,3.323125,3.30559375,5.644927679,5.875060625,5.759994152,3.9176235,4.053795286,3.985709393,0.517352563,0.540921438,0.529137
3/31/2006,3.281875,3.318416667,3.300145833,5.645317813,5.866579375,5.755948594,3.934528571,3.84872075,3.891624661,0.522998,0.546963857,0.534980929
4/3/2006,3.279685,3.31219,3.2959375,5.60523,5.820645,5.7129375,3.911895,4.045565,3.97873,0.523365,0.546865,0.535115
4/4/2006,3.27432,3.310625,3.2924725,5.628625,5.844825,5.736725,3.934355,4.070245,4.0023,0.52796,0.551015,0.5394875
4/5/2006,3.25021,3.292815,3.2715125,5.676265,5.8965,5.7863825,3.960465,4.096285,4.028375,0.532005,0.55658,0.5442925
4/6/2006,3.241875,3.264285,3.25308,5.628345,5.85059,5.7394675,3.94097,4.07367,4.00732,0.529145,0.55376,0.5414525
4/7/2006,3.2285,3.26375,3.246125,5.601635,5.82818,5.7149075,3.90989,4.043325,3.9766075,0.52581,0.550095,0.5379525
4/10/2006,3.224895833,3.258125,3.241510417,5.582193125,5.809970938,5.696082031,3.890381071,4.026726875,3.958553973,0.524119857,0.548371063,0.53624546
4/11/2006,3.217547619,3.248035714,3.232791667,5.567945,5.797102813,5.682523906,3.884608571,4.019636643,3.952122607,0.521042571,0.546094357,0.533568464
4/12/2006,3.21552381,3.244464286,3.229994048,5.56709375,5.784560625,5.675827188,3.876298063,4.008384286,3.942341174,0.519521375,0.5443175,0.531919438
4/13/2006,3.211395833,3.2415625,3.226479167,5.567496071,5.799786875,5.683641473,3.869111857,4.006068071,3.937589964,0.518754857,0.543979813,0.531367335
4/14/2006,3.211395833,3.2415625,3.226479167,5.567496071,5.799786875,5.683641473,3.869111857,4.006068071,3.937589964,0.518754857,0.543979813,0.531367335
4/17/2006,3.211395833,3.2415625,3.226479167,5.567496071,5.799786875,5.683641473,3.869111857,4.006068071,3.937589964,0.518754857,0.543979813,0.531367335
4/18/2006,3.209260417,3.24,3.224630208,5.598781563,5.837975,5.718378281,3.894200875,4.036500688,3.965350781,0.522069857,0.546470188,0.534270022
4/19/2006,3.202666667,3.23453125,3.218598958,5.626954821,5.85229625,5.739625536,3.911072063,4.060718714,3.985895388,0.5267935,0.551152188,0.538972844
4/20/2006,3.195375,3.22775,3.2115625,5.642133929,5.87882375,5.760478839,3.910222071,4.066120286,3.988171179,0.527541357,0.551917625,0.539729491
4/21/2006,3.187875,3.225614583,3.206744792,5.593874286,5.823973438,5.708923862,3.885904714,4.033851857,3.959878286,0.520052929,0.54455325,0.532303089
4/24/2006,3.168645833,3.208229167,3.1884375,5.5986425,5.829511563,5.714077031,3.88573925,4.0397225,3.962730875,0.522361643,0.54712825,0.534744946
4/25/2006,3.1078125,3.13828125,3.123046875,5.520325357,5.762584688,5.641455022,3.847180688,3.99631133,3.921746009,0.511543143,0.537129125,0.524336134
4/26/2006,3.0915625,3.12515625,3.108359375,5.492290179,5.727774375,5.610032277,3.838410571,3.987042143,3.912726357,0.504557929,0.530569125,0.517563527
4/27/2006,3.0853125,3.1134375,3.099375,5.462360938,5.692453125,5.577407031,3.819884643,3.972099714,3.895992179,0.501474813,0.525919313,0.513697063
4/28/2006,3.079166667,3.111875,3.095520833,5.478004821,5.70879125,5.593398036,3.830099679,3.981120071,3.905609875,0.498757929,0.523707938,0.511232933
5/1/2006,3.079166667,3.111875,3.095520833,5.478004821,5.70879125,5.593398036,3.830099679,3.981120071,3.905609875,0.498757929,0.523707938,0.511232933
5/2/2006,3.073979167,3.10890625,3.091442708,5.523287188,5.754832813,5.63906,3.831772607,3.9873885,3.909580554,0.504215786,0.529000938,0.516608362
5/3/2006,3.061607143,3.096803571,3.079205357,5.568139464,5.808414063,5.688276763,3.839648125,3.992727438,3.916187781,0.505478857,0.529101125,0.517289991
5/4/2006,3.057738095,3.092589286,3.07516369,5.543487619,5.787910729,5.665699174,3.828737813,3.983879,3.906308406,0.501648214,0.524953438,0.513300826
5/5/2006,3.05702381,3.091982143,3.074502976,5.572865536,5.812257813,5.692561674,3.836080313,3.995598429,3.915839371,0.501299714,0.525390813,0.513345263
5/8/2006,3.04746875,3.0759375,3.061703125,5.597515313,5.836153438,5.716834375,3.834991786,3.987895938,3.911443862,0.500167929,0.524445375,0.512306652
5/9/2006,3.035614583,3.0675,3.051557292,5.562718438,5.796380938,5.679549688,3.807835286,3.938887688,3.873361487,0.497715357,0.520706375,0.509210866
5/10/2006,3.030260417,3.06328125,3.046770833,5.580267813,5.808701875,5.694484844,3.823404938,3.95636625,3.889885594,0.499364563,0.521946625,0.510655594
5/11/2006,3.020708333,3.052375,3.036541667,5.541555625,5.7579525,5.649754063,3.807432375,3.952767063,3.880099719,0.495338313,0.51859375,0.506966031
5/12/2006,3.015052083,3.048375,3.031713542,5.612387813,5.84543375,5.728910781,3.8819375,4.005076375,3.943506938,0.491676813,0.513436438,0.502556625
5/15/2006,3.022864583,3.055,3.038932292,5.631024688,5.846535,5.738779844,3.844151313,3.986235286,3.915193299,0.478730188,0.501509813,0.49012
5/16/2006,3.10546875,3.15578125,3.130625,5.683981071,5.92540125,5.804691161,3.869947786,4.027316786,3.948632286,0.479396063,0.500914875,0.490155469
5/17/2006,3.1759375,3.2075,3.19171875,5.781028393,6.039378125,5.910203259,3.923655857,4.094112813,4.008884335,0.489907571,0.513754125,0.501830848
5/18/2006,3.153589286,3.185959821,3.169774554,5.781391607,5.761545,5.771468304,3.918076143,4.079287143,3.998681643,0.484431875,0.507892563,0.496162219
5/19/2006,3.167697917,3.200674107,3.184186012,5.800239107,6.06327,5.931754554,3.936027286,4.096184571,4.016105929,0.48604625,0.509195813,0.497621031
5/22/2006,3.22984375,3.27875,3.254296875,5.774948214,6.088632813,5.931790513,3.9302495,4.091676786,4.010963143,0.478663143,0.502256938,0.49046004
5/23/2006,3.2965625,3.333125,3.31484375,5.944025969,6.21113625,6.077581109,4.025303643,4.198619786,4.111961714,0.492080625,0.520569625,0.506325125
5/24/2006,3.444479167,3.525625,3.485052083,6.05964,6.549257188,6.304448594,4.207494786,4.407593071,4.307543929,0.50575225,0.532279188,0.519015719
5/25/2006,3.444479167,3.525625,3.485052083,6.05964,6.549257188,6.304448594,4.207494786,4.407593071,4.307543929,0.50575225,0.532279188,0.519015719
5/26/2006,3.4675,3.53625,3.501875,6.311383036,6.633779286,6.472581161,4.265234071,4.464459643,4.364846857,0.517799625,0.54520075,0.531500188
5/29/2006,3.43625,3.47390625,3.455078125,6.269092188,6.561491875,6.415292031,4.25363,4.437313571,4.345471786,0.517205688,0.543309375,0.530257531
5/30/2006,3.37671875,3.405758929,3.391238839,6.248590179,6.536451875,6.392521027,4.244424625,4.428148714,4.33628667,0.515745313,0.54075925,0.528252281
5/31/2006,3.445535714,3.48515625,3.465345982,6.294709688,6.479335938,6.387022813,4.26515325,4.443455813,4.354304531,0.505377071,0.53176925,0.518573161
6/1/2006,3.4719375,3.50578125,3.488859375,6.302617188,6.58036125,6.441489219,4.26187775,4.44894675,4.35541225,0.507710214,0.532997438,0.520353826
6/2/2006,3.473511905,3.506517857,3.490014881,6.298690893,6.600600938,6.449645915,4.283159625,4.470297,4.376728313,0.511381714,0.536953875,0.524167795
6/5/2006,3.482901786,3.523303571,3.503102679,6.374387188,6.6676025,6.520994844,4.329144625,4.514269857,4.421707241,0.512861643,0.538619563,0.525740603
6/6/2006,3.47375,3.516875,3.4953125,6.332817321,6.445933125,6.389375223,4.3113525,4.497448143,4.404400321,0.50968025,0.535070563,0.522375406
6/7/2006,3.460238095,3.505982143,3.483110119,6.308560179,6.57063125,6.439595714,4.290789,4.469107143,4.379948071,0.5049005,0.528952438,0.516926469
6/8/2006,3.439404762,3.474940476,3.457172619,6.262679643,6.536409375,6.399544509,4.269040143,4.44195425,4.355497196,0.5057095,0.527178,0.51644375
6/9/2006,3.431488095,3.468125,3.449806548,6.20722,6.406877813,6.307048906,4.22082275,4.392148625,4.306485688,0.503143125,0.526877063,0.515010094
6/12/2006,3.427916667,3.46625,3.447083333,6.199822188,6.45874625,6.329284219,4.214023938,4.376482643,4.29525329,0.505755188,0.52696725,0.516361219
6/13/2006,3.432738095,3.468660714,3.450699405,6.196221964,6.452955625,6.324588795,4.20515575,4.360403938,4.282779844,0.499682813,0.522353875,0.511018344
6/14/2006,3.425892857,3.464375,3.445133929,6.190025893,6.448999688,6.31951279,4.203139438,4.35228125,4.277710344,0.49816725,0.520469625,0.509318438
6/15/2006,3.43225,3.462517857,3.447383929,6.214934063,6.453828438,6.33438125,4.258684688,4.417744625,4.338214656,0.495945563,0.51825725,0.507101406
6/16/2006,3.4296875,3.462410714,3.446049107,6.228790938,6.477545625,6.353168281,4.2620855,4.422627,4.34235625,0.495215813,0.517053563,0.506134688
6/19/2006,3.4234375,3.456625,3.44003125,6.12432125,6.4462075,6.285264375,4.245374125,4.403116813,4.324245469,0.49060375,0.512435875,0.501519813
6/20/2006,3.423489583,3.456660714,3.440075149,6.007954688,6.4419125,6.224933594,4.246576625,4.400956813,4.323766719,0.484661563,0.507723563,0.496192563
6/21/2006,3.435178571,3.46765625,3.451417411,6.202205,6.453199063,6.327702031,4.252644125,4.403920688,4.328282406,0.479184188,0.5011015,0.490142844
6/22/2006,3.439802083,3.475,3.457401042,6.201246875,6.45541125,6.328329063,4.263364125,4.424736188,4.344050156,0.476176188,0.498188438,0.487182313
6/23/2006,3.4640625,3.503125,3.48359375,6.17952875,6.42220375,6.30086625,4.25615575,4.41856625,4.337361,0.464291688,0.486727,0.475509344
6/26/2006,3.485625,3.52015625,3.502890625,6.182112813,6.43092875,6.306520781,4.262781875,4.425899938,4.344340906,0.465695938,0.487030438,0.476363188
6/27/2006,3.503072917,3.54046875,3.521770833,6.230757813,6.486925313,6.358841563,4.305601375,4.471431625,4.3885165,0.470966,0.493082375,0.482024188
6/28/2006,3.52109375,3.56578125,3.5434375,6.249727188,6.509981563,6.379854375,4.314911188,4.478816813,4.396864,0.473254875,0.492759938,0.483007406
6/29/2006,3.5509375,3.58625,3.56859375,6.261315625,6.516385625,6.388850625,4.32277675,4.488320125,4.405548438,0.47787725,0.49761025,0.48774375
6/30/2006,3.538229167,3.58515625,3.561692708,6.327774063,6.62488875,6.476331406,4.379143313,4.580216375,4.479679844,0.48474475,0.50799525,0.49637
7/3/2006,3.538229167,3.58515625,3.561692708,6.327774063,6.62488875,6.476331406,4.379143313,4.580216375,4.479679844,0.48474475,0.50799525,0.49637
7/4/2006,3.538229167,3.58515625,3.561692708,6.327774063,6.62488875,6.476331406,4.379143313,4.580216375,4.479679844,0.48474475,0.50799525,0.49637
7/5/2006,3.476875,3.5084375,3.49265625,6.363727188,6.617067188,6.490397188,4.399767813,4.565051688,4.48240975,0.489238063,0.508184188,0.498711125
7/6/2006,3.449895833,3.485982143,3.467938988,6.265273125,6.517625313,6.391449219,4.3458925,4.50521325,4.425552875,0.4753625,0.494549866,0.484956183
7/7/2006,3.4221875,3.467232143,3.444709821,6.227274063,6.47093875,6.349106406,4.328468875,4.48309625,4.405782563,0.476536688,0.495185813,0.48586125
7/10/2006,3.421041667,3.4628125,3.441927083,6.263285313,6.504519063,6.383902188,4.3323365,4.493624125,4.412980313,0.477342313,0.495879,0.486610656
7/11/2006,3.42327381,3.4596875,3.441480655,6.212745938,6.4605275,6.336636719,4.2949825,4.44972125,4.372351875,0.476480563,0.494205438,0.485343
7/12/2006,3.422261905,3.458839286,3.440550595,6.222531563,6.465263125,6.343897344,4.300446063,4.462222313,4.381334188,0.476293875,0.49498525,0.485639563
7/13/2006,3.442958333,3.475625,3.459291667,6.205325,6.442218438,6.323771719,4.297428813,4.451935813,4.374682313,0.472881875,0.491427813,0.482154844
7/14/2006,3.46359375,3.498035714,3.480814732,6.2371525,6.479179063,6.358165781,4.309900063,4.459994563,4.384947313,0.472759813,0.49025175,0.481505781
7/17/2006,3.487239583,3.522142857,3.50469122,6.247903125,6.48045625,6.364179688,4.309868313,4.459300688,4.3845845,0.4735595,0.492248438,0.482903969
7/18/2006,3.55625,3.5915625,3.57390625,6.273295313,6.529105313,6.401200313,4.31560925,4.485189375,4.400399313,0.478522125,0.50370075,0.491111438
7/19/2006,3.586875,3.617392857,3.602133929,6.384554688,6.620469375,6.502512031,4.361277625,4.534009438,4.447643531,0.48702025,0.506989938,0.497005094
7/20/2006,3.585,3.620535714,3.602767857,6.45734625,6.731984688,6.594665469,4.405956125,4.584655313,4.495305719,0.496115,0.516536563,0.506325781
7/21/2006,3.593839286,3.628928571,3.611383929,6.488559688,6.75514875,6.621854219,4.424374125,4.599158188,4.511766156,0.50064075,0.5209735,0.510807125
7/24/2006,3.590572917,3.626875,3.608723958,6.504565,6.671293125,6.587929063,4.42683425,4.596098813,4.511466531,0.496453125,0.515527,0.505990063
7/25/2006,3.598392857,3.63375,3.616071429,6.494295938,6.758846563,6.62657125,4.4313725,4.601276188,4.516324344,0.500868313,0.52065975,0.510764031
7/26/2006,3.610625,3.636607143,3.623616071,6.471361563,6.734934688,6.603148125,4.41057425,4.57340075,4.4919875,0.498840625,0.518602375,0.5087215
7/27/2006,3.611177083,3.646607143,3.628892113,6.522207188,6.7883925,6.655299844,4.459671438,4.631177625,4.545424531,0.505111875,0.524760688,0.514936281
7/28/2006,3.640714286,3.673928571,3.657321429,6.558439688,6.834780938,6.696610313,4.4712355,4.644018063,4.557626781,0.510472688,0.531033375,0.520753031
7/31/2006,3.763333333,3.793385417,3.778359375,6.73701,7.038283125,6.887646563,4.60504975,4.790690813,4.697870281,0.525839063,0.551647,0.538743031
8/1/2006,3.84984375,3.88978125,3.8698125,6.992552813,7.290662813,7.141607813,4.754311125,4.939487125,4.846899125,0.538684438,0.562843813,0.550764125
8/2/2006,3.836875,3.89671875,3.866796875,7.041718125,7.334316563,7.188017344,4.7842575,4.970690313,4.877473906,0.540058813,0.563855625,0.551957219
8/3/2006,3.860729167,3.901875,3.881302083,7.057882813,7.35420125,7.206042031,4.7847265,4.9647985,4.8747625,0.542488375,0.566334,0.554411188
8/4/2006,3.869047619,3.906785714,3.887916667,7.099332813,7.387956563,7.243644688,4.792957688,4.979046188,4.886001938,0.547759375,0.570084688,0.558922031
8/7/2006,3.869047619,3.906785714,3.887916667,7.099332813,7.387956563,7.243644688,4.792957688,4.979046188,4.886001938,0.547759375,0.570084688,0.558922031
8/8/2006,3.899895833,3.933035714,3.916465774,7.179645313,7.466197188,7.32292125,4.814486125,4.995665313,4.905075719,0.551652313,0.575816188,0.56373425
8/9/2006,3.9178125,3.948809524,3.933311012,7.25624125,7.530976563,7.393608906,4.863658625,5.03645975,4.950059188,0.557251125,0.581169563,0.569210344
8/10/2006,3.95702381,3.985178571,3.97110119,7.309725625,7.593312188,7.451518906,4.903671063,5.079049625,4.991360344,0.563638938,0.588258625,0.575948781
8/11/2006,3.960375,3.986071429,3.973223214,7.262911875,7.569817188,7.416364531,4.886388938,5.065549563,4.97596925,0.563087188,0.586666125,0.574876656
8/14/2006,3.9673125,3.98765625,3.977484375,7.297098438,7.583759063,7.44042875,4.880977313,5.057897188,4.96943725,0.562729625,0.586899938,0.574814781
8/15/2006,3.976875,3.9925,3.9846875,7.348168125,7.6388225,7.493495313,4.900731313,5.091372438,4.996051875,0.562243375,0.586794188,0.574518781
8/16/2006,3.968571429,3.980535714,3.974553571,7.352545313,7.63969875,7.496122031,4.914554938,5.10064775,5.007601344,0.563017563,0.58652925,0.574773406
8/17/2006,3.921875,3.937864583,3.929869792,7.354543125,7.62940625,7.491974688,4.922998625,5.108150625,5.015574625,0.566640875,0.589869438,0.578255156
8/18/2006,3.779940476,3.800535714,3.790238095,7.167537813,7.466590938,7.317064375,4.836434125,5.026778063,4.931606094,0.553552188,0.577844625,0.565698406
8/21/2006,3.653385417,3.66265625,3.658020833,6.954034375,7.22872,7.091377188,4.703326938,4.890379563,4.79685325,0.525344625,0.548254438,0.536799531
8/22/2006,3.7565625,3.81109375,3.783828125,6.915662813,7.200998125,7.058330469,4.678007063,4.871322438,4.77466475,0.5176035,0.53535925,0.526481375
8/23/2006,3.821875,3.83765625,3.829765625,7.103615625,7.386084063,7.244849844,4.777065188,4.9644375,4.870751344,0.52972,0.55126225,0.540491125
8/24/2006,3.8321875,3.8503125,3.84125,7.088825625,7.37245875,7.230642188,4.757524938,4.944109563,4.85081725,0.526171313,0.550630625,0.538400969
8/25/2006,3.83671875,3.855625,3.846171875,7.085538125,7.376878125,7.231208125,4.763767438,4.951355313,4.857561375,0.529042875,0.553070938,0.541056906
8/28/2006,3.874761905,3.8953125,3.885037202,7.146675625,7.434492813,7.290584219,4.797230375,4.991681438,4.894455906,0.528634188,0.552581938,0.540608063
8/29/2006,3.9041875,3.90484375,3.904515625,7.2465025,7.521341875,7.383922188,4.851585563,5.028287188,4.939936375,0.536006563,0.556405688,0.546206125
8/30/2006,3.898392857,3.9075,3.902946429,7.259655,7.530988125,7.395321563,4.858051688,5.0361075,4.947079594,0.540260375,0.55909225,0.549676313
8/31/2006,3.894375,3.910714286,3.902544643,7.283137813,7.550806563,7.416972188,4.884077063,5.059887875,4.971982469,0.538951438,0.561169813,0.550060625
9/1/2006,3.8453125,3.8634375,3.854375,7.253920938,7.519446875,7.386683906,4.863540438,5.040211875,4.951876156,0.532232,0.553232313,0.542732156
9/4/2006,3.856116071,3.889892857,3.873004464,7.221474688,7.4933125,7.357393594,4.853109063,5.032129188,4.942619125,0.53017175,0.551505688,0.540838719
9/5/2006,3.924947917,3.93375,3.929348958,7.264525625,7.536460313,7.400492969,4.878833063,5.061883313,4.970358188,0.533191875,0.554824063,0.544007969
9/6/2006,3.953552083,3.961785714,3.957668899,7.313557188,7.579059375,7.446308281,4.918221875,5.097470813,5.007846344,0.538360625,0.560563438,0.549462031
9/7/2006,3.980052083,3.993571429,3.986811756,7.321819063,7.592038438,7.45692875,4.940356125,5.118727438,5.029541781,0.534476188,0.55573375,0.545104969
9/8/2006,3.9831875,3.998214286,3.990700893,7.297194375,7.564929375,7.431061875,4.920791188,5.0981355,5.009463344,0.533439563,0.554692313,0.544065938
9/11/2006,4.0221875,4.04109375,4.031640625,7.290645313,7.556756563,7.423700938,4.92526975,5.101258929,5.013264339,0.529613125,0.55120425,0.540408688
9/12/2006,4.2546875,4.2653125,4.26,7.530195,7.80376125,7.666978125,5.0660425,5.269470313,5.167756406,0.549148188,0.574342875,0.561745531
9/13/2006,4.364484375,4.3854375,4.374960938,7.957035,8.1956075,8.07632125,5.296944375,5.4623595,5.379651938,0.572043625,0.59305425,0.582548938
9/14/2006,4.373125,4.4140625,4.39359375,8.048413125,8.3284675,8.188440313,5.358718125,5.540401875,5.44956,0.5806795,0.605678,0.59317875
9/15/2006,4.101927083,4.143035625,4.122481354,7.61839,7.8955025,7.75694625,5.07059175,5.2698715,5.170231625,0.543666375,0.586881,0.565273688
9/18/2006,4.081875,4.106875,4.094375,7.614148125,7.880278125,7.747213125,5.07914,5.265880125,5.172510063,0.550149625,0.575549438,0.562849531
9/19/2006,4.06125,4.0786975,4.06997375,7.59317625,7.838490625,7.715833438,5.0687565,5.240618286,5.154687393,0.547688875,0.572425,0.560056938
9/20/2006,4.00796875,4.021484375,4.014726563,7.54046125,7.77417,7.657315625,5.02944775,5.201570375,5.115509063,0.54191975,0.5664835,0.554201625
9/21/2006,4.038035714,4.062262143,4.050148929,7.562709375,7.808975625,7.6858425,5.0370095,5.193485286,5.115247393,0.539390375,0.564576625,0.5519835
9/22/2006,3.957968333,3.9788125,3.968390417,7.542361875,7.8102475,7.676304688,5.041071,5.214599,5.127835,0.526654375,0.5512085,0.538931438
9/25/2006,3.940104375,3.963958125,3.95203125,7.50615,7.759890625,7.633020313,5.00726475,5.17845175,5.09285825,0.5216475,0.546795375,0.534221438
9/26/2006,3.905818542,3.9465625,3.926190521,7.442180625,7.70403125,7.573105938,4.959010875,5.128264125,5.0436375,0.517429,0.541411125,0.529420063
9/27/2006,4.0425,4.07674125,4.059620625,7.411575625,7.651745,7.531660313,4.923637875,5.08091,5.002273938,0.522407706,0.546681356,0.534544531
9/28/2006,4.0425,4.07674125,4.059620625,7.411575625,7.651745,7.531660313,4.923637875,5.08091,5.002273938,0.522407706,0.546681356,0.534544531
9/29/2006,4.229285833,4.255833333,4.242559583,7.623563333,7.902909167,7.76323625,5.1094585,5.290572833,5.200015667,0.531792,0.558274667,0.545033333
10/2/2006,4.169285714,4.193571429,4.181428571,7.625554286,7.88985625,7.757705268,5.109517,5.285818286,5.197667643,0.529363,0.5525155,0.54093925
10/3/2006,3.872864375,3.926354375,3.899609375,7.31623625,7.63413625,7.47518625,4.917500375,5.1263565,5.021928438,0.487072125,0.534754875,0.5109135
10/4/2006,3.8428125,3.8653125,3.8540625,7.210551875,7.498455,7.354503438,4.852343375,5.049070375,4.950706875,0.4932775,0.517949125,0.505613313
10/5/2006,3.745625,3.765625,3.755625,7.069654375,7.37322,7.221437188,4.783415375,4.965544857,4.874480116,0.4981105,0.52114825,0.509629375
10/6/2006,3.7125,3.7365625,3.72453125,6.887508125,7.189398125,7.038453125,4.674490625,4.883989875,4.77924025,0.479098125,0.499163,0.489130563
10/9/2006,3.6885,3.6984375,3.69346875,6.43978625,7.0900475,6.764916875,4.635835875,4.8092205,4.722528188,0.474587625,0.49108575,0.482836688
10/10/2006,3.7958125,3.815645833,3.805729167,6.909175,7.225666875,7.067420938,4.688233125,4.870595143,4.779414134,0.478264625,0.500884,0.489574313
10/11/2006,3.81125,3.83,3.820625,6.963673125,7.205835,7.084754063,4.726599125,4.89484175,4.810720438,0.489521625,0.508078875,0.49880025
10/12/2006,3.8165625,3.8353125,3.8259375,6.97459875,7.23461875,7.10460875,4.733605625,4.90267375,4.818139688,0.49470825,0.5143005,0.504504375
10/13/2006,3.8153125,3.830714286,3.823013393,6.983913125,7.23936875,7.111640938,4.732462875,4.905143875,4.818803375,0.499354375,0.520196875,0.509775625
10/16/2006,3.84484375,3.8573125,3.851078125,6.968035625,7.22461625,7.096325938,4.722946875,4.882886286,4.80291658,0.503156,0.524356125,0.513756063
10/17/2006,3.8809375,3.8909375,3.8859375,7.0546125,7.33503375,7.194823125,4.75838,4.93057025,4.844475125,0.505049625,0.52659625,0.515822938
10/18/2006,3.823229167,3.8409375,3.832083333,7.072905,7.358189375,7.215547188,4.757835375,4.942940125,4.85038775,0.501762375,0.524385125,0.51307375
10/19/2006,3.804114583,3.8334375,3.818776042,6.996490625,7.261973125,7.129231875,4.724118625,4.908563875,4.81634125,0.500191875,0.52188675,0.511039313
10/20/2006,3.801666875,3.8278125,3.814739688,7.024955625,7.29526375,7.160109688,4.734484125,4.91389,4.824187063,0.501396625,0.52202755,0.511712088
10/23/2006,3.809479167,3.825,3.817239583,7.025041875,7.291861875,7.158451875,4.72404325,4.8988025,4.811422875,0.499149125,0.522425175,0.51078715
10/24/2006,3.809479167,3.825,3.817239583,7.025041875,7.291861875,7.158451875,4.72404325,4.8988025,4.811422875,0.499149125,0.522425175,0.51078715
10/25/2006,3.803958333,3.823333333,3.813645833,7.004775625,7.272821875,7.13879875,4.71551975,4.885941375,4.800730563,0.49224175,0.51379525,0.5030185
10/26/2006,3.811309524,3.829464286,3.820386905,7.031550625,7.295065625,7.163308125,4.732055625,4.9082065,4.820131063,0.498494625,0.5201075,0.509301063
10/27/2006,3.819854167,3.841375,3.830614583,7.055673125,7.32877375,7.192223438,4.758166857,4.926383,4.842274929,0.500915375,0.52238225,0.511648813
10/30/2006,3.8403125,3.858125,3.84921875,7.11099875,7.382700625,7.246849688,4.7798515,4.948223286,4.864037393,0.506374625,0.527227625,0.516801125
10/31/2006,3.845,3.863928571,3.854464286,7.128351607,7.40997625,7.269163929,4.798116625,4.931288,4.864702313,0.50141725,0.52452275,0.51297
11/1/2006,3.91125,3.9271875,3.91921875,7.18643625,7.462506875,7.324471563,4.81592075,4.988381,4.902150875,0.51050575,0.533017875,0.521761813
11/2/2006,3.9753125,3.9975,3.98640625,7.371903125,7.63471625,7.503309688,4.901756714,5.044590375,4.973173545,0.5228065,0.54408925,0.533447875
11/3/2006,3.99375,4.01075,4.00225,7.471765625,7.76141125,7.616588438,4.98145675,5.133519286,5.057488018,0.5263425,0.548077,0.53720975
11/6/2006,4.009375,4.02875,4.0190625,7.307463125,7.75224,7.529851563,4.980196625,5.152227286,5.066211955,0.5327085,0.549603286,0.541155893
11/7/2006,3.998571429,4.018785714,4.008678571,7.472463125,7.75867875,7.615570938,4.986721,5.17044075,5.078580875,0.534523875,0.555725,0.545124438
11/8/2006,3.8953125,3.9190625,3.9071875,7.456694375,7.7465875,7.601640938,4.977701875,5.156651571,5.067176723,0.532015375,0.5525865,0.542300938
11/9/2006,3.89225,3.947416875,3.919833438,7.343288125,7.61183625,7.477562188,4.903530857,5.071234571,4.987382714,0.524680375,0.5444945,0.534587438
11/10/2006,3.859135,3.8946875,3.87691125,7.399298125,7.63311125,7.516204688,4.94352125,5.12139425,5.03245775,0.532979,0.55252875,0.542753875
11/13/2006,3.878125,3.89859375,3.888359375,7.342383125,7.61579375,7.479088438,4.91933975,5.097943625,5.008641688,0.529946875,0.551102,0.540524438
11/14/2006,3.896895833,3.9201875,3.908541667,7.286935,7.553270625,7.420102813,4.896828625,5.065906714,4.98136767,0.527716875,0.547859375,0.537788125
11/15/2006,3.911145833,3.933035714,3.922090774,7.272303125,7.543603125,7.407953125,4.89490625,5.0659865,4.980446375,0.5268015,0.548256,0.53752875
11/16/2006,3.938125,3.9646875,3.95140625,7.285585625,7.56749875,7.426542188,4.920361125,5.09593,5.008145563,0.53538125,0.5553215,0.545351375
11/17/2006,3.967396042,3.992142857,3.979769449,7.30652625,7.58779,7.447158125,4.92556425,5.134140286,5.029852268,0.5309335,0.552731125,0.541832313
11/20/2006,4.038625,4.057395625,4.048010313,7.4103325,7.704817857,7.557575179,5.01732675,5.195675875,5.106501313,0.538333875,0.558913125,0.5486235
11/21/2006,3.994973958,4.015104375,4.005039167,7.414146964,7.704244375,7.55919567,4.9885005,5.1663275,5.077414,0.53735875,0.559534375,0.548446563
11/22/2006,4.056171875,4.072812708,4.064492292,7.53080375,7.801825625,7.666314688,5.05822325,5.232228625,5.145225938,0.5516755,0.56979125,0.560733375
11/23/2006,4.081328125,4.08328125,4.082304688,7.5791625,7.852490625,7.715826563,5.124403875,5.299377875,5.211890875,0.55418975,0.576210375,0.565200063
11/24/2006,4.069114375,4.09078125,4.079947813,7.597558125,7.89039,7.743974063,5.1424975,5.326718125,5.234607813,0.54939075,0.571004375,0.560197563
11/27/2006,4.04921875,4.066666429,4.057942589,7.714306875,7.992858125,7.8535825,5.21611325,5.3905025,5.303307875,0.557817375,0.5781565,0.567986938
11/28/2006,4.031770625,4.046071429,4.038921027,7.687073393,7.96152625,7.824299821,5.200451875,5.371863143,5.286157509,0.553484125,0.573524875,0.5635045
11/29/2006,4.03453125,4.051785714,4.043158482,7.74746875,8.01493875,7.88120375,5.217194875,5.392238571,5.304716723,0.553862875,0.573935125,0.563899
11/30/2006,3.9955625,3.9975,3.99653125,7.72544,8.01200625,7.868723125,5.232338625,5.392775429,5.312557027,0.553182125,0.5768545,0.565018313
12/1/2006,4.026369048,4.054642857,4.040505952,7.765959375,8.04554,7.905749688,5.217217125,5.389215857,5.303216491,0.551943625,0.5752335,0.563588563
12/4/2006,4.0375,4.058385625,4.047942813,7.8230225,8.105095,7.96405875,5.246381125,5.423598429,5.334989777,0.551410125,0.574597125,0.563003625
12/5/2006,4.0484375,4.065,4.05671875,7.840170625,8.110608125,7.975389375,5.264490125,5.441444875,5.3529675,0.555040875,0.577140625,0.56609075
12/6/2006,4.053125,4.0715625,4.06234375,7.82730625,8.09541,7.961358125,5.26941725,5.430039125,5.349728188,0.557958125,0.5789375,0.568447813
12/7/2006,4.0440625,4.0603125,4.0521875,7.8259475,8.10155,7.96374875,5.268050125,5.438786,5.353418063,0.558743,0.57986375,0.569303375
12/8/2006,4.046964286,4.065857143,4.056410714,7.803165625,8.08008,7.941622813,5.261329857,5.43213675,5.346733304,0.5603225,0.58245475,0.571388625
12/11/2006,4.053095238,4.0721875,4.062641369,7.770058125,8.054015,7.912036563,5.227528,5.403986875,5.315757438,0.55836975,0.580319,0.569344375
12/12/2006,4.0850625,4.109,4.09703125,7.823873125,8.0928475,7.958360313,5.259897375,5.441957125,5.35092725,0.563692,0.585191625,0.574441813
12/13/2006,4.157925476,4.192291875,4.175108676,7.938280625,8.239090625,8.088685625,5.323248571,5.517415875,5.420332223,0.573220125,0.5973205,0.585270313
12/14/2006,4.0725,4.0971875,4.08484375,7.934794375,8.264636875,8.099715625,5.29427375,5.497239375,5.395756563,0.57082975,0.59931,0.585069875
12/15/2006,4.0059375,4.0196875,4.0128125,7.76740375,8.074475625,7.920939688,5.295002125,5.383762429,5.339382277,0.563540375,0.58730075,0.575420563
12/18/2006,4.003229167,4.0234375,4.013333333,7.713655,8.006114375,7.859884688,5.163483,5.34327925,5.253381125,0.56178275,0.584404875,0.573093813
12/19/2006,4.0294375,4.0415625,4.0355,7.701230625,7.98405375,7.842642188,5.16352525,5.32832775,5.2459265,0.56157375,0.58417925,0.5728765
12/20/2006,4.0475,4.068541667,4.058020833,7.861736875,8.138988125,8.0003625,5.255733143,5.43104775,5.343390446,0.567845625,0.58845,0.578147813
12/21/2006,4.089625,4.0990625,4.09434375,7.832855625,8.1141425,7.973499063,5.208035625,5.415644375,5.31184,0.57260475,0.594864125,0.583734438
12/22/2006,4.1871875,4.198958333,4.193072917,7.981376875,8.160285625,8.07083125,5.342992375,5.510441375,5.426716875,0.58009175,0.60236225,0.591227
12/25/2006,4.1871875,4.198958333,4.193072917,7.981376875,8.160285625,8.07083125,5.342992375,5.510441375,5.426716875,0.58009175,0.60236225,0.591227
12/26/2006,4.315074375,4.3454375,4.330255938,8.130613571,8.40698,8.268796786,5.447638625,5.608440857,5.528039741,0.591961375,0.612823375,0.602392375
12/27/2006,4.3525,4.379698125,4.366099063,8.334725,8.68812625,8.511425625,5.5830525,5.786324571,5.684688536,0.6026285,0.631333875,0.616981188
12/28/2006,4.397979167,4.41225,4.405114583,8.379531875,8.748740625,8.56413625,5.61790375,5.823301429,5.720602589,0.607625125,0.632274625,0.619949875
12/29/2006,4.398571429,4.42,4.409285714,8.3926475,8.729516875,8.561082188,5.613147875,5.824486,5.718816938,0.611179875,0.635135625,0.62315775
1/1/2007,4.398571429,4.42,4.409285714,8.3926475,8.729516875,8.561082188,5.613147875,5.824486,5.718816938,0.611179875,0.635135625,0.62315775
1/2/2007,4.030356875,4.1259375,4.078147188,8.14585,8.545109375,8.345479688,5.504080875,5.669609375,5.586845125,0.592361875,0.6228835,0.607622688
1/3/2007,4.091666667,3.476291667,3.783979167,7.84412625,8.12581,7.984968125,5.3078535,5.485543,5.39669825,0.579509,0.6002185,0.58986375
1/4/2007,4.172296875,4.170839286,4.17156808,8.06551,8.431423125,8.248466563,5.439372625,5.657280571,5.548326598,0.591271,0.619486625,0.605378813
1/5/2007,4.1965625,4.2175,4.20703125,7.9276725,8.286505,8.10708875,5.379370375,5.572954,5.476162188,0.580598,0.606550125,0.593574063
1/8/2007,4.1746875,4.194285714,4.184486607,7.969050625,8.042828125,8.005939375,5.378278,5.549077571,5.463677786,0.57535475,0.59543475,0.58539475
1/9/2007,4.192559286,4.214375,4.203467143,7.97446875,8.284666875,8.129567813,5.35969675,5.537035125,5.448365938,0.57048025,0.592036125,0.581258188
1/10/2007,4.1964375,4.214208333,4.205322917,7.989998125,8.28632625,8.138162188,5.36087625,5.548165857,5.454521054,0.5673255,0.589667125,0.578496313
1/11/2007,4.18625,4.2025,4.194375,7.983528125,8.27388625,8.128707188,5.357330125,5.538291571,5.447810848,0.569476125,0.589913125,0.579694625
1/12/2007,4.225595476,4.240416875,4.233006176,8.027385625,8.3093075,8.168346563,5.343099125,5.509747,5.426423063,0.570440375,0.5913505,0.580895438
1/15/2007,4.2284375,4.2340625,4.23125,8.152188214,8.43893,8.295559107,5.38501625,5.56178075,5.4733985,0.5776065,0.597996625,0.587801563
1/16/2007,4.216875,4.235625,4.22625,8.147415,8.437254375,8.292334688,5.377309,5.557260125,5.467284563,0.57612925,0.597833,0.586981125
1/17/2007,4.2284375,4.2475,4.23796875,8.14527125,8.444105625,8.294688438,5.376548,5.56269225,5.469620125,0.573814,0.595517125,0.584665563
1/18/2007,4.222291875,4.2341875,4.228239688,8.198228929,8.49481,8.346519464,5.3914965,5.565966286,5.478731393,0.580567625,0.600251875,0.59040975
1/19/2007,4.2259375,4.238958333,4.232447917,8.194028125,8.494391875,8.34421,5.392002375,5.574370714,5.483186545,0.579169125,0.601001375,0.59008525
1/22/2007,4.2490625,4.267857143,4.258459821,8.209815625,8.49022125,8.350018438,5.39761325,5.579953875,5.488783563,0.582172125,0.6049255,0.593548813
1/23/2007,4.258,4.274857143,4.266428571,8.24819625,8.54505,8.396623125,5.4080595,5.590804375,5.499431938,0.5839085,0.60607925,0.594993875
1/24/2007,4.259145833,4.278035714,4.268590774,8.2590875,8.5535525,8.40632,5.43548325,5.614028857,5.524756054,0.5854375,0.606499625,0.595968563
1/25/2007,4.25977,4.278035714,4.268902857,8.21424,8.50358,8.35891,5.41633,5.5955,5.505915,0.58435,0.60653,0.59544
1/26/2007,4.25988,4.27536,4.26762,8.21799,8.50845,8.36322,5.4054,5.58193,5.493665,0.57672,0.59909,0.587905
1/29/2007,4.27581,4.29363,4.28472,8.21271,8.49369,8.3532,5.40731,5.58321,5.49526,0.57547,0.59605,0.58576
1/30/2007,4.2751,4.2913,4.2832,8.25304,8.54562,8.39933,5.44231,5.61711,5.52971,0.57709,0.59814,0.587615
1/31/2007,4.29458,4.31298,4.30378,8.24592,8.53703,8.391475,5.44414,5.6211,5.53262,0.57811,0.59829,0.5882
2/1/2007,4.288125,4.300833571,4.294479286,8.30171625,8.57604125,8.43887875,5.497511125,5.676615875,5.5870635,0.5863035,0.60733975,0.596821625
2/2/2007,4.27146875,4.285125,4.278296875,8.29582875,8.586810625,8.441319688,5.488209,5.660474429,5.574341714,0.586301,0.607665375,0.596983188
2/5/2007,4.281875,4.29875,4.2903125,8.2898875,8.55583875,8.422863125,5.457232,5.623594714,5.540413357,0.585327125,0.591178625,0.588252875
2/6/2007,4.291145833,4.3084375,4.299791667,8.291039375,8.53952125,8.415280313,5.450826714,5.613301429,5.532064071,0.5861925,0.604519125,0.595355813
2/7/2007,4.296822917,4.308482143,4.30265253,8.330078125,8.598304375,8.46419125,5.47902375,5.649885375,5.564454563,0.58718025,0.607145,0.597162625
2/8/2007,4.2868125,4.300714286,4.293763393,8.340573125,8.609424375,8.47499875,5.5049055,5.662274714,5.583590107,0.588789125,0.607092857,0.597940991
2/9/2007,4.271458333,4.288125,4.279791667,8.280271875,8.546179375,8.413225625,5.50209725,5.668520125,5.585308688,0.59035375,0.60961125,0.5999825
2/12/2007,4.2784375,4.295892857,4.287165179,8.25139625,8.51676,8.384078125,5.4874705,5.646323,5.56689675,0.586220875,0.606182125,0.5962015
2/13/2007,4.259125,4.275261905,4.267193452,8.21585,8.498531875,8.357190938,5.46847475,5.635512857,5.551993804,0.582267375,0.60165425,0.591960813
2/14/2007,4.241666667,4.259642857,4.250654762,8.205065625,8.460226875,8.33264625,5.489909714,5.656021,5.572965357,0.58248325,0.601938875,0.592211063
2/15/2007,4.222291667,4.243571429,4.232931548,8.217740625,8.478773125,8.348256875,5.503319429,5.664452143,5.583885786,0.582604125,0.601956625,0.592280375
2/16/2007,4.147604375,4.165069375,4.156336875,8.124244375,8.38553375,8.254889063,5.464683,5.632611125,5.548647063,0.57855825,0.598532625,0.588545438
2/19/2007,4.220625,4.244285714,4.232455357,8.093359375,8.36394625,8.228652813,5.452850875,5.623421375,5.538136125,0.580905875,0.601103375,0.591004625
2/20/2007,4.2340625,4.251770833,4.242916667,8.15390125,8.429538125,8.291719688,5.49927525,5.668954571,5.584114911,0.586132,0.605520125,0.595826063
2/21/2007,4.199625,4.220208333,4.209916667,8.12691875,8.40479625,8.2658575,5.47488225,5.646030143,5.560456196,0.58398325,0.60368275,0.593833
2/22/2007,4.168802083,4.1840625,4.176432292,8.057508125,8.35220125,8.204854688,5.424684,5.598266143,5.511475071,0.580609875,0.599782375,0.590196125
2/23/2007,4.184270833,4.204345,4.194307917,8.0664525,8.342044375,8.204248438,5.425928143,5.596612714,5.511270429,0.581308375,0.605159375,0.593233875
2/26/2007,4.22875,4.246166667,4.237458333,8.115723125,8.40866375,8.262193438,5.458851625,5.634749375,5.5468005,0.583372,0.603343875,0.593357938
2/27/2007,4.216200625,4.243634375,4.2299175,8.194665,8.469661875,8.332163438,5.498405625,5.677139625,5.587772625,0.587243125,0.60755375,0.597398438
2/28/2007,4.237142857,4.255,4.246071429,8.200923125,8.466631875,8.3337775,5.5082505,5.669320571,5.588785536,0.579531875,0.601367375,0.590449625
3/1/2007,4.219233125,4.239344792,4.229288958,8.190129375,8.461839375,8.325984375,5.508243125,5.679414625,5.593828875,0.577579375,0.59691625,0.587247813
3/2/2007,4.232583333,4.251642857,4.242113095,8.165120625,8.435380625,8.300250625,5.488091714,5.653973429,5.571032571,0.573975875,0.59375875,0.583867313
3/5/2007,4.2235,4.239166667,4.231333333,8.06681125,8.34116375,8.2039875,5.48438425,5.6574815,5.570932875,0.563869875,0.5827605,0.573315188
3/6/2007,4.23,4.244479167,4.237239583,8.052015625,8.31728,8.184647813,5.467611,5.645573375,5.556592188,0.566835,0.586778375,0.576806688
3/7/2007,4.2425625,4.2605,4.25153125,8.0602375,8.31864,8.18943875,5.480084125,5.655365125,5.567724625,0.568292125,0.5867345,0.577513313
3/8/2007,4.24375,4.258214286,4.250982143,8.085170625,8.35243,8.218800313,5.50548275,5.673116857,5.589299804,0.567508125,0.586530375,0.57701925
3/9/2007,4.2384375,4.2575,4.24796875,8.0827575,8.344436875,8.213597188,5.489683,5.672061286,5.580872143,0.569968375,0.590243875,0.580106125
3/12/2007,4.2384375,4.2575,4.24796875,8.0827575,8.344436875,8.213597188,5.489683,5.672061286,5.580872143,0.569968375,0.590243875,0.580106125
3/13/2007,4.2403125,4.257142857,4.248727679,8.063330625,8.337554375,8.2004425,5.496208625,5.681205625,5.588707125,0.570602125,0.58972575,0.580163938
3/14/2007,4.2455,4.271642857,4.258571429,8.065825625,8.32924125,8.197533438,5.5202105,5.687637625,5.603924063,0.562955,0.580539625,0.571747313
3/15/2007,4.2428125,4.260357143,4.251584821,8.09062375,8.34208375,8.21635375,5.529223625,5.696113143,5.612668384,0.565093375,0.577538375,0.571315875
3/16/2007,4.2404375,4.261357143,4.250897321,8.09751625,8.34773125,8.22262375,5.549008125,5.717237571,5.633122848,0.565754375,0.5844065,0.575080438
3/19/2007,4.265,4.2775,4.27125,8.122903125,8.38437125,8.253637188,5.557587,5.722556125,5.640071563,0.56300775,0.583134125,0.573070938
3/20/2007,4.2846875,4.303,4.29384375,8.17322125,8.438346875,8.305784063,5.57926975,5.734187857,5.656728804,0.567326125,0.586908125,0.577117125
3/21/2007,4.282261905,4.299142857,4.290702381,8.272957321,8.513574375,8.393265848,5.596687125,5.767669143,5.682178134,0.57049125,0.59015125,0.58032125
3/22/2007,4.2814375,4.298214286,4.289825893,8.2839675,8.551115,8.41754125,5.62178175,5.794570875,5.708176313,0.57775125,0.59513,0.586440625
3/23/2007,4.275541458,4.295688571,4.285615015,8.26683125,8.535339375,8.401085313,5.601757,5.772720429,5.687238714,0.580715119,0.60226775,0.591491434
3/26/2007,4.2775,4.298125,4.2878125,8.262355625,8.532650536,8.39750308,5.58774075,5.757915143,5.672827946,0.58176375,0.6004425,0.591103125
3/27/2007,4.28,4.2984375,4.28921875,8.286077857,8.55165875,8.418868304,5.608174857,5.77734775,5.692761304,0.581349,0.600826125,0.591087563
3/28/2007,4.2573625,4.273479286,4.265420893,8.267706607,8.51872625,8.393216429,5.60149775,5.775920571,5.688709161,0.57597475,0.596908125,0.586441438
3/29/2007,4.245,4.265,4.255,8.251685625,8.503214375,8.37745,5.579210625,5.7582995,5.668755063,0.57399775,0.593833375,0.583915563
3/30/2007,4.243854167,4.263125,4.253489583,8.22972125,8.4753025,8.352511875,5.580162125,5.738301,5.659231563,0.576041375,0.5952305,0.585635938
4/2/2007,4.2515625,4.268125,4.25984375,8.266645,8.5205375,8.39359125,5.5966695,5.758318286,5.677493893,0.57711725,0.596418625,0.586767938
4/3/2007,4.241166667,4.262875,4.252020833,8.305125,8.55629,8.4307075,5.600865286,5.759481286,5.680173286,0.58035975,0.598059625,0.589209688
4/4/2007,4.23425,4.24825,4.24125,8.28859375,8.53914,8.413866875,5.590692,5.756171125,5.673431563,0.58462475,0.60098025,0.5928025
4/5/2007,4.2056875,4.2291875,4.2174375,8.232569375,8.50447875,8.368524063,5.58252,5.74812575,5.665322875,0.585695375,0.603356875,0.594526125
4/6/2007,4.2056875,4.2291875,4.2174375,8.232569375,8.50447875,8.368524063,5.58252,5.74812575,5.665322875,0.585695375,0.603356875,0.594526125
4/9/2007,4.2056875,4.2291875,4.2174375,8.232569375,8.50447875,8.368524063,5.58252,5.74812575,5.665322875,0.585695375,0.603356875,0.594526125
4/10/2007,4.199979167,4.217892857,4.208936012,8.202685625,8.4450075,8.323846563,5.580655,5.742626714,5.661640857,0.58340325,0.60123875,0.592321
4/11/2007,4.186041667,4.1996875,4.192864583,8.227949375,8.460878125,8.34441375,5.5832645,5.724766875,5.654015688,0.582019625,0.59931025,0.590664938
4/12/2007,4.162625,4.187,4.1748125,8.19575125,8.434296875,8.315024063,5.580639,5.727727857,5.654183429,0.58086825,0.59861175,0.58974
4/13/2007,4.140590625,4.163571429,4.152081027,8.1836125,8.417781875,8.300697188,5.56978425,5.711566286,5.640675268,0.577352,0.595443875,0.586397938
4/16/2007,4.137687708,4.1575,4.147593854,8.1650325,8.380771875,8.272902188,5.556803,5.700183375,5.628493188,0.57617975,0.593331,0.584755375
4/17/2007,4.105497083,4.122137857,4.11381747,8.1640825,8.386320625,8.275201563,5.540736625,5.695835375,5.618286,0.577059125,0.593142875,0.585101
4/18/2007,4.0209375,4.043645833,4.032291667,8.112313929,8.339561875,8.225937902,5.474901375,5.611688,5.543294688,0.5737515,0.590954375,0.582352938
4/19/2007,4.028520833,4.046875,4.037697917,8.030935625,8.268326875,8.14963125,5.445001875,5.597132,5.521066938,0.566346714,0.585051625,0.57569917
4/20/2007,4.0714375,4.104696875,4.088067188,8.039418929,8.2961375,8.167778214,5.475592125,5.622674714,5.54913342,0.571795429,0.5904215,0.581108464
4/23/2007,4.122083333,4.133125,4.127604167,8.1774675,8.409865,8.29366625,5.534886625,5.68506875,5.609977688,0.5779005,0.596149375,0.587024938
4/24/2007,4.133597143,4.156760625,4.145178884,8.192835625,8.4254725,8.309154063,5.546375,5.695598125,5.620986563,0.578725,0.595634375,0.587179688
4/25/2007,4.152447917,4.166601875,4.159524896,8.28158875,8.4598775,8.370733125,5.5878545,5.708721714,5.648288107,0.585686429,0.60019675,0.592941589
4/26/2007,4.172678571,4.191458125,4.182068348,8.25793625,8.486339375,8.372137813,5.603398286,5.746351857,5.674875071,0.58892675,0.606352375,0.597639563
4/27/2007,4.1709375,4.1896875,4.1803125,8.271455714,8.469210625,8.37033317,5.61669275,5.746188625,5.681440688,0.587358875,0.602605,0.594981938
4/30/2007,4.148984375,4.163603125,4.15629375,8.245366875,8.47564875,8.360507813,5.605265625,5.748007286,5.676636455,0.58168425,0.598481125,0.590082688
5/1/2007,4.148984375,4.163603125,4.15629375,8.245366875,8.47564875,8.360507813,5.605265625,5.748007286,5.676636455,0.58168425,0.598481125,0.590082688
5/2/2007,4.08609375,4.11046875,4.09828125,8.129269375,8.362885,8.246077188,5.5168875,5.661123,5.58900525,0.576750375,0.595528688,0.586139531
5/3/2007,4.059791667,4.079107143,4.069449405,8.0867625,8.3095475,8.198155,5.506952375,5.651373571,5.579162973,0.577802,0.594371875,0.586086938
5/4/2007,4.0359375,4.06875,4.05234375,8.003894375,8.24134375,8.122619063,5.45141475,5.609839429,5.530627089,0.575158125,0.59406125,0.584609688
5/7/2007,4.077395833,4.0921875,4.084791667,8.03985375,8.27385375,8.15685375,5.484912375,5.617878857,5.551395616,0.57979975,0.597203125,0.588501438
5/8/2007,4.074270833,4.086428571,4.080349702,8.084246875,8.3108075,8.197527188,5.503054,5.646488,5.574771,0.58770375,0.6033705,0.595537125
5/9/2007,4.057875,4.0715,4.0646875,8.059405625,8.285623125,8.172514375,5.474919625,5.618655875,5.54678775,0.58483125,0.601650875,0.593241063
5/10/2007,4.031197917,4.05,4.040598958,8.0391175,8.270370625,8.154744063,5.451280625,5.594459,5.522869813,0.581414875,0.5994905,0.590452688
5/11/2007,4.0371875,4.050833125,4.044010313,7.958876875,8.197316875,8.078096875,5.411965,5.5549765,5.48347075,0.574116875,0.59192075,0.583018813
5/14/2007,4.009958333,4.02525,4.017604167,7.93080375,8.170115,8.050459375,5.416231625,5.564147286,5.490189455,0.577991625,0.5943055,0.586148563
5/15/2007,4.000631667,4.0173125,4.008972083,7.87801125,8.1077025,7.992856875,5.38822825,5.533645571,5.460936911,0.57398525,0.590960125,0.582472688
5/16/2007,4.0059375,4.02265625,4.014296875,7.88455625,8.11039125,7.99747375,5.388674625,5.538672375,5.4636735,0.575239,0.591181875,0.583210438
5/17/2007,3.9896875,4.00125,3.99546875,7.86400125,8.079873125,7.971937188,5.36793775,5.51183925,5.4398885,0.57269975,0.5886115,0.580655625
5/18/2007,3.983125,4.000845,3.991985,7.823685,8.055603125,7.939644063,5.338500429,5.491615625,5.415058027,0.565478875,0.58278325,0.574131063
5/21/2007,3.9608125,3.991541667,3.976177083,7.80752375,7.520465,7.663994375,5.337390875,5.474373857,5.405882366,0.5684695,0.584554,0.57651175
5/22/2007,3.939057292,3.958506875,3.948782083,7.75437125,7.9970425,7.875706875,5.294547625,5.4390525,5.366800063,0.564284875,0.580555125,0.57242
5/23/2007,3.915177083,3.927125,3.921151042,7.707449375,7.930978125,7.81921375,5.25092275,5.385467714,5.318195232,0.55557375,0.57159475,0.56358425
5/24/2007,3.95044625,3.968135417,3.959290833,7.73341125,7.9674475,7.850429375,5.253202875,5.394304625,5.32375375,0.5522375,0.5692335,0.5607355
5/25/2007,3.95044625,3.968135417,3.959290833,7.73341125,7.9674475,7.850429375,5.253202875,5.394304625,5.32375375,0.5522375,0.5692335,0.5607355
5/28/2007,4.012395833,4.028586042,4.020490938,7.87281625,8.072494375,7.972655313,5.3192245,5.3414665,5.3303455,0.558799125,0.574766625,0.566782875
5/29/2007,4.016875,4.028891875,4.022883438,7.8804575,8.10539875,7.992928125,5.337724,5.482810375,5.410267188,0.56081,0.57589,0.56835
5/30/2007,4.000833333,4.025178571,4.013005952,7.861802321,8.09051625,7.976159286,5.32542775,5.461507571,5.393467661,0.556383125,0.572607625,0.564495375
5/31/2007,3.981925,3.998297708,3.990111354,7.833916875,8.04769125,7.940804063,5.321995875,5.45864925,5.390322563,0.556393125,0.579567625,0.567980375
6/1/2007,3.9453125,3.961723125,3.953517813,7.780782321,8.008670625,7.894726473,5.28131525,5.428395125,5.354855188,0.55339175,0.570477,0.561934375
6/4/2007,3.937453125,3.9566875,3.947070313,7.7407275,7.974088125,7.857407813,5.25284725,5.390782571,5.321814911,0.549170375,0.56623975,0.557705063
6/5/2007,3.961354167,3.981964286,3.971659226,7.805798125,8.03087,7.918334063,5.289633125,5.424385571,5.357009348,0.55162025,0.567027875,0.559324063
6/6/2007,3.974583125,3.999107143,3.986845134,7.815738125,8.0415,7.928619063,5.304362125,5.442085714,5.37322392,0.550285625,0.5663855,0.558335563
6/7/2007,3.979323125,4.000208542,3.989765833,7.823451875,8.05713,7.940290938,5.30453375,5.448803429,5.376668589,0.550157,0.56619275,0.558174875
6/8/2007,4.008095238,4.025125,4.016610119,7.81702125,8.05604625,7.93653375,5.301677125,5.451136857,5.376406991,0.548673125,0.56529025,0.556981688
6/11/2007,3.976739375,3.978715,3.977727188,7.82065625,8.057340625,7.938998438,5.299673,5.437984375,5.368828688,0.551156875,0.5669775,0.559067188
6/12/2007,3.961041667,3.975456429,3.968249048,7.79749,8.030506875,7.913998438,5.2784555,5.426146286,5.352300893,0.550448429,0.566901875,0.558675152
6/13/2007,3.952083125,3.970824286,3.961453705,7.78745125,8.02215375,7.9048025,5.255153,5.407238,5.3311955,0.546383125,0.56314425,0.554763688
6/14/2007,3.9144775,3.9215625,3.91802,7.735645,7.974359375,7.855002188,5.22029325,5.372087714,5.296190482,0.54608175,0.562425625,0.554253688
6/15/2007,3.8708125,3.888375,3.87959375,7.64626,7.895089375,7.770674688,5.161002875,5.287479625,5.22424125,0.540500875,0.557289625,0.54889525
6/18/2007,3.871458333,3.888125,3.879791667,7.636553125,7.87190875,7.754230938,5.168452125,5.317327375,5.24288975,0.544329875,0.5601755,0.552252688
6/19/2007,3.875494048,3.890791667,3.883142857,7.652235625,7.886185,7.769210313,5.174862625,5.32323675,5.249049688,0.54591175,0.561776625,0.553844188
6/20/2007,3.8503125,3.867416667,3.858864583,7.653776875,7.895791875,7.774784375,5.167813125,5.320288625,5.244050875,0.54443475,0.5604925,0.552463625
6/21/2007,3.793854375,3.811447917,3.802651146,7.589741875,7.84502875,7.717385313,5.110776,5.261829143,5.186302571,0.536497375,0.555854875,0.546176125
6/22/2007,3.822552292,3.835324167,3.828938229,7.551625,7.806373125,7.678999063,5.088227,5.24758325,5.167905125,0.5347565,0.551809,0.54328275
6/25/2007,3.7847025,3.8016875,3.793195,7.579398125,7.824338125,7.701868125,5.10765325,5.25481875,5.181236,0.533242625,0.551528125,0.542385375
6/26/2007,3.760575625,3.781651875,3.77111375,7.49866,7.76967125,7.634165625,5.07057775,5.2201405,5.145359125,0.52848475,0.54647875,0.53748175
6/27/2007,3.78453125,3.7990625,3.791796875,7.500164107,7.759820625,7.629992366,5.069264286,5.214884714,5.1420745,0.5282035,0.545017375,0.536610438
6/28/2007,3.775,3.790357143,3.782678571,7.500656875,7.76393875,7.632297813,5.070064714,5.206090429,5.138077571,0.53050875,0.547218125,0.538863438
6/29/2007,3.761770833,3.7825,3.772135417,7.487931875,7.73347125,7.610701563,5.037924875,5.181721,5.109822938,0.529046125,0.545794375,0.53742025
7/2/2007,3.761770833,3.7825,3.772135417,7.487931875,7.73347125,7.610701563,5.037924875,5.181721,5.109822938,0.529046125,0.545794375,0.53742025
7/3/2007,3.761770833,3.7825,3.772135417,7.487931875,7.73347125,7.610701563,5.037924875,5.181721,5.109822938,0.529046125,0.545794375,0.53742025
7/4/2007,3.785625,3.803155,3.79439,7.537328125,7.791860625,7.664594375,5.072195,5.221864125,5.147029563,0.53438125,0.5511825,0.542781875
7/5/2007,3.7728125,3.786964286,3.779888393,7.527302143,7.788898125,7.658100134,5.073466,5.211082429,5.142274214,0.535581875,0.552561625,0.54407175
7/6/2007,3.748854167,3.7640625,3.756458333,7.49708125,7.738148125,7.617614688,5.05437275,5.198493429,5.126433089,0.532361875,0.548989125,0.5406755
7/9/2007,3.764770833,3.77935125,3.772061042,7.478869375,7.74682,7.612844688,5.064128625,5.209957857,5.137043241,0.53252975,0.54924075,0.54088525
7/10/2007,3.781041667,3.795714286,3.788377976,7.499161875,7.759544375,7.629353125,5.07562475,5.212370714,5.143997732,0.533575375,0.550484375,0.542029875
7/11/2007,3.781354167,3.799285714,3.79031994,7.54607,7.803971875,7.675020938,5.113157875,5.259734875,5.186446375,0.531656625,0.548158875,0.53990775
7/12/2007,3.8,3.81875,3.809375,7.567061875,7.83196,7.699510938,5.127027625,5.279374125,5.203200875,0.532171875,0.54933225,0.540752063
7/13/2007,3.8353125,3.83640625,3.835859375,7.59160625,7.846664375,7.719135313,5.157905,5.300822375,5.229363688,0.537767875,0.55410825,0.545938063
7/16/2007,3.821875,3.8403125,3.83109375,7.64275125,7.916795,7.779773125,5.1738505,5.311923286,5.242886893,0.5392485,0.5564105,0.5478295
7/17/2007,3.85875,3.878541667,3.868645833,7.706465,7.963198125,7.834831563,5.218645625,5.36129625,5.289970938,0.54186025,0.558618875,0.550239563
7/18/2007,3.855982143,3.871964286,3.863973214,7.768566875,8.03827625,7.903421563,5.235393875,5.363713143,5.299553509,0.542994125,0.55885675,0.550925438
7/19/2007,3.8346875,3.849107143,3.841897321,7.765679107,8.031724375,7.898701741,5.2210615,5.369687857,5.295374679,0.547810125,0.570941875,0.559376
7/20/2007,3.8059375,3.82,3.81296875,7.709030625,7.99338125,7.851205938,5.194436375,5.347515875,5.270976125,0.54848825,0.564612,0.556550125
7/23/2007,3.807559524,3.823928571,3.815744048,7.725535,8.0040225,7.86477875,5.18923425,5.338668714,5.263951482,0.54965775,0.5673645,0.558511125
7/24/2007,3.825952381,3.8415625,3.83375744,7.749149375,8.015105,7.882127188,5.194046857,5.341087143,5.267567,0.549837625,0.567291875,0.55856475
7/25/2007,3.85,3.873214286,3.861607143,7.7608025,8.0345725,7.8976875,5.20191725,5.361207875,5.281562563,0.550129625,0.56710925,0.558619438
7/26/2007,3.858928571,3.8821875,3.870558036,7.799905625,8.043571875,7.92173875,5.202983375,5.360066714,5.281525045,0.551415125,0.56752525,0.559470188
7/27/2007,3.8640625,3.8821875,3.873125,7.785420625,8.024881875,7.90515125,5.208115125,5.42444575,5.316280438,0.540004375,0.557538,0.548771188
7/30/2007,3.8815625,3.898285714,3.889924107,7.725951875,7.971851875,7.848901875,5.193782875,5.343416714,5.268599795,0.537247,0.55457525,0.545911125
7/31/2007,3.899643095,3.926857143,3.913250119,7.774,8.023564375,7.898782188,5.23644725,5.389934,5.313190625,0.540364375,0.55585125,0.548107813
8/1/2007,3.933794375,3.971979375,3.952886875,7.800110625,8.056491875,7.92830125,5.25117825,5.400364875,5.325771563,0.538177875,0.5555035,0.546840688
8/2/2007,3.96638375,3.9940625,3.980223125,7.946931875,8.16096625,8.053949063,5.333127875,5.480923625,5.40702575,0.550182875,0.56651525,0.558349063
8/3/2007,3.9440625,3.963095238,3.953578869,7.95390375,8.199338125,8.076620938,5.326756125,5.481900625,5.404328375,0.551584625,0.567529375,0.559557
8/6/2007,3.9440625,3.963095238,3.953578869,7.95390375,8.199338125,8.076620938,5.326756125,5.481900625,5.404328375,0.551584625,0.567529375,0.559557
8/7/2007,3.9161875,3.939479167,3.927833333,7.89735875,8.154368125,8.025863438,5.330693,5.473790286,5.402241643,0.550462375,0.56734175,0.558902063
8/8/2007,3.93633625,3.9665175,3.951426875,7.844954375,8.094243125,7.96959875,5.314618,5.4685085,5.39156325,0.55044325,0.56683225,0.55863775
8/9/2007,3.9509375,3.969375,3.96015625,7.93238125,8.16514125,8.04876125,5.346649,5.49685925,5.421754125,0.553252875,0.56978725,0.561520063
8/10/2007,3.9693125,3.992099375,3.980705938,7.895166875,8.13418875,8.014677813,5.31578225,5.462154857,5.388968554,0.54435925,0.560447,0.552403125
8/13/2007,3.995,4.0103125,4.00265625,7.953725625,8.199825625,8.076775625,5.35132075,5.499932625,5.425626688,0.547594,0.563705375,0.555649688
8/14/2007,4.003228958,4.019532143,4.011380551,7.93401375,8.1848475,8.059430625,5.336745,5.484810875,5.410777938,0.546477125,0.564213125,0.555345125
8/15/2007,3.995,4.011071429,4.003035714,7.882448125,8.118254375,8.00035125,5.308669625,5.457509375,5.3830895,0.537511125,0.555652375,0.54658175
8/16/2007,4.011770833,4.041770625,4.026770729,7.85662375,8.09574375,7.97618375,5.28875575,5.428099,5.358427375,0.5348835,0.5516135,0.5432485
8/17/2007,4.087354524,4.10386875,4.095611637,7.9230375,8.186156875,8.054597188,5.337314875,5.495268143,5.416291509,0.536340625,0.552886875,0.54461375
8/20/2007,4.042442292,4.050225,4.046333646,7.981630625,8.232340625,8.106985625,5.39080075,5.536759143,5.463779946,0.545977875,0.562323875,0.554150875
8/21/2007,4.020755417,4.033515,4.027135208,7.89417125,8.154174375,8.024172813,5.329204375,5.480341286,5.40477283,0.539049375,0.55634925,0.547699313
8/22/2007,4.035071429,4.043203333,4.039137381,7.88630125,8.148533125,8.017417188,5.335479,5.489205875,5.412342438,0.54153125,0.5574635,0.549497375
8/23/2007,4.035714286,4.049619048,4.042666667,7.93317875,8.187920625,8.060549688,5.354471,5.514954875,5.434712938,0.549406375,0.566153875,0.557780125
8/24/2007,4.0206875,4.042755625,4.031721563,7.952049375,8.198984375,8.075516875,5.35650375,5.514255286,5.435379518,0.547491875,0.5633095,0.555400688
8/27/2007,4.036625,4.051785714,4.044205357,7.995454286,8.24291375,8.119184018,5.396804875,5.552232857,5.474518866,0.55363275,0.570322875,0.561977813
8/28/2007,4.048333333,4.065,4.056666667,7.963841875,7.8507175,7.907279688,5.381605625,5.539869,5.460737313,0.54952525,0.566783875,0.558154563
8/29/2007,4.0575,4.0715625,4.06453125,8.0036425,8.2448525,8.1242475,5.39271825,5.551141571,5.471929911,0.548377875,0.56462225,0.556500063
8/30/2007,4.0471875,4.066785714,4.056986607,8.045418125,8.297996875,8.1717075,5.40883775,5.5708975,5.489867625,0.55346475,0.569987,0.561725875
8/31/2007,4.045416667,4.063214286,4.054315476,8.0251475,8.304016875,8.164582188,5.413446,5.58353675,5.498491375,0.557542375,0.574921125,0.56623175
9/3/2007,4.038541667,4.05442875,4.046485208,8.035818125,8.312610625,8.174214375,5.407166,5.573920125,5.490543063,0.555939,0.5742615,0.56510025
9/4/2007,4.044895833,4.05952381,4.052209821,8.04051625,8.307158125,8.173837188,5.38244025,5.560197875,5.471319063,0.551922,0.569140875,0.560531438
9/5/2007,4.055729167,4.072321429,4.064025298,8.02748625,8.28316125,8.15532375,5.399603875,5.545285143,5.472444509,0.551977375,0.56873425,0.560355813
9/6/2007,4.042875,4.062178571,4.052526786,8.062815625,8.316936875,8.18987625,5.41619875,5.569606286,5.492902518,0.5515775,0.56874675,0.560162125
9/7/2007,4.038119048,4.0575,4.047809524,8.04313,8.310581875,8.176855938,5.417317375,5.575106429,5.496211902,0.553677375,0.570789125,0.56223325
9/10/2007,4.0396875,4.055714286,4.047700893,8.069058125,8.3375225,8.203290313,5.44900325,5.596971714,5.522987482,0.54993875,0.56845675,0.55919775
9/11/2007,4.0475,4.063392857,4.055446429,8.06173625,8.330516875,8.196126563,5.453512125,5.61813575,5.535823938,0.55159175,0.56946125,0.5605265
9/12/2007,3.995625,4.0234375,4.00953125,8.069574375,8.3525125,8.211043438,5.459097875,5.64060175,5.549849813,0.552847125,0.57168625,0.562266688
9/13/2007,3.961875,3.993013125,3.977444063,7.988673125,8.25089125,8.119782188,5.4168495,5.567952714,5.492401107,0.549558375,0.569091,0.559324688
9/14/2007,3.987416875,4.013958125,4.0006875,7.967139375,8.2305575,8.098848438,5.433654625,5.5977595,5.515707063,0.54996175,0.568079,0.559020375
9/17/2007,3.970573125,3.989415625,3.979994375,7.88107,8.15796875,8.019519375,5.404950625,5.582020714,5.49348567,0.54744875,0.5668695,0.557159125
9/18/2007,3.95388375,3.970125,3.962004375,7.813595,8.106883125,7.960239063,5.3952115,5.566450375,5.480830938,0.54396325,0.562887625,0.553425438
9/19/2007,3.916339375,3.935285714,3.925812545,7.8543675,8.130474375,7.992420938,5.412806625,5.5752395,5.494023063,0.549417625,0.568229125,0.558823375
9/20/2007,3.87375,3.89125,3.8825,7.745371875,8.045509375,7.895440625,5.371019,5.540451125,5.455735063,0.545794625,0.564541125,0.555167875
9/21/2007,3.8685,3.885506875,3.877003438,7.722265,8.008473125,7.865369063,5.368222,5.5413505,5.45478625,0.54510375,0.564401125,0.554752438
9/24/2007,3.8210625,3.833590714,3.827326607,7.737748125,8.0328025,7.885275313,5.34941325,5.52401175,5.4367125,0.544740875,0.565571625,0.55515625
9/25/2007,3.812023571,3.830178571,3.821101071,7.61421625,7.883845625,7.749030938,5.298208875,5.453183375,5.375696125,0.540826875,0.559449625,0.55013825
9/26/2007,3.8809725,3.913181875,3.897077188,7.70178875,7.960424375,7.831106563,5.36236025,5.534007286,5.448183768,0.545879125,0.564589375,0.55523425
9/27/2007,3.89298625,3.908671875,3.900829063,7.722754375,7.99762625,7.860190313,5.374648625,5.548346286,5.461497455,0.550536375,0.56945,0.559993188
9/28/2007,3.88821,3.910728958,3.899469479,7.73196875,7.986296875,7.859132813,5.370884625,5.5496345,5.460259563,0.552824625,0.572193,0.562508813
10/1/2007,3.898359375,3.913214286,3.90578683,7.82200125,8.077166875,7.949584063,5.4073425,5.583833,5.49558775,0.55413025,0.572857125,0.563493688
10/2/2007,3.88625,3.9025,3.894375,7.804991875,8.06499375,7.934992813,5.41460475,5.571063714,5.492834232,0.555352875,0.573955571,0.564654223
10/3/2007,3.88,3.89375,3.886875,7.81313,8.075704375,7.944417188,5.390867429,5.557383,5.474125214,0.55366125,0.5713125,0.562486875
10/4/2007,3.8663125,3.88825,3.87728125,7.761541875,8.01934875,7.890445313,5.360374375,5.52891125,5.444642813,0.549618125,0.568861375,0.55923975
10/5/2007,3.847395833,3.8675,3.857447917,7.73163625,8.001235,7.866435625,5.3401925,5.506372714,5.423282607,0.549794375,0.56799875,0.558896563
10/8/2007,3.846875,3.865465,3.85617,7.7355775,7.99017375,7.862875625,5.331994625,5.49830125,5.415147938,0.55592975,0.573879125,0.564904438
10/9/2007,3.819874792,3.84022125,3.830048021,7.69827,7.97069125,7.834480625,5.304540625,5.440295714,5.37241817,0.550765125,0.570023,0.560394063
10/10/2007,3.8216875,3.837411667,3.829549583,7.67722125,7.933464375,7.805342813,5.306755875,5.455046714,5.380901295,0.5502215,0.568031,0.55912625
10/11/2007,3.814895625,3.83125,3.823072813,7.683074375,7.928209375,7.805641875,5.31763775,5.466152375,5.391895063,0.55010925,0.566988875,0.558549063
10/12/2007,3.81825,3.835690476,3.826970238,7.640158125,7.892331875,7.766245,5.315803,5.480584875,5.398193938,0.556156375,0.574286375,0.565221375
10/15/2007,3.829303571,3.849944167,3.839623869,7.6795125,7.93402,7.80676625,5.31368025,5.477611857,5.395646054,0.557483125,0.57527875,0.566380938
10/16/2007,3.841,3.858041667,3.849520833,7.719896875,7.975454375,7.847675625,5.34259075,5.509455,5.426022875,0.553768875,0.573001,0.563384938
10/17/2007,3.864166875,3.8796875,3.871927188,7.71596875,7.95663375,7.83630125,5.356539286,5.521214286,5.438876786,0.554776429,0.57216025,0.563468339
10/18/2007,3.817256875,3.839970714,3.828613795,7.741920625,7.996211875,7.86906625,5.369227714,5.531613375,5.450420545,0.555587875,0.575254375,0.565421125
10/19/2007,3.798232143,3.831809524,3.815020833,7.699330536,7.961243125,7.83028683,5.339970875,5.51234375,5.426157313,0.552337625,0.57163625,0.561986938
10/22/2007,3.77796875,3.796979375,3.787474063,7.687001875,7.956366875,7.821684375,5.340817875,5.505663125,5.4232405,0.547389,0.566752125,0.557070563
10/23/2007,3.8099375,3.826130714,3.818034107,7.664553125,7.93229625,7.798424688,5.3157325,5.487559375,5.401645938,0.551482375,0.572910875,0.562196625
10/24/2007,3.8099375,3.826130714,3.818034107,7.664553125,7.93229625,7.798424688,5.3157325,5.487559375,5.401645938,0.551482375,0.572910875,0.562196625
10/25/2007,3.8088125,3.825178571,3.816995536,7.68980625,7.932453125,7.811129688,5.33666625,5.502929875,5.419798063,0.561173875,0.580271875,0.570722875
10/26/2007,3.7990625,3.816309524,3.807686012,7.696653125,7.95176375,7.824208438,5.33951175,5.525133875,5.432322813,0.566712625,0.58587675,0.576294688
10/29/2007,3.798571429,3.816785714,3.807678571,7.687299375,7.948313125,7.81780625,5.357565,5.5261215,5.44184325,0.56912425,0.589663875,0.579394063
10/30/2007,3.806071429,3.826071429,3.816071429,7.704442857,7.958108125,7.831275491,5.350937,5.521805429,5.436371214,0.564288125,0.586355875,0.575322
10/31/2007,3.801928571,3.820357143,3.811142857,7.750631875,8.00104,7.875835938,5.3644955,5.535088571,5.449792036,0.56447825,0.58596475,0.5752215
11/1/2007,3.800952381,3.8159375,3.80844494,7.753110357,8.01052125,7.881815804,5.370488,5.531878429,5.451183214,0.567337625,0.588137875,0.57773775
11/2/2007,3.809214286,3.820876875,3.81504558,7.756423125,8.01280625,7.884614688,5.359039,5.532836625,5.445937813,0.56034425,0.58118975,0.570767
11/5/2007,3.825803571,3.841041667,3.833422619,7.81517375,8.06920625,7.94219,5.386367625,5.552521125,5.469444375,0.56527,0.585200875,0.575235438
11/6/2007,3.82,3.832142857,3.826071429,7.818757143,8.080819375,7.949788259,5.398068714,5.574231,5.486149857,0.56634275,0.58865575,0.57749925
11/7/2007,3.80421875,3.822020625,3.813119688,7.8298925,8.09864375,7.964268125,5.432056714,5.605339125,5.51869792,0.57134775,0.59369975,0.58252375
11/8/2007,3.811041667,3.8290625,3.820052083,7.844510625,8.10907125,7.976790938,5.428833714,5.597726,5.513279857,0.566004125,0.589350125,0.577677125
11/9/2007,3.7845,3.806354375,3.795427188,7.8914675,8.138308125,8.014887813,5.461708125,5.616913571,5.539310848,0.56845225,0.590499,0.579475625
11/12/2007,3.7690625,3.802619048,3.785840774,7.741455,8.006781875,7.874118438,5.404790286,5.575415,5.490102643,0.554990625,0.578502125,0.566746375
11/13/2007,3.783125,3.794587083,3.788856042,7.677026875,7.94533125,7.811179063,5.382863143,5.54681625,5.464839696,0.5487295,0.569232125,0.558980813
11/14/2007,3.774375,3.791600476,3.782987738,7.70995125,7.976255,7.843103125,5.403389,5.568646714,5.486017857,0.55481425,0.57481975,0.564817
11/15/2007,3.719326875,3.74343119,3.731379033,7.6001125,7.87211625,7.736114375,5.373301286,5.542145286,5.457723286,0.554775625,0.577742375,0.566259
11/16/2007,3.72647619,3.7443125,3.735394345,7.5195875,7.771680625,7.645634063,5.33296625,5.50595525,5.41946075,0.54459175,0.56477125,0.5546815
11/19/2007,3.7270625,3.7480625,3.7375625,7.550939375,7.811925625,7.6814325,5.352599375,5.521669286,5.43713433,0.5482865,0.568892625,0.558589563
11/20/2007,3.6681875,3.686450476,3.677318988,7.5219475,7.76459125,7.643269375,5.330144571,5.504611125,5.417377848,0.5431735,0.563518,0.55334575
11/21/2007,3.688821429,3.721882708,3.705352068,7.528514375,7.78407625,7.656295313,5.353980375,5.531117,5.442548688,0.540667375,0.560908125,0.55078775
11/22/2007,3.745104375,3.7665,3.755802188,7.5988675,7.85656125,7.727714375,5.4073705,5.58930575,5.498338125,0.541486,0.564345,0.5529155
11/23/2007,3.778309524,3.799479375,3.788894449,7.665055625,7.934901875,7.79997875,5.46132725,5.62702,5.544173625,0.545344375,0.566163875,0.555754125
11/26/2007,3.784548333,3.810838542,3.797693438,7.767825536,8.02798375,7.897904643,5.49777825,5.68828175,5.59303,0.550276429,0.570937375,0.560606902
11/27/2007,3.7878125,3.8046875,3.79625,7.77334375,8.02161375,7.89747875,5.50894475,5.683262714,5.596103732,0.540169,0.562896625,0.551532813
11/28/2007,3.7528125,3.769735,3.76127375,7.717985,7.97881875,7.848401875,5.46254375,5.633442375,5.547993063,0.535404125,0.55692075,0.546162438
11/29/2007,3.7415625,3.755103958,3.748333229,7.693019375,7.943319375,7.818169375,5.436061875,5.608692143,5.522377009,0.539717625,0.56065375,0.550185688
11/30/2007,3.745416667,3.758809524,3.752113095,7.637660625,7.90112,7.769390313,5.41126025,5.577706857,5.494483554,0.54078125,0.56220425,0.55149275
12/3/2007,3.79267875,3.812791875,3.802735313,7.6716325,7.93368625,7.802659375,5.417041125,5.594558125,5.505799625,0.545631625,0.56684325,0.556237438
12/4/2007,3.813418125,3.829002708,3.821210417,7.760476875,8.0226775,7.891577188,5.46912875,5.643136429,5.556132589,0.549676125,0.5728075,0.561241813
12/5/2007,3.826666667,3.846607143,3.836636905,7.713181875,7.983005625,7.84809375,5.494352,5.66687725,5.580614625,0.550247375,0.57182375,0.561035563
12/6/2007,3.8363125,3.854547857,3.845430179,7.681746875,7.934949375,7.808348125,5.465666,5.632481857,5.549073929,0.551822,0.574649125,0.563235563
12/7/2007,3.840119048,3.860666458,3.850392753,7.668755,7.93224125,7.800498125,5.475106375,5.652660286,5.56388333,0.55605075,0.57829125,0.567171
12/10/2007,3.841875,3.8603125,3.85109375,7.69607875,7.95449875,7.82528875,5.494619875,5.6677475,5.581183688,0.55736575,0.579448875,0.568407313
12/11/2007,3.843729167,3.85953125,3.851630208,7.740725,8.0049525,7.87283875,5.504880375,5.688104875,5.596492625,0.560566,0.5825975,0.57158175
12/12/2007,3.851666667,3.863452381,3.857559524,7.74074625,7.993385,7.867065625,5.49768775,5.679631875,5.588659813,0.556097,0.578433375,0.567265188
12/13/2007,3.8435,3.8621875,3.85284375,7.738220625,8.004805,7.871512813,5.5050305,5.6882895,5.59666,0.558327625,0.57996,0.569143813
12/14/2007,3.8420625,3.858895833,3.850479167,7.712164375,7.985135625,7.84865,5.47389275,5.65203475,5.56296375,0.556077875,0.578351,0.567214438
12/17/2007,3.848482143,3.865,3.856741071,7.634154375,7.895103125,7.76462875,5.42798575,5.602771571,5.515378661,0.5482825,0.5692215,0.558752
12/18/2007,3.835208125,3.847380952,3.841294539,7.689221875,7.95834625,7.823784063,5.419999875,5.593170286,5.50658508,0.546998625,0.567763375,0.557381
12/19/2007,3.821125,3.832125208,3.826625104,7.597901875,7.862201875,7.730051875,5.406256625,5.575259125,5.490757875,0.54577925,0.5662995,0.556039375
12/20/2007,3.801145625,3.821395833,3.811270729,7.495813125,7.769180625,7.632496875,5.361578875,5.530713857,5.446146366,0.5412985,0.561825125,0.551561813
12/21/2007,3.81796875,3.837126042,3.827547396,7.480069375,7.728566875,7.604318125,5.367857625,5.542326125,5.455091875,0.536756625,0.557944625,0.547350625
12/24/2007,3.799553571,3.813630952,3.806592262,7.458428125,7.72630375,7.592365938,5.379042714,5.547464125,5.46325342,0.536794429,0.556602,0.546698214
12/25/2007,3.799553571,3.813630952,3.806592262,7.458428125,7.72630375,7.592365938,5.379042714,5.547464125,5.46325342,0.536794429,0.556602,0.546698214
12/26/2007,3.805,3.818571429,3.811785714,0.000792007,7.692349375,7.563855625,5.378640875,5.544501571,5.461571223,0.536707375,0.557984875,0.547346125
12/27/2007,3.83171875,3.855729375,3.843724063,7.47599375,7.730748125,7.603370938,5.419816625,5.58992,5.504868313,0.539401375,0.559940125,0.54967075
12/28/2007,3.8433125,3.863645833,3.853479167,7.545933125,7.804043125,7.674988125,5.484273875,5.662728625,5.57350125,0.547346625,0.567260875,0.55730375
12/31/2007,3.837395833,3.8528125,3.845104167,7.56269625,7.827393125,7.695044688,5.5251255,5.706354857,5.615740179,0.553268625,0.574335,0.563801813
1/1/2008,3.837395833,3.8528125,3.845104167,7.56269625,7.827393125,7.695044688,5.5251255,5.706354857,5.615740179,0.553268625,0.574335,0.563801813
1/2/2008,3.837696429,3.855357143,3.846526786,7.51984375,7.779755,7.649799375,5.481452625,5.651485714,5.56646917,0.54939375,0.570335125,0.559864438
1/3/2008,3.83775,3.853166429,3.845458214,7.5130425,7.7602225,7.6366325,5.5049305,5.677159,5.59104475,0.55175525,0.571850375,0.561802813
1/4/2008,3.848041667,3.867523571,3.857782619,7.49574625,7.74105375,7.6184,5.2009705,5.684029,5.44249975,0.54991125,0.569986375,0.559948813
1/7/2008,3.846979167,3.864900714,3.85593994,7.51202375,7.74065625,7.62634,5.522238125,5.6837105,5.602974313,0.549755125,0.56866975,0.559212438
1/8/2008,3.842125,3.855714286,3.848919643,7.510204375,7.743408125,7.62680625,5.52328625,5.68394425,5.60361525,0.5495145,0.568950125,0.559232313
1/9/2008,3.827541875,3.83827381,3.832907842,7.498243125,7.719445625,7.608844375,5.510401375,5.669426571,5.589913973,0.5491125,0.5675145,0.5583135
1/10/2008,3.7871875,3.790295833,3.788741667,7.41914625,7.644625,7.531885625,5.483858125,5.641504857,5.562681491,0.54780875,0.566740875,0.557274813
1/11/2008,3.741228958,3.760092917,3.750660938,7.321748125,7.57346125,7.447604688,5.446011,5.6206575,5.53333425,0.54365425,0.562554,0.553104125
1/14/2008,3.7491875,3.768104375,3.758645938,7.296884375,7.53473375,7.415809063,5.45228625,5.609980714,5.531133482,0.54785325,0.566761625,0.557307438
1/15/2008,3.74375,3.761607143,3.752678571,7.295625625,7.5276375,7.411631563,5.46285375,5.61754725,5.5402005,0.547198875,0.567126875,0.557162875
1/16/2008,3.7364375,3.7545,3.74546875,7.286253125,7.512436875,7.399345,5.438122875,5.598633429,5.518378152,0.539988875,0.559798,0.549893438
1/17/2008,3.733125,3.747217083,3.740171042,7.28880125,7.525985,7.407393125,5.381772625,5.534020714,5.45789667,0.5340605,0.55584025,0.544950375
1/18/2008,3.73784375,3.756604167,3.747223958,7.291755625,7.53,7.410877813,5.38525775,5.527437857,5.456347804,0.527544875,0.5477845,0.537664688
1/21/2008,3.750078125,3.762604167,3.756341146,7.26916,7.497876875,7.383518438,5.3493165,5.507823571,5.428570036,0.525155625,0.543553875,0.53435475
1/22/2008,3.791770625,3.813802083,3.802786354,7.248665625,7.485158125,7.366911875,5.33412425,5.50363275,5.4188785,0.517499125,0.54418175,0.530840438
1/23/2008,3.805546875,3.82263375,3.814090313,7.36635625,7.5801575,7.473256875,5.43354975,5.593411571,5.513480661,0.528483125,0.545780125,0.537131625
1/24/2008,3.758682083,3.774237292,3.766459688,7.328503125,7.56687375,7.447688438,5.420243375,5.571010857,5.495627116,0.530484,0.54880875,0.539646375
1/25/2008,3.76736625,3.77875,3.773058125,7.390603125,7.635118125,7.512860625,5.439209375,5.6155005,5.527354938,0.532708125,0.550848125,0.541778125
1/28/2008,3.7871875,3.8075,3.79734375,7.39277,7.62975125,7.511260625,5.421466625,5.586648429,5.504057527,0.521963875,0.540697375,0.531330625
1/29/2008,3.813035625,3.830104375,3.82157,7.47096375,7.70485,7.587906875,5.482279875,5.651454375,5.566867125,0.52590225,0.544049,0.534975625
1/30/2008,3.8190625,3.8341875,3.826625,7.480195,7.72203125,7.601113125,5.482998875,5.6484385,5.565718688,0.5244775,0.544576625,0.534527063
1/31/2008,3.8090625,3.822708333,3.815885417,7.50287375,7.737635625,7.620254688,5.530911375,5.699035125,5.61497325,0.519934625,0.539174625,0.529554625
2/1/2008,3.7355,3.755248333,3.745374167,7.41595,7.6706475,7.54329875,5.466828375,5.6371705,5.551999438,0.508026625,0.525935,0.516980813
2/4/2008,3.753853958,3.771854167,3.762854063,7.33563125,7.59306125,7.46434625,5.4457395,5.613236,5.52948775,0.511537875,0.529437,0.520487438
2/5/2008,3.765,3.787678571,3.776339286,7.35996125,7.585891875,7.472926563,5.461181625,5.62694575,5.544063688,0.506838,0.526602,0.51672
2/6/2008,3.768104375,3.786125208,3.777114792,7.341330625,7.57977375,7.460552188,5.412877875,5.573707375,5.493292625,0.496214,0.515855375,0.506034688
2/7/2008,3.7588125,3.772541429,3.765676964,7.31913,7.5399775,7.42955375,5.397817125,5.541159429,5.469488277,0.491921375,0.51201025,0.501965813
2/8/2008,3.7709375,3.785520833,3.778229167,7.269968125,7.50458375,7.387275938,5.34504325,5.51450675,5.429775,0.4929715,0.51166925,0.502320375
2/11/2008,3.775,3.789166667,3.782083333,7.281275625,7.50242625,7.391850938,5.374936125,5.527032857,5.450984491,0.4888525,0.5062885,0.4975705
2/12/2008,3.769696429,3.786,3.777848214,7.30296875,7.526280625,7.414624688,5.373684625,5.537088125,5.455386375,0.49214375,0.508765625,0.500454688
2/13/2008,3.750625,3.766197917,3.758411458,7.30721,7.53515625,7.421183125,5.36849475,5.527836857,5.448165804,0.491164625,0.5075595,0.499362063
2/14/2008,3.73875,3.756624792,3.747687396,7.30187625,7.52944875,7.4156625,5.359123875,5.514249857,5.436686866,0.492407,0.509256875,0.500831938
2/15/2008,3.743625,3.761604167,3.752614583,7.310055,7.535824375,7.422939688,5.369814875,5.535054,5.452434438,0.492065375,0.50908075,0.500573063
2/18/2008,3.749452381,3.768285714,3.758869048,7.28498875,7.52013,7.402559375,5.384857375,5.535793714,5.460325545,0.495692125,0.511700125,0.503696125
2/19/2008,3.731875,3.742678571,3.737276786,7.256305625,7.495029375,7.3756675,5.391484,5.5547685,5.47312625,0.49495025,0.5149465,0.504948375
2/20/2008,3.73390625,3.754107143,3.744006696,7.23255,7.45445875,7.343504375,5.3876815,5.5394295,5.4635555,0.488395,0.507024125,0.497709563
2/21/2008,3.737875,3.755125,3.7465,7.22053375,7.445965,7.333249375,5.387604875,5.543343714,5.465474295,0.486033375,0.503169875,0.494601625
2/22/2008,3.73578125,3.75375,3.744765625,7.277894375,7.511825625,7.39486,5.414727125,5.567641625,5.491184375,0.4863445,0.50265525,0.494499875
2/25/2008,3.739177083,3.754928571,3.747052827,7.287377143,7.510780625,7.399078884,5.419103125,5.575149286,5.497126205,0.499334,0.51680475,0.508069375
2/26/2008,3.7546875,3.773571429,3.764129464,7.29277625,7.53017375,7.411475,5.41907525,5.58461075,5.501843,0.491006,0.5083255,0.49966575
2/27/2008,3.758390625,3.772125,3.765257813,7.387404375,7.623525625,7.505465,5.5524735,5.651699143,5.602086321,0.49916575,0.514956125,0.507060938
2/28/2008,3.761785714,3.778928571,3.770357143,7.386635,7.61694,7.5017875,5.510113375,5.6970445,5.603578938,0.510163625,0.521833375,0.5159985
2/29/2008,3.740375,3.750645833,3.745510417,7.388119375,7.618234375,7.503176875,5.5536405,5.698862,5.62625125,0.495315625,0.514457,0.504886313
3/3/2008,3.7333125,3.752464286,3.742888393,7.346849375,7.588406875,7.467628125,5.542754125,5.701655714,5.62220492,0.47718425,0.496622875,0.486903563
3/4/2008,3.73015625,3.742142857,3.736149554,7.345670625,7.578664375,7.4621675,5.529240375,5.703184875,5.616212625,0.484152125,0.507583625,0.495867875
3/5/2008,3.706520625,3.719479167,3.712999896,7.32832625,7.56733,7.447828125,5.522860125,5.695146625,5.609003375,0.4806695,0.497353625,0.489011563
3/6/2008,3.69615625,3.70763,3.701893125,7.30909125,7.553949375,7.431520313,5.5236155,5.6897625,5.606689,0.482274625,0.49985975,0.491067188
3/7/2008,3.7021875,3.718690476,3.710438988,7.356036875,7.59017625,7.473106563,5.53897,5.709978,5.624474,0.469202625,0.48760625,0.478404438
3/10/2008,3.6993125,3.712708125,3.706010313,7.38258,7.61240125,7.497490625,5.54074275,5.702658375,5.621700563,0.468112625,0.486027125,0.477069875
3/11/2008,3.6836875,3.699547619,3.69161756,7.337408125,7.573744375,7.45557625,5.515138429,5.681535143,5.598336786,0.470729,0.487019375,0.478874188
3/12/2008,3.6836875,3.699547619,3.69161756,7.337408125,7.573744375,7.45557625,5.515138429,5.681535143,5.598336786,0.470729,0.487019375,0.478874188
3/13/2008,3.6637,3.680341042,3.672020521,7.390954375,7.63164125,7.511297813,5.567318375,5.743140875,5.655229625,0.47133475,0.4885665,0.479950625
3/14/2008,3.6600625,3.674642857,3.667352679,7.3810225,7.63191375,7.506468125,5.576090375,5.750287375,5.663188875,0.4698775,0.48758325,0.478730375
3/17/2008,3.64675,3.663928571,3.655339286,7.294598125,7.552253125,7.423425625,5.612034875,5.787458,5.699746438,0.4599155,0.478412375,0.469163938
3/18/2008,3.61584375,3.629547619,3.622695685,7.2177875,7.47564375,7.346715625,5.573301,5.735209875,5.654255438,0.458802,0.474642,0.466722
3/19/2008,3.605666667,3.608214286,3.606940476,7.175894375,7.42635375,7.301124063,5.522240875,5.689367375,5.605804125,0.45955225,0.478023125,0.468787688
3/20/2008,3.608928571,3.625833542,3.617381057,7.096188125,7.329766875,7.2129775,5.47058525,5.633540625,5.552062938,0.45478125,0.471442125,0.463111688
3/21/2008,3.608928571,3.625833542,3.617381057,7.096188125,7.329766875,7.2129775,5.47058525,5.633540625,5.552062938,0.45478125,0.471442125,0.463111688
3/24/2008,3.608928571,3.625833542,3.617381057,7.096188125,7.329766875,7.2129775,5.47058525,5.633540625,5.552062938,0.45478125,0.471442125,0.463111688
3/25/2008,3.638422857,3.657142857,3.647782857,7.161566875,7.393158125,7.2773625,5.49886125,5.66974075,5.584301,0.4582805,0.4750105,0.4666455
3/26/2008,3.666428571,3.679285714,3.672857143,7.21386375,7.45647625,7.33517,5.537200875,5.717175875,5.627188375,0.460585125,0.47659675,0.468590938
3/27/2008,3.70080375,3.71675,3.708776875,7.323465,7.54951,7.4364875,5.635625875,5.798683571,5.717154723,0.464823125,0.48176275,0.473292938
3/28/2008,3.6966875,3.713375,3.70503125,7.32542125,7.5606325,7.443026875,5.653646875,5.821487375,5.737567125,0.468900125,0.48635475,0.477627438
3/31/2008,3.67196875,3.684166667,3.678067708,7.267281875,7.504596875,7.385939375,5.644731875,5.815871875,5.730301875,0.462792625,0.480716625,0.471754625
4/1/2008,3.637083333,3.659107143,3.648095238,7.164025625,7.419826875,7.29192625,5.57617125,5.734014286,5.655092768,0.458774125,0.474759875,0.466767
4/2/2008,3.584015625,3.5953125,3.589664063,7.09951625,7.352535,7.226025625,5.484091375,5.665530875,5.574811125,0.462008875,0.478908,0.470458438
4/3/2008,3.569270833,3.586071429,3.577671131,7.0505475,7.3107575,7.1806525,5.439803625,5.622383625,5.531093625,0.464651,0.483223125,0.473937063
4/4/2008,3.5776875,3.59197619,3.584831845,7.047880625,7.2983025,7.173091563,5.444248125,5.62691425,5.535581188,0.463196375,0.482463625,0.47283
4/7/2008,3.572916667,3.585714286,3.579315476,7.03702625,7.27339375,7.15521,5.4513775,5.6223165,5.536847,0.4628915,0.481815625,0.472353563
4/8/2008,3.563625,3.575979167,3.569802083,7.041598125,7.213851875,7.127725,5.472277,5.605614714,5.538945857,0.464770375,0.48050625,0.472638313
4/9/2008,3.561125,3.572833571,3.566979286,6.939483125,7.175514375,7.05749875,5.43779425,5.605198,5.521496125,0.46253325,0.48209775,0.4723155
4/10/2008,3.551354167,3.571785714,3.56156994,6.95025375,7.1927375,7.071495625,5.4676085,5.636419714,5.552014107,0.4580915,0.4784725,0.468282
4/11/2008,3.5465625,3.568571429,3.557566964,6.93802875,7.18223375,7.06013125,5.451830125,5.635379625,5.543604875,0.46141975,0.480810625,0.471115188
4/14/2008,3.5276875,3.539955625,3.533821563,6.93095875,7.1712025,7.051080625,5.43721925,5.618528,5.527873625,0.45858125,0.477765625,0.468173438
4/15/2008,3.503104167,3.519584286,3.511344226,6.87744125,7.113171607,6.995306429,5.42088075,5.5937505,5.507315625,0.454853,0.4743135,0.46458325
4/16/2008,3.476181875,3.498194375,3.487188125,6.81897,7.05462625,6.936798125,5.39204875,5.55637525,5.474212,0.45019425,0.4682385,0.459216375
4/17/2008,3.4350625,3.4663125,3.4506875,6.76025875,7.0437975,6.902028125,5.395555875,5.5765655,5.486060688,0.45052125,0.469947375,0.460234313
4/18/2008,3.466946875,3.475918125,3.4714325,6.795274375,7.045426875,6.920350625,5.374614625,5.549167625,5.461891125,0.44838225,0.467442125,0.457912188
4/21/2008,3.490625,3.515885417,3.503255208,6.84267,7.0939225,6.96829625,5.38107575,5.5596115,5.470343625,0.452273,0.470013375,0.461143188
4/22/2008,3.528125,3.549166875,3.538645938,6.878395625,7.121681875,7.00003875,5.44850925,5.62998325,5.53924625,0.457189375,0.475054625,0.466122
4/23/2008,3.49921875,3.523559792,3.511389271,6.916879375,7.167971875,7.042425625,5.48760075,5.6645995,5.576100125,0.46298275,0.4810805,0.472031625
4/24/2008,3.46875,3.49875,3.48375,6.79797375,7.04412875,6.92105125,5.3992035,5.563484,5.48134375,0.45758475,0.47449175,0.46603825
4/25/2008,3.4614375,3.480041667,3.470739583,6.776075625,7.025973125,6.901024375,5.3391645,5.501530143,5.420347321,0.456318125,0.4734805,0.464899313
4/28/2008,3.4669375,3.487166667,3.477052083,6.79833875,7.02677875,6.91255875,5.326558625,5.513692571,5.420125598,0.4602365,0.477600375,0.468918438
4/29/2008,3.469942708,3.495520833,3.482731771,6.807158125,7.061281875,6.93422,5.204268875,5.477151286,5.34071008,0.461833,0.48064875,0.471240875
4/30/2008,3.467729167,3.4889375,3.478333333,6.748013125,7.025375625,6.886694375,5.325954875,5.481345571,5.403650223,0.459975625,0.97143225,0.715703938
5/1/2008,3.467729167,3.4889375,3.478333333,6.748013125,7.025375625,6.886694375,5.325954875,5.481345571,5.403650223,0.459975625,0.97143225,0.715703938
5/2/2008,3.435678542,3.459857143,3.447767842,6.766200625,7.03064875,6.898424688,5.2757115,5.439811143,5.357761321,0.460023125,0.479353125,0.469688125
5/5/2008,3.42115625,3.444797619,3.432976935,6.73316,6.98564125,6.859400625,5.2468155,5.41889975,5.332857625,0.45737175,0.47578075,0.46657625
5/6/2008,3.3955625,3.420677083,3.408119792,6.6360225,6.895628125,6.765825313,5.204815,5.379985375,5.292400188,0.45417075,0.473623,0.463896875
5/7/2008,3.361854167,3.375119048,3.368486607,6.562451875,6.81149875,6.686975313,5.147572625,5.3294395,5.238506063,0.4532905,0.472031875,0.462661188
5/8/2008,3.33309625,3.358317708,3.345706979,6.43829375,6.696189375,6.567241563,5.065794375,5.244448571,5.155121473,0.441595625,0.46195075,0.451773188
5/9/2008,3.394809375,3.414781042,3.404795208,6.529175625,6.79527875,6.662227188,5.135515125,5.318667625,5.227091375,0.44878775,0.467420875,0.458104313
5/12/2008,3.34228125,3.362447619,3.352364435,6.50291375,6.7533475,6.628130625,5.1216565,5.291800429,5.206728464,0.445865875,0.46464375,0.455254813
5/13/2008,3.316729167,3.330031429,3.323380298,6.451845,6.7007575,6.57630125,5.108564625,5.290492,5.199528313,0.44665625,0.463844375,0.455250313
5/14/2008,3.362613125,3.38175,3.372181563,6.435011875,6.69634,6.565675938,5.10358175,5.26673925,5.1851605,0.446353,0.46488525,0.455619125
5/15/2008,3.410324375,3.449191875,3.429758125,6.55435875,6.815818125,6.685088438,5.1932785,5.38029725,5.286787875,0.4509185,0.469247,0.46008275
5/16/2008,3.40393,3.418619375,3.411274688,6.583084375,6.83681875,6.709951563,5.199293375,5.382931571,5.291112473,0.456792125,0.473794875,0.4652935
5/19/2008,3.3852125,3.4032625,3.3942375,6.58228875,6.828905,6.705596875,5.211214,5.392574,5.301894,0.458410375,0.47714325,0.467776813
5/20/2008,3.412097083,3.439713542,3.425905313,6.55934375,6.79610625,6.677725,5.18156975,5.363936286,5.272753018,0.4519905,0.471033,0.46151175
5/21/2008,3.429925,3.445205714,3.437565357,6.66227625,6.894788125,6.778532188,5.272497875,5.44109525,5.356796563,0.45202125,0.470311375,0.461166313
5/22/2008,3.3879375,3.40299125,3.395464375,6.6327075,6.881715,6.75721125,5.2575665,5.442344625,5.349955563,0.447155125,0.465974625,0.456564875
5/23/2008,3.4034375,3.425,3.41421875,6.60791625,6.85943625,6.73367625,5.235683375,5.50929425,5.372488813,0.445303875,0.463737375,0.454520625
5/26/2008,3.4034375,3.425,3.41421875,6.60791625,6.85943625,6.73367625,5.235683375,5.50929425,5.372488813,0.445303875,0.463737375,0.454520625
5/27/2008,3.434952381,3.451952381,3.443452381,6.663564375,6.90172125,6.782642813,5.283548875,5.462232571,5.372890723,0.445117,0.464257125,0.454687063
5/28/2008,3.434416667,3.455625,3.445020833,6.69085625,6.917475,6.804165625,5.29015275,5.471070625,5.380611688,0.445877,0.464402125,0.455139563
5/29/2008,3.420489583,3.433452381,3.426970982,6.6675825,6.915369375,6.791475938,5.263163875,5.428551625,5.34585775,0.44973325,0.46824575,0.4589895
5/30/2008,3.39596875,3.407260625,3.401614688,6.65426,6.892015,6.7731375,5.209274875,5.3897555,5.299515188,0.451736375,0.470515,0.461125688
6/2/2008,3.3705625,3.39301,3.38178625,6.58297125,6.830803125,6.706887188,5.180405,5.349788857,5.265096929,0.44536775,0.464269,0.454818375
6/3/2008,3.352690476,3.366791667,3.359741071,6.528785,6.7601125,6.64444875,5.159219875,5.330094,5.244656938,0.4399075,0.45771075,0.448809125
6/4/2008,3.326208125,3.34503381,3.335620967,6.4698125,6.700885,6.58534875,5.093107875,5.2670035,5.180055688,0.43601725,0.45564825,0.44583275
6/5/2008,3.320458125,3.343470625,3.331964375,6.42021875,6.662073125,6.541145938,5.0810645,5.240278875,5.160671688,0.432823875,0.451539625,0.44218175
6/6/2008,3.3164925,3.335181875,3.325837188,6.434406875,6.676011875,6.555209375,5.1170195,5.287486,5.20225275,0.4300875,0.448337,0.43921225
6/9/2008,3.282375,3.29668,3.2895275,6.444125,6.67853,6.5613275,5.154463125,5.322237625,5.238350375,0.428193375,0.445894375,0.437043875
6/10/2008,3.215354375,3.247862917,3.231608646,6.285070625,6.54547875,6.415274688,4.9811275,5.180361,5.08074425,0.416157375,0.4363855,0.426271438
6/11/2008,3.235,3.250714286,3.242857143,6.226435625,6.478990625,6.352713125,4.94256475,5.129840375,5.036202563,0.412117625,0.433135375,0.4226265
6/12/2008,3.2693125,3.291437708,3.280375104,6.28983625,6.531745625,6.410790938,4.976890286,5.13373,5.055310143,0.415675,0.4322985,0.42398675
6/13/2008,3.292339375,3.319553333,3.305946354,6.395013571,6.652765,6.523889286,5.05669225,5.23371475,5.1452035,0.422356714,0.43920825,0.430782482
6/16/2008,3.212645625,3.236411458,3.224528542,6.31874625,6.56213125,6.44043875,4.979311875,5.150741375,5.065026625,0.4157565,0.436265,0.42601075
6/17/2008,3.185,3.204940208,3.194970104,6.277126875,6.525856875,6.401491875,4.95621125,5.124775,5.040493125,0.41444,0.430815125,0.422627563
6/18/2008,3.209965,3.228681458,3.219323229,6.218960625,6.4781975,6.348579063,4.633778875,5.09799875,4.865888813,0.411654125,0.4291585,0.420406313
6/19/2008,3.206276875,3.244968542,3.225622708,6.2783725,6.52408625,6.401229375,4.96071925,5.138504875,5.049612063,0.41355775,0.431578125,0.422567938
6/20/2008,3.177809524,3.201785714,3.189797619,6.21275,6.463860625,6.338305313,4.928910375,5.103674,5.016292188,0.4129795,0.4320795,0.4225295
6/23/2008,3.1999375,3.218020833,3.208979167,6.191305,6.4470875,6.31919625,4.930586625,5.099633571,5.015110098,0.41114225,0.430298375,0.420720313
6/24/2008,3.197916875,3.208404524,3.203160699,6.2345575,6.4823375,6.3584475,4.949155375,5.12657175,5.037863563,0.411947,0.429763125,0.420855063
6/25/2008,3.1771875,3.195237857,3.186212679,6.19406625,6.45441,6.324238125,4.934954625,5.109776714,5.02236567,0.412335,0.430464125,0.421399563
6/26/2008,3.192270833,3.209130714,3.200700774,6.19853625,6.4630975,6.330816875,4.948097875,5.124708375,5.036403125,0.415399625,0.43334125,0.424370438
6/27/2008,3.192720833,3.210625,3.201672917,6.25506875,6.516069375,6.385569063,4.983655875,5.15830125,5.070978563,0.415438125,0.434365875,0.424902
6/30/2008,3.1809375,3.199979167,3.190458333,6.251344375,6.514524375,6.382934375,4.990539625,5.231094375,5.110817,0.416135625,0.43581275,0.425974188
7/1/2008,3.191541667,3.2135625,3.202552083,6.248678125,6.509781875,6.37923,4.989320375,5.156781375,5.073050875,0.41698275,0.4360535,0.426518125
7/2/2008,3.256,3.294959375,3.275479688,6.301254375,6.572530625,6.4368925,5.03536375,5.221108857,5.128236304,0.419767125,0.43829125,0.429029188
7/3/2008,3.340855625,3.365563958,3.353209792,6.439255417,6.726268542,6.582761979,5.159430625,5.357134375,5.2582825,0.430035,0.4522725,0.44115375
7/4/2008,3.36941,3.38500875,3.377209375,6.512286875,6.831124375,6.671705625,5.18451,5.39906625,5.291788125,0.437490125,0.458132125,0.447811125
7/7/2008,3.36941,3.38500875,3.377209375,6.512286875,6.831124375,6.671705625,5.18451,5.39906625,5.291788125,0.437490125,0.458132125,0.447811125
7/8/2008,3.36941,3.38500875,3.377209375,6.512286875,6.831124375,6.671705625,5.18451,5.39906625,5.291788125,0.437490125,0.458132125,0.447811125
7/9/2008,3.376415714,3.391428571,3.383922143,6.548275625,6.835519375,6.6918975,5.216272375,5.395630286,5.30595133,0.43852525,0.46137075,0.449948
7/10/2008,3.3111875,3.32734119,3.319264345,6.491106875,6.806874375,6.648990625,5.185894125,5.365692286,5.275793205,0.434875375,0.458855125,0.44686525
7/11/2008,3.2853125,3.302208333,3.293760417,6.43646125,6.713094375,6.574777813,5.145658375,5.334438571,5.240048473,0.434857875,0.4576085,0.446233188
7/14/2008,3.32315625,3.3405625,3.331859375,6.437370625,6.7357975,6.586584063,5.156624375,5.345013,5.250818688,0.437865,0.4588615,0.44836325
7/15/2008,3.381458125,3.402083333,3.391770729,6.6248525,6.876835,6.75084375,5.26635575,5.457680429,5.362018089,0.445017375,0.46638575,0.455701563
7/16/2008,3.369253125,3.38445875,3.376855938,6.680960625,6.94499,6.812975313,5.29017175,5.4792345,5.384703125,0.443816125,0.464734,0.454275063
7/17/2008,3.378107292,3.394024286,3.386065789,6.64420625,6.926718125,6.785462188,5.251177625,5.44887675,5.350027188,0.443551625,0.4615345,0.452543063
7/18/2008,3.363875,3.377955625,3.370915313,6.634824375,6.891530625,6.7631775,5.255059,5.448015,5.351537,0.445900875,0.46635625,0.456128563
7/21/2008,3.37952381,3.400364286,3.389944048,6.635864286,6.9136275,6.774745893,5.271701,5.458786571,5.365243786,0.446159875,0.46588475,0.456022313
7/22/2008,3.371,3.3906875,3.38084375,6.64241,6.919081042,6.780745521,5.27158825,5.559190143,5.415389196,0.446302125,0.466589875,0.456446
7/23/2008,3.41111625,3.432225952,3.421671101,6.6408425,6.91499125,6.777916875,5.231839125,5.445001125,5.338420125,0.44858625,0.471191875,0.459889063
7/24/2008,3.456875,3.488309524,3.472592262,6.741605625,7.00669625,6.874150938,5.277166125,5.4903665,5.383766313,0.450714375,0.473187375,0.461950875
7/25/2008,3.487854167,3.505572917,3.496713542,6.7951775,7.09645,6.94581375,5.349777625,5.68724325,5.518510438,0.456884,0.476756125,0.466820063
7/28/2008,3.5114375,3.534464286,3.522950893,6.816695625,7.1158775,6.966286563,5.355903125,5.569922375,5.46291275,0.460244625,0.48000675,0.470125688
7/29/2008,3.502166667,3.522052083,3.512109375,6.90792875,7.20381375,7.05587125,5.41572475,5.612408,5.514066375,0.467993625,0.487005125,0.477499375
7/30/2008,3.51578125,3.500416667,3.508098958,6.8373975,7.127464375,6.982430938,5.368688625,5.565659625,5.467174125,0.473486125,0.491349125,0.482417625
7/31/2008,3.5110625,3.526761905,3.518912202,6.8488725,7.13693375,6.992903125,5.36941825,5.554959571,5.462188911,0.474591,0.49300425,0.483797625
8/1/2008,3.3958125,3.416609762,3.406211131,6.764018125,7.073400625,6.918709375,5.304031625,5.47525425,5.389642938,0.473166625,0.490865875,0.48201625
8/4/2008,3.3958125,3.416609762,3.406211131,6.764018125,7.073400625,6.918709375,5.304031625,5.47525425,5.389642938,0.473166625,0.490865875,0.48201625
8/5/2008,3.352651875,3.373912292,3.363282083,6.551028125,6.80594,6.678484063,5.158497625,5.334339429,5.246418527,0.464454375,0.482817125,0.47363575
8/6/2008,3.3445625,3.359461667,3.352012083,6.508344375,6.760735,6.634539688,5.130222375,5.317384625,5.2238035,0.4574895,0.476781125,0.467135313
8/7/2008,3.305479375,3.325258571,3.315368973,6.423209375,6.69604375,6.559626563,5.069944125,5.261967875,5.165956,0.4488845,0.470408625,0.459646563
8/8/2008,3.34452381,3.369395625,3.356959717,6.360030625,6.633551875,6.49679125,4.998935125,5.188195375,5.09356525,0.443458375,0.464012,0.453735188
8/11/2008,3.349072917,3.36569875,3.357385833,6.35019625,6.61710125,6.48364875,4.948166625,5.1369805,5.042573563,0.443311875,0.46317275,0.453242313
8/12/2008,3.358714286,3.372301667,3.365507976,6.3035575,6.571545,6.43755125,4.98193275,5.099504286,5.040718518,0.4348025,0.454736125,0.444769313
8/13/2008,3.3791875,3.3940625,3.386625,6.30333625,6.559758125,6.431547188,4.9554335,5.14608025,5.050756875,0.434395625,0.455399875,0.44489775
8/14/2008,3.406552917,3.426640625,3.416596771,6.279151875,6.54078,6.409965938,4.98414075,5.16924675,5.07669375,0.435465,0.45706,0.4462625
8/15/2008,3.4014375,3.41877381,3.410105655,6.261241875,6.517846875,6.389544375,4.9604085,5.138413429,5.049410964,0.43432325,0.45665525,0.44548925
8/18/2008,3.3990625,3.415142857,3.407102679,6.273774375,6.5336125,6.403693438,4.9501895,5.133054625,5.041622063,0.43611075,0.45731725,0.446714
8/19/2008,3.467875,3.483595833,3.475735417,6.30839375,6.562915625,6.435654688,4.97248825,5.2267425,5.099615375,0.443545375,0.465053375,0.454299375
8/20/2008,3.60091625,3.602041667,3.601478958,6.576691875,6.875903125,6.7262975,5.191238625,5.387370125,5.289304375,0.45963275,0.4845655,0.472099125
8/21/2008,3.5835,3.591443125,3.587471563,6.594643571,6.900555,6.747599286,5.20644825,5.422120875,5.314284563,0.461958857,0.485074875,0.473516866
8/22/2008,3.53367375,3.549791667,3.541732708,6.5621925,6.845795,6.70399375,5.186956875,5.3702105,5.278583688,0.460250375,0.484053625,0.472152
8/25/2008,3.55327375,3.56542625,3.55935,6.451840625,6.746829375,6.599335,5.129386,5.327609625,5.228497813,0.45778525,0.481025,0.469405125
8/26/2008,3.513541667,3.529928958,3.521735313,6.467248125,6.702704375,6.58497625,5.127396,5.307885714,5.217640857,0.455186,0.477075125,0.466130563
8/27/2008,3.5178125,3.520561429,3.519186964,6.383708125,6.639485625,6.511596875,5.18222575,5.264759429,5.223492589,0.4498425,0.471756125,0.460799313
8/28/2008,3.5043375,3.51578125,3.510059375,6.37703375,6.63738625,6.50721,5.109291625,5.29484275,5.202067188,0.453777625,0.475781875,0.46477975
8/29/2008,3.5040625,3.519642857,3.511852679,6.34453375,6.59725875,6.47089625,5.085459125,5.274417375,5.17993825,0.454420875,0.476140375,0.465280625
9/1/2008,3.525052083,3.544166667,3.534609375,6.27655125,6.544993125,6.410772188,5.085405375,5.263331875,5.174368625,0.45382125,0.475073125,0.464447188
9/2/2008,3.570862857,3.586354375,3.578608616,6.262185,6.51789875,6.390041875,5.08034375,5.258336625,5.169340188,0.4534695,0.474794375,0.464131938
9/3/2008,3.570862857,3.586354375,3.578608616,6.262185,6.51789875,6.390041875,5.08034375,5.258336625,5.169340188,0.4534695,0.474794375,0.464131938
9/4/2008,3.5536875,3.585081905,3.569384702,6.275593929,6.5236675,6.399630714,5.124359875,5.299153286,5.21175658,0.45406675,0.476374375,0.465220563
9/5/2008,3.520125,3.532159375,3.526142188,6.153755625,6.41258125,6.283168438,5.003995625,5.197094714,5.10054517,0.4436575,0.465071625,0.454364563
9/8/2008,3.503859375,3.529940476,3.516899926,6.1769075,6.426223125,6.301565313,4.984499875,5.170875857,5.077687866,0.450101125,0.46932225,0.459711688
9/9/2008,3.445441875,3.46813619,3.456789033,6.03010375,6.30807125,6.1690875,4.86318275,5.044935875,4.954059313,0.4413345,0.462676625,0.452005563
9/10/2008,3.427979375,3.454604167,3.441291771,5.99039375,6.245521875,6.117957813,4.83299075,5.008169286,4.920580018,0.433609375,0.454991,0.444300188
9/11/2008,3.4579375,3.478958333,3.468447917,5.996085625,6.24408,6.120082813,4.8155345,4.991624714,4.903579607,0.43064075,0.45018325,0.440412
9/12/2008,3.467142857,3.48875,3.477946429,6.032173125,6.28997,6.161071563,4.83349275,5.017514714,4.925503732,0.42885975,0.449517125,0.439188438
9/15/2008,3.4975,3.515895833,3.506697917,6.136969375,6.4567375,6.296853438,4.944071875,5.114692857,5.029382366,0.433607125,0.454024875,0.443816
9/16/2008,3.5128125,3.524125,3.51846875,6.20503,6.44121375,6.323121875,4.9372735,5.100308143,5.018790821,0.43447975,0.454294625,0.444387188
9/17/2008,3.552014583,3.5809375,3.566476042,6.228085,6.473969375,6.351027188,4.9737745,5.151842286,5.062808393,0.437717,0.46018175,0.448949375
9/18/2008,3.5689375,3.584416667,3.576677083,6.388149375,6.642194167,6.515171771,5.053474375,5.230130857,5.141802616,0.439017875,0.4592195,0.449118688
9/19/2008,3.5836875,3.599083125,3.591385313,6.380245625,6.626275,6.503260313,5.054521,5.229882286,5.142201643,0.441486875,0.46243125,0.451959063
9/22/2008,3.57203125,3.588591429,3.580311339,6.46297625,6.7135,6.588238125,5.12441325,5.288819625,5.206616438,0.44844375,0.467682875,0.458063313
9/23/2008,3.55515625,3.574151875,3.564654063,6.497496875,6.745021875,6.621259375,5.159672875,5.3415695,5.250621188,0.446787375,0.4675695,0.457178438
9/24/2008,3.56671875,3.575880952,3.571299851,6.479901875,6.73308875,6.606495313,5.15248175,5.3473395,5.249910625,0.439829714,0.461279375,0.450554545
9/25/2008,3.554375,3.570104167,3.562239583,6.486325,6.751425625,6.618875313,5.14810775,5.322325714,5.235216732,0.44030825,0.460455125,0.450381688
9/26/2008,3.554416875,3.572778333,3.563597604,6.440254375,6.704849375,6.572551875,5.129803625,5.301223571,5.215513598,0.440329,0.460065625,0.450197313
9/29/2008,3.5753125,3.5915625,3.5834375,6.378699375,6.63437625,6.506537813,5.076974125,5.257725125,5.167349625,0.439885,0.45977725,0.449831125
9/30/2008,3.57046875,3.5859375,3.578203125,6.378795625,6.611345,6.495070313,5.083664875,5.243176875,5.163420875,0.436983,0.456150375,0.446566688
10/1/2008,3.526333333,3.5385625,3.532447917,6.254458125,6.5064725,6.380465313,4.964038,5.146805429,5.055421714,0.434371571,0.4563365,0.445354036
10/2/2008,3.5098125,3.5234375,3.516625,6.1586925,6.406765,6.28272875,4.883987875,5.054263625,4.96912575,0.430043875,0.450334625,0.44018925
10/3/2008,3.511798958,3.529000833,3.520399896,6.13296125,6.387201875,6.260081563,4.82600175,5.00671575,4.91635875,0.42204575,0.441314125,0.431679938
10/6/2008,3.600328542,3.626984375,3.613656458,6.16698,6.413850625,6.290415313,4.833394,5.016071,4.9247325,0.42131475,0.44243625,0.4318755
10/7/2008,3.618228958,3.637310208,3.627769583,5.877420625,6.484110625,6.180765625,4.8919885,5.067943875,4.979966188,0.421124375,0.441290125,0.43120725
10/8/2008,3.657854167,3.675389792,3.666621979,6.322311875,6.582048125,6.45218,4.958685,5.134908857,5.046796929,0.412948375,0.431225125,0.42208675
10/9/2008,3.747053571,3.769190417,3.758121994,6.3495175,6.573416875,6.461467188,4.76957975,5.223209571,4.996394661,0.4165955,0.433532,0.42506375
10/10/2008,3.893690625,3.935486875,3.91458875,6.3852,6.711580625,6.548390313,5.192526875,5.508776625,5.35065175,0.42081175,0.441408875,0.431110313
10/13/2008,3.9587125,3.971309524,3.965011012,6.676451875,6.9269725,6.801712188,5.311410429,5.4986825,5.405046464,0.43513775,0.45309575,0.44411675
10/14/2008,3.849046875,3.878850833,3.863948854,6.716950714,6.982503929,6.849727321,5.2566965,5.450933,5.35381475,0.435955875,0.454773,0.445364438
10/15/2008,3.797791875,3.818726667,3.808259271,6.575357321,6.835371429,6.705364375,5.132597,5.325551375,5.229074188,0.422186875,0.44467175,0.433429313
10/16/2008,4.092500208,4.123409792,4.107955,6.798128393,7.028996071,6.913562232,5.318173375,5.503182857,5.410678116,0.4047005,0.426074875,0.415387688
10/17/2008,4.198194167,4.240538333,4.21936625,7.080748571,7.3444925,7.212620536,5.513501375,5.71106375,5.612282563,0.42278225,0.44392425,0.43335325
10/20/2008,4.20171875,4.230892857,4.216305804,7.1817225,7.45371875,7.317720625,5.55838025,5.752387375,5.655383813,0.4292785,0.450679375,0.439978938
10/21/2008,4.218886429,4.267222292,4.24305436,7.19476875,7.490075,7.342421875,5.572655375,5.748822625,5.660739,0.4275175,0.44782175,0.437669625
10/22/2008,4.344335,4.358297292,4.351316146,6.964153125,7.27480125,7.119477188,5.4975435,5.708499125,5.603021313,0.410540875,0.430907,0.420723938
10/23/2008,4.427678571,4.448863571,4.438271071,7.055913125,7.3680575,7.211985313,5.57012125,5.7815435,5.675832375,0.40150525,0.42292775,0.4122165
10/24/2008,4.427678571,4.448863571,4.438271071,7.055913125,7.3680575,7.211985313,5.57012125,5.7815435,5.675832375,0.40150525,0.42292775,0.4122165
10/27/2008,4.569228125,4.600893333,4.585060729,6.994905536,7.343023125,7.16896433,5.6379705,5.871569571,5.754770036,0.41330375,0.4347065,0.424005125
10/28/2008,4.676017857,4.712333333,4.694175595,7.164076875,7.474839375,7.319458125,5.752723,5.975322875,5.864022938,0.4396965,0.462056125,0.450876313
10/29/2008,4.678176875,4.705864375,4.692020625,7.321421875,7.648655625,7.48503875,5.834925875,6.045916429,5.940421152,0.455839875,0.477362875,0.466601375
10/30/2008,4.678176875,4.705864375,4.692020625,7.321421875,7.648655625,7.48503875,5.834925875,6.045916429,5.940421152,0.455839875,0.477362875,0.466601375
10/31/2008,4.56838875,4.64821,4.608299375,7.4154,7.77855375,7.596976875,5.799753875,6.034796286,5.91727508,0.4606065,0.49004775,0.475327125
11/3/2008,3.836234375,3.966645625,3.90144,6.12675125,6.581793125,6.354272188,5.023837375,5.289054125,5.15644575,0.405804,0.437153875,0.421478938
11/4/2008,3.94331625,4.036666667,3.989991458,6.1739525,6.568584375,6.371268438,5.022201,5.304836125,5.163518563,0.409789375,0.438405375,0.424097375
11/5/2008,3.848395625,3.8644875,3.856441563,6.0521025,6.422040714,6.237071607,4.95614725,5.196157143,5.076152196,0.40952375,0.4341495,0.421836625
11/6/2008,3.910069375,3.932869375,3.921469375,6.054621429,6.414375,6.234498214,4.971218875,5.209407857,5.090313366,0.4053125,0.436307875,0.420810188
11/7/2008,3.913310625,3.938443125,3.925876875,6.023740625,6.377334375,6.2005375,4.94627975,5.17022835,5.05825405,0.399314625,0.423313625,0.411314125
11/10/2008,3.920770625,3.936041667,3.928406146,6.0657475,6.435968125,6.250857813,4.940956,5.164147714,5.052551857,0.40476325,0.429236375,0.416999813
11/11/2008,3.940625,3.965357143,3.952991071,6.034085,6.404221875,6.219153438,4.918261125,5.124812429,5.021536777,0.400340375,0.4230855,0.411712938
11/12/2008,4.058216875,4.082812292,4.070514583,6.106205625,6.421885,6.264045313,4.970368125,5.185815143,5.078091634,0.405709875,0.4283915,0.417050688
11/13/2008,4.258520714,4.279645833,4.269083274,6.115125,6.41696,6.2660425,7.864735375,5.324207429,6.594471402,0.41044625,0.43408575,0.422266
11/14/2008,4.35521375,4.465908125,4.410560938,6.28977375,6.60549875,6.44763625,5.277565625,5.535686375,5.406626,0.42693025,0.451925125,0.439427688
11/17/2008,4.49798625,4.552227708,4.525106979,6.38858,6.737015,6.5627975,5.35938825,5.657142625,5.508265438,0.438666125,0.460362375,0.44951425
11/18/2008,4.463643125,4.514061875,4.4888525,6.5717475,6.887349375,6.729548438,5.50354025,5.742146625,5.622843438,0.442246375,0.4667845,0.454515438
11/19/2008,4.4901875,4.540943958,4.515565729,6.559101875,6.880255625,6.71967875,5.43662275,5.7308865,5.583754625,0.439206625,0.461812625,0.450509625
11/20/2008,4.532678571,4.555714286,4.544196429,6.605355,6.93718875,6.771271875,5.494173,5.736764625,5.615468813,0.43233125,0.456802875,0.444567063
11/21/2008,4.57325,4.58875,4.581,6.609445625,6.877869375,6.7436575,5.5343035,5.779290375,5.656796938,0.431229714,0.452442429,0.441836071
11/24/2008,4.52800375,4.551979524,4.539991637,6.657138125,7.00096875,6.829053438,5.587357625,5.825992625,5.706675125,0.439278571,0.458262429,0.4487705
11/25/2008,4.496104375,4.52046881,4.508286592,6.588923125,6.96711,6.778016563,5.552179875,5.837981286,5.69508058,0.449508,0.469651,0.4595795
11/26/2008,4.495625,4.515654762,4.505639881,6.765429375,7.064656875,6.915043125,5.596327857,5.873578625,5.734953241,0.451861571,0.475418286,0.463639929
11/27/2008,4.485625,4.502738095,4.494181548,6.773664375,7.08003,6.926847188,5.586181375,5.851797875,5.718989625,0.453521857,0.473232286,0.463377071
11/28/2008,4.522012917,4.54952381,4.535768363,6.78093125,7.087355625,6.934143438,5.58520325,5.836276429,5.710739839,0.453454286,0.474152,0.463803143
12/1/2008,4.499625,4.519880714,4.509752857,6.74292875,7.037946875,6.890437813,5.509336625,5.768362286,5.638849455,0.448629143,0.441503714,0.445066429
12/2/2008,4.579062292,4.604583333,4.591822813,6.646639375,6.96188125,6.804260313,5.58321175,5.80467675,5.69394425,0.441712375,0.463449375,0.452580875
12/3/2008,4.650208333,4.6674125,4.658810417,6.730214375,7.04767375,6.888944063,5.682183875,5.90465425,5.793419063,0.450983375,0.47290775,0.461945563
12/4/2008,4.746875,4.773020625,4.759947813,6.815193036,7.1103375,6.962765268,5.7620855,6.021179571,5.891632536,0.461917625,0.484901875,0.47340975
12/5/2008,4.717596875,4.762263542,4.739930208,6.81798125,7.138305,6.978143125,5.828909714,6.0679815,5.948445607,0.464420625,0.484719125,0.474569875
12/8/2008,4.8425,4.880019444,4.861259722,6.923079583,7.24967,7.086374792,5.932872778,6.606558571,6.269715675,0.466191889,0.487038778,0.476615333
12/9/2008,4.843680556,4.863541667,4.853611111,7.045836806,7.351054583,7.198445694,6.017126333,6.688404143,6.352765238,0.474578222,0.495919444,0.485248833
12/10/2008,4.893936667,4.922222222,4.908079444,7.060025,7.378972083,7.219498542,6.081689778,6.763207571,6.422448675,0.477073444,0.498516667,0.487795056
12/11/2008,4.97214,5.01373,4.99294,7.23124,7.55288,7.39206,6.24574,6.9215,6.58362,0.48749,0.50977,0.49863
12/12/2008,5.100017222,5.199504444,5.149760833,7.442161528,7.777404167,7.609782847,6.507686111,6.753719778,6.630702944,0.497934222,0.517529556,0.507731889
12/15/2008,5.062735,5.2508,5.1567675,7.63033325,7.907600194,7.768966722,6.662897893,6.908147893,6.785522893,0.505068503,0.527873169,0.516470836
12/16/2008,5.061870556,5.25325,5.157560278,7.71729845,8.040663033,7.878980742,6.752140883,6.995025106,6.873582994,0.502695595,0.525490151,0.514092873
12/17/2008,4.982162222,5.161997222,5.072079722,7.730283127,8.067081877,7.898682502,6.814089711,7.046544823,6.930317267,0.500266975,0.523297975,0.511782475
12/18/2008,4.975769444,5.158473889,5.067121667,7.670286423,7.997115728,7.833701076,6.951180112,6.802118557,6.876649334,0.509492628,0.532839406,0.521166017
12/19/2008,4.784505556,5.005451667,4.894978611,7.220969272,7.601981355,7.411475313,6.629125551,6.911927884,6.770526718,0.498152894,0.523755561,0.510954228
12/22/2008,4.753608889,4.944277778,4.848943333,7.058313044,7.355573739,7.206943392,6.468169032,6.721768476,6.594968754,0.495666282,0.518054616,0.506860449
12/23/2008,4.743483889,4.926367222,4.834925556,6.999123053,7.311229859,7.155176456,6.4644844,6.725312289,6.594898344,0.496155494,0.514988605,0.50557205
12/24/2008,4.763291111,4.944787778,4.854039444,7.007518196,7.316502779,7.162010487,6.478750852,6.737011518,6.607881185,0.495326097,0.519288319,0.507307208
12/25/2008,4.781472222,4.979213333,4.880342778,7.033446393,7.353927088,7.193686741,6.5449072,6.8076751,6.67629115,0.493832943,0.519761721,0.506797332
12/26/2008,4.808458333,4.984537222,4.896497778,7.031965755,7.341834228,7.186899991,6.615109554,6.879238665,6.747174109,0.499324456,0.5254369,0.512380678
12/29/2008,4.808458333,4.984537222,4.896497778,7.031965755,7.341834228,7.186899991,6.615109554,6.879238665,6.747174109,0.499324456,0.5254369,0.512380678
12/30/2008,4.794844444,4.973166667,4.884005556,6.919555417,7.231387361,7.075471389,6.564369222,6.817821111,6.691095167,0.506545333,0.530136889,0.518341111
12/31/2008,4.782960556,4.94181,4.862385278,6.876128168,7.182683723,7.029405946,6.532946647,6.770360978,6.651653813,0.508874388,0.53519861,0.522036499
1/1/2009,4.782960556,4.94181,4.862385278,6.876128168,7.182683723,7.029405946,6.532946647,6.770360978,6.651653813,0.508874388,0.53519861,0.522036499
1/2/2009,4.729557778,4.895121111,4.812339444,6.878963472,7.171415972,7.025189722,6.400467778,6.6452655,6.522866639,0.501222111,0.526206889,0.5137145
1/5/2009,4.762930556,4.9328,4.847865278,6.891295371,7.178016204,7.034655788,6.428450394,7.112596818,6.770523606,0.504488937,0.528588937,0.516538937
1/6/2009,4.787829444,4.957596111,4.872712778,6.93066735,7.243326378,7.086996864,6.314819022,6.557072025,6.435945524,0.51138295,0.53361395,0.52249845
1/7/2009,4.874791667,4.90625,4.890520833,7.120805821,7.397152744,7.258979282,6.424140744,6.655064315,6.53960253,0.511417491,0.535468205,0.523442848
1/8/2009,4.503333333,4.519583333,4.511458333,7.242157559,7.534637559,7.388397559,6.464304935,6.674547623,6.569426279,0.503565419,0.527123276,0.515344348
1/9/2009,4.960384615,4.975,4.967692308,7.316950204,7.604431742,7.460690973,6.507237411,6.715953125,6.611595268,0.503009736,0.524894022,0.513951879
1/12/2009,4.95859,4.978125,4.9683575,7.300966328,7.565622482,7.433294405,6.431926489,6.635080835,6.533503662,0.495290152,0.517295152,0.506292652
1/13/2009,4.56,4.580128462,4.570064231,7.175783877,7.458946954,7.317365415,6.375542721,6.581373436,6.478458079,0.487230446,0.508516875,0.497873661
1/14/2009,4.944583333,4.963636364,4.954109848,7.056899217,7.334040755,7.195469986,6.330605366,6.544069651,6.437337509,0.490429881,0.51220131,0.501315596
1/15/2009,5.0134725,5.038095,5.02578375,7.120613585,7.385665123,7.253139354,6.347279968,6.553952111,6.450616039,0.486579388,0.507244388,0.496911888
1/16/2009,5.410416667,5.488987273,5.44970197,7.292727185,7.5491618,7.420944492,6.413410519,6.62604409,6.519727304,0.497701079,0.519835365,0.508768222
1/19/2009,5.002727273,5.019029,5.010878136,7.276640576,7.538714422,7.407677499,6.425934822,6.624672116,6.525303469,0.496278029,0.517760172,0.5070191
1/20/2009,5.06033,5.089326667,5.074828333,7.088173452,7.33209576,7.210134606,6.382469961,7.094963805,6.738716883,0.491770409,0.510375409,0.501072909
1/21/2009,5.086190833,5.113493333,5.099842083,6.908133274,7.196305582,7.052219428,6.34151901,6.547144724,6.444331867,0.487540458,0.508376886,0.497958672
1/22/2009,5.12859,5.140823333,5.134706667,6.978582355,7.248696202,7.113639278,6.441826194,6.640783337,6.541304766,0.503230662,0.523223519,0.513227091
1/23/2009,5.092766154,5.104992727,5.098879441,6.928949123,7.178378354,7.053663738,6.383464858,6.595610225,6.489537541,0.499021283,0.519179855,0.509100569
1/26/2009,4.762930556,4.9328,4.847865278,6.891295371,7.178016204,7.034655788,6.428450394,7.112596818,6.770523606,0.504488937,0.528588937,0.516538937
1/27/2009,4.787829444,4.957596111,4.872712778,6.93066735,7.243326378,7.086996864,6.314819022,6.557072025,6.435945524,0.51138295,0.53361395,0.52249845
1/28/2009,4.874791667,4.90625,4.890520833,7.120805821,7.397152744,7.258979282,6.424140744,6.655064315,6.53960253,0.511417491,0.535468205,0.523442848
1/29/2009,4.503333333,4.519583333,4.511458333,7.242157559,7.534637559,7.388397559,6.464304935,6.674547623,6.569426279,0.503565419,0.527123276,0.515344348
1/30/2009,4.960384615,4.975,4.967692308,7.316950204,7.604431742,7.460690973,6.507237411,6.715953125,6.611595268,0.503009736,0.524894022,0.513951879
2/2/2009,5.142062727,5.1569,5.149481364,7.234256158,7.456739235,7.345497696,6.345307739,6.536829103,6.441068421,0.497232052,0.515678481,0.506455266
2/3/2009,5.159244545,5.172008182,5.165626364,7.196817155,7.44429122,7.320554188,6.407728083,6.599139511,6.503433797,0.500151131,0.519718274,0.509934702
2/4/2009,5.159724167,5.177924167,5.168824167,7.288773077,7.526024615,7.407398846,6.486057541,6.692396112,6.589226826,0.505359067,0.524546924,0.514952996
2/5/2009,5.1780575,5.1960075,5.1870325,7.299575058,7.551534288,7.425554673,6.359282264,6.630772264,6.495027264,0.505646861,0.526573289,0.516110075
2/6/2009,5.18691,5.213059167,5.199984583,7.44623,7.684274615,7.565252308,6.432028571,6.620327692,6.526178132,0.514163571,0.536487857,0.525325714
2/9/2009,5.182320833,5.202336667,5.19232875,7.498263192,7.7468955,7.622579346,6.477595525,6.656364411,6.566979968,0.52034101,0.543737438,0.532039224
2/10/2009,5.213435,5.232835,5.223135,7.581933896,7.825287742,7.703610819,6.480657063,6.582570634,6.531613848,0.527142531,0.548473959,0.537808245
2/11/2009,5.253001667,5.276136667,5.264569167,7.427371315,7.693949776,7.560660545,6.536429846,6.725242911,6.630836378,0.512357996,0.54103871,0.526698353
2/12/2009,5.3316675,5.349686667,5.340677083,7.449478796,7.691991873,7.570735335,6.587966997,6.744441997,6.666204497,0.52193685,0.543159707,0.532548279
2/13/2009,5.444182308,5.490544167,5.467363237,7.623082908,7.933401369,7.778242138,6.7542818,6.980120371,6.867201086,0.53330886,0.556346717,0.544827789
2/16/2009,5.577692308,5.600833333,5.589262821,7.702302025,8.012594333,7.857448179,6.830160633,7.124364204,6.977262419,0.541996016,0.562311731,0.552153873
2/17/2009,5.645769231,5.659166667,5.652467949,7.860713933,8.097602092,7.979158013,6.993757778,7.227209914,7.110483846,0.543516301,0.567314158,0.555415229
2/18/2009,5.580769231,5.625416667,5.603092949,7.936578553,8.196300091,8.066439322,7.040359216,7.324694541,7.182526879,0.545569344,0.568782915,0.55717613
2/19/2009,5.496631538,5.523044167,5.509837853,7.761077712,8.019982327,7.890530019,6.86807397,7.182975045,7.025524507,0.536186753,0.559226038,0.547706395
2/20/2009,5.495166667,5.507916667,5.501541667,7.722108444,7.982019213,7.852063829,6.847091643,7.159464846,7.003278245,0.533803334,0.557171905,0.54548762
2/23/2009,5.5240625,5.5447225,5.5343925,7.849346625,8.120054577,7.984700601,6.975072629,7.2103562,7.092714414,0.541490369,0.563758941,0.552624655
2/24/2009,5.586110833,5.603875,5.594992917,7.914633386,8.184507741,8.049570563,6.97285705,7.209778479,7.091317764,0.54258017,0.564968742,0.553774456
2/25/2009,5.591833333,5.607058333,5.599445833,7.957848687,8.22910561,8.093477148,7.058130894,7.29153518,7.174833037,0.550600234,0.573205234,0.561902734
2/26/2009,5.6,5.613943636,5.606971818,7.836068898,8.097506591,7.966787745,7.020568143,7.233831,7.127199571,0.55010297,0.573035113,0.561569042
2/27/2009,6.092639167,5.638454545,5.865546856,7.845557183,8.112515644,7.979036413,7.013934123,6.70755198,6.860743051,0.551819657,0.5740468,0.562933228
3/2/2009,5.700961538,5.713208333,5.707084936,7.880931123,8.1581442,8.019537662,7.016165644,7.246385644,7.131275644,0.540987817,0.564716388,0.552852103
3/3/2009,5.601346154,5.641666667,5.62150641,7.735484238,8.067625777,7.901555007,6.993959236,7.234313522,7.114136379,0.540934454,0.565238739,0.553086597
3/4/2009,5.601363636,5.6185,5.609931818,7.740862315,7.979785214,7.860323765,6.847348704,7.144884758,6.996116731,0.524238285,0.545554714,0.5348965
3/5/2009,5.58,5.601923,5.5909615,7.770956109,8.023742562,7.897349336,6.932276012,7.157960321,7.045118166,0.528673283,0.550163283,0.539418283
3/6/2009,5.553598333,5.580991818,5.567295076,7.752604167,8.0522375,7.902420833,6.934736667,7.180113333,7.057425,0.521689231,0.548113077,0.534901154
3/9/2009,5.553598333,5.580991818,5.567295076,7.752604167,8.0522375,7.902420833,6.934736667,7.180113333,7.057425,0.521689231,0.548113077,0.534901154
3/10/2009,5.128541667,5.61625,5.372395833,7.583527222,7.778840513,7.681183867,6.981981012,7.213164167,7.09757259,0.524738739,0.546804454,0.535771597
3/11/2009,5.157604167,5.17125,5.164427083,7.579960262,7.836462569,7.708211415,7.012072927,7.248582383,7.130327655,0.532660207,0.556493779,0.544576993
3/12/2009,5.157604167,5.17125,5.164427083,7.579960262,7.836462569,7.708211415,7.012072927,7.248582383,7.130327655,0.532660207,0.556493779,0.544576993
3/13/2009,5.617029231,5.6352625,5.626145865,7.661818829,7.924071137,7.792944983,7.104275594,7.350658451,7.227467023,0.548766548,0.572594406,0.560680477
3/16/2009,5.652651667,5.666212727,5.659432197,7.769375318,8.020772602,7.89507396,7.153876221,7.359885931,7.256881076,0.55175908,0.57452908,0.56314408
3/17/2009,5.641883846,5.657154167,5.649519006,7.801211433,8.067707477,7.934459455,7.198202529,7.439408243,7.318805386,0.556293088,0.582003088,0.569148088
3/18/2009,5.676449167,5.691566667,5.684007917,7.782823744,8.039814225,7.911318984,7.225553184,7.445774613,7.335663899,0.557002998,0.582439426,0.569721212
3/19/2009,5.649859231,5.665404167,5.657631699,7.870468977,8.162224362,8.016346669,7.452711809,7.696625655,7.574668732,0.569079079,0.594276936,0.581678007
3/20/2009,5.575368462,5.592940833,5.584154647,7.913714897,8.187207205,8.050461051,7.450481891,7.659792806,7.555137349,0.562728628,0.588995057,0.575861843
3/23/2009,5.510115,5.56096,5.5355375,7.895099339,8.172041647,8.033570493,7.41957989,7.639445705,7.529512798,0.56551013,0.589642273,0.577576201
3/24/2009,5.48971,5.5049275,5.49731875,7.90554081,8.183010747,8.044275778,7.338467749,7.571409891,7.45493882,0.566937161,0.592845018,0.57989109
3/25/2009,5.556323333,5.600531667,5.5784275,7.943871988,8.221785834,8.082828911,7.313041613,7.550956613,7.431999113,0.563089563,0.58881742,0.575953492
3/26/2009,5.527461667,5.550213333,5.5388375,7.949975548,8.221984352,8.08597995,7.370983646,7.600591618,7.485787632,0.569637658,0.595863372,0.582750515
3/27/2009,5.535255833,5.554511667,5.54488375,7.854025117,8.148820877,8.001422997,7.347680319,7.610583705,7.479132012,0.567843042,0.593935185,0.580889114
3/30/2009,5.573405455,5.594231667,5.583818561,7.753141547,7.974152197,7.863646872,7.222644951,7.033564562,7.128104756,0.557397441,0.582486012,0.569941726
3/31/2009,5.587354167,5.603099167,5.595226667,7.821867817,8.075257985,7.948562901,7.260975337,7.499510337,7.380242837,0.564701816,0.589036102,0.576868959
4/1/2009,5.592291818,5.61132,5.601805909,7.858394384,8.117700969,7.988047676,7.263917915,7.496191761,7.380054838,0.571879728,0.595634033,0.58375688
4/2/2009,5.620141538,5.64401,5.632075769,7.983687329,8.261205021,8.122446175,7.312828878,7.546564593,7.429696736,0.58166978,0.609346208,0.595507994
4/3/2009,5.692145833,5.713263333,5.702704583,8.219628992,8.500505992,8.360067492,7.483729193,7.717083746,7.60040647,0.606802063,0.629211349,0.618006706
4/6/2009,5.653186154,5.676940833,5.665063494,8.23897991,8.516896064,8.377937987,7.483392585,7.705688938,7.594540761,0.607211001,0.633093858,0.62015243
4/7/2009,5.665416667,5.680645455,5.673031061,8.185320298,8.461211068,8.323265683,7.423585471,7.662729757,7.543157614,0.603433739,0.627998025,0.615715882
4/8/2009,5.626165385,5.648323333,5.637244359,8.134252756,8.404670448,8.269461602,7.318367673,7.539251519,7.428809596,0.595276622,0.619925908,0.607601265
4/9/2009,5.613278462,5.646542308,5.629910385,8.148291987,8.39977891,8.274035448,7.347957125,7.554214596,7.451085861,0.601603765,0.624650908,0.613127337
4/10/2009,5.613278462,5.646542308,5.629910385,8.148291987,8.39977891,8.274035448,7.347957125,7.554214596,7.451085861,0.601603765,0.624650908,0.613127337
4/13/2009,5.613278462,5.646542308,5.629910385,8.148291987,8.39977891,8.274035448,7.347957125,7.554214596,7.451085861,0.601603765,0.624650908,0.613127337
4/14/2009,5.610746154,5.643201538,5.626973846,8.168806251,8.443130097,8.305968174,7.324828796,7.559196654,7.442012725,0.602078571,0.627736428,0.614907499
4/15/2009,5.6775,5.701415455,5.689457727,8.25436425,8.533764693,8.394064472,7.328780918,7.570280219,7.449530569,0.60033124,0.625833383,0.613082311
4/16/2009,5.681109167,5.6951525,5.688130833,8.249284084,8.532809154,8.391046619,7.408258436,7.643180579,7.525719507,0.60357018,0.627658037,0.615614108
4/17/2009,5.675833333,5.699333333,5.687583333,8.179685892,8.463575123,8.321630507,7.379783589,7.620100788,7.499942189,0.615394501,0.64063093,0.628012715
4/20/2009,5.670766923,5.711260833,5.691013878,7.617749818,8.475367303,8.04655856,7.240395668,7.465872258,7.353133963,0.614701468,0.640599325,0.627650397
4/21/2009,5.711068182,5.723925,5.717496591,8.1385669,8.419569977,8.279068438,7.300946416,7.448518448,7.374732432,0.610593599,0.635238599,0.622916099
4/22/2009,5.7238775,5.74192,5.73289875,8.232955231,8.497676769,8.365316,7.27303469,7.49598469,7.38450969,0.616631595,0.643831595,0.630231595
4/23/2009,5.707814615,5.736438333,5.722126474,8.195125721,8.467665721,8.331395721,7.304761617,7.529825903,7.41729376,0.623038007,0.648059435,0.635548721
4/24/2009,5.660934615,5.675896667,5.668415641,8.189668542,8.458251731,8.323960136,7.332603829,7.548315662,7.440459745,0.620783633,0.647292919,0.634038276
4/27/2009,5.61558,5.642556667,5.629068333,8.106526258,8.388308084,8.247417171,7.27881621,7.507837639,7.393326924,0.619658261,0.64667469,0.633166475
4/28/2009,5.608110833,5.62317,5.615640417,8.049115495,8.341332418,8.195223957,7.191401994,7.408903423,7.300152709,0.618877364,0.645152364,0.632014864
4/29/2009,5.616320833,5.630312727,5.62331678,8.125976723,8.414399031,8.270187877,7.271728294,7.488918932,7.380323613,0.631745412,0.657404698,0.644575055
4/30/2009,5.593505833,5.611051667,5.60227875,8.179719428,8.472671735,8.326195582,7.33017304,7.542615582,7.436394311,0.63281529,0.659362433,0.646088862
5/1/2009,5.593505833,5.611051667,5.60227875,8.179719428,8.472671735,8.326195582,7.33017304,7.542615582,7.436394311,0.63281529,0.659362433,0.646088862
5/4/2009,5.457692308,5.4811375,5.469414904,8.044238603,8.32823168,8.186235142,7.167294851,7.38688984,7.277092346,0.634265552,0.66070198,0.647483766
5/5/2009,5.298690769,5.349401667,5.324046218,7.941146892,8.255566123,8.098356508,7.053657729,7.290289092,7.17197341,0.627011423,0.655654995,0.641333209
5/6/2009,5.252463846,5.30116,5.276811923,7.798721668,8.095380898,7.947051283,6.918830205,7.146840205,7.032835205,0.606160178,0.636554464,0.621357321
5/7/2009,5.149603846,5.185766667,5.167685256,7.746827331,8.041701946,7.894264638,6.84884612,7.08553736,6.96719174,0.608846973,0.635497688,0.62217233
5/8/2009,5.111403077,5.141686667,5.126544872,7.654163804,7.929742265,7.791953035,6.748464,7.061260923,6.904862462,0.602459491,0.628574491,0.615516991
5/11/2009,5.122170909,5.137425833,5.129798371,7.613428835,7.908611912,7.761020374,6.887303785,7.106993015,6.9971484,0.598664761,0.625509046,0.612086903
5/12/2009,5.13583,5.151558333,5.143694167,7.641845046,7.921823508,7.781834277,6.901374663,7.142568949,7.021971806,0.592916611,0.619915896,0.606416254
5/13/2009,5.195416667,5.216458333,5.2059375,7.709540246,8.001473323,7.855506785,6.928110852,7.179895077,7.054002965,0.597344081,0.620958367,0.609151224
5/14/2009,5.343390769,5.380416667,5.361903718,7.862758154,8.162545846,8.012652,7.104195231,7.362362374,7.233278803,0.606315695,0.636076409,0.621196052
5/15/2009,5.220033846,5.259558333,5.23979609,7.873146034,8.18466987,8.028907952,7.047353249,7.29290182,7.170127534,0.603959874,0.632281302,0.618120588
5/18/2009,5.193040833,5.2319,5.212470417,7.810443312,8.107496389,7.958969851,6.939821521,7.18917295,7.064497236,0.589775307,0.616271736,0.603023522
5/19/2009,5.153268462,5.176575,5.164921731,7.813444423,8.113032885,7.963238654,6.916803354,7.153582073,7.035192713,0.591837057,0.6186392,0.605238129
5/20/2009,5.097529231,5.131505833,5.114517532,7.824302623,8.142241085,7.983271854,6.904860623,7.149339132,7.027099878,0.593152421,0.620001706,0.606577064
5/21/2009,5.093703333,5.121155,5.107429167,7.868427978,8.184211979,8.026319978,6.911305869,7.15688444,7.034095154,0.594458053,0.62164591,0.608051981
5/22/2009,5.079166667,5.104135833,5.09165125,7.9157445,8.210865692,8.063305096,6.961483754,7.18990712,7.075695437,0.596476435,0.623080007,0.609778221
5/25/2009,5.079166667,5.104135833,5.09165125,7.9157445,8.210865692,8.063305096,6.961483754,7.18990712,7.075695437,0.596476435,0.623080007,0.609778221
5/26/2009,5.077248333,5.093364545,5.085306439,7.929343462,8.242514231,8.085928846,6.981946821,7.218433964,7.100190393,0.596973809,0.622968809,0.609971309
5/27/2009,5.106537273,5.125126667,5.11583197,7.966481923,8.267095417,8.11678867,6.981931097,7.219744669,7.100837883,0.599357086,0.624220658,0.611788872
5/28/2009,5.157734167,5.1863675,5.172050833,8.025190237,8.307817929,8.166504083,6.982426737,7.207883166,7.095154951,0.607883789,0.635359504,0.621621647
5/29/2009,5.105650833,5.1513675,5.128509167,8.108503757,8.391649911,8.250076834,7.07598,7.276634286,7.176307143,0.625657684,0.651205541,0.638431613
6/1/2009,5.0465225,5.0640125,5.0552675,8.076617226,8.386592611,8.231604918,7.049171005,7.400535698,7.224853351,0.617620621,0.647792763,0.632706692
6/2/2009,4.95247,4.9886875,4.97057875,8.080169083,8.369561391,8.224865237,6.988356964,7.20282125,7.095589107,0.60581391,0.634957482,0.620385696
6/3/2009,4.955384615,4.983238333,4.969311474,8.102170842,8.409425458,8.25579815,7.0016549,7.214951823,7.108303362,0.604077864,0.632162864,0.618120364
6/4/2009,4.948514167,4.967799091,4.958156629,7.948426085,8.291354546,8.119890315,6.944699842,7.175966282,7.060333062,0.599297312,0.627008026,0.613152669
6/5/2009,4.951866364,4.972514545,4.962190455,7.823941935,8.138758088,7.981350012,6.918549365,7.158345839,7.038447602,0.600782129,0.6270057,0.613893914
6/8/2009,4.951666667,4.975416667,4.963541667,7.711010769,8.051482308,7.881246538,6.826397143,7.060579231,6.943488187,0.596913571,0.624362143,0.610637857
6/9/2009,5.001338462,5.035769167,5.018553814,7.860443333,8.146623077,8.003533205,6.829929286,7.057813571,6.943871429,0.555342857,0.622182143,0.5887625
6/10/2009,5.054615385,5.074805455,5.06471042,8.09696546,8.387331748,8.242148604,6.99332393,7.215894232,7.104609081,0.608530687,0.635425687,0.621978187
6/11/2009,5.052947692,5.072343333,5.062645513,8.1256761,8.415722254,8.270699177,6.979995701,7.204744272,7.092369986,0.608515068,0.63438364,0.621449354
6/12/2009,4.990692308,5.00825,4.999471154,8.113409389,8.409230975,8.261320182,6.953427039,7.171441427,7.062434233,0.609616161,0.635374733,0.622495447
6/15/2009,4.951980769,4.973083333,4.962532051,7.980910619,8.260908312,8.120909465,6.828501439,7.03625001,6.932375724,0.598109467,0.625330895,0.611720181
6/16/2009,5.012333333,5.038923077,5.025628205,7.735039523,8.259931831,7.997485677,6.789518633,7.036743912,6.913131273,0.600515552,0.627256766,0.613886159
6/17/2009,5.025833333,5.04875,5.037291667,8.086054169,8.396858785,8.241456477,6.892346743,7.125572646,7.008959695,0.608434819,0.63381339,0.621124104
6/18/2009,5.0425,5.060909091,5.051704545,8.057618335,8.355889104,8.206753719,6.914337849,7.142469992,7.02840392,0.605939715,0.632954715,0.619447215
6/19/2009,4.64,4.655833333,4.647916667,8.073878527,8.373130835,8.223504681,6.926831903,7.159588331,7.043210117,0.60270041,0.629372552,0.616036481
6/22/2009,4.951980769,4.973083333,4.962532051,7.980910619,8.260908312,8.120909465,6.828501439,7.03625001,6.932375724,0.598109467,0.625330895,0.611720181
6/23/2009,5.012333333,5.038923077,5.025628205,7.735039523,8.259931831,7.997485677,6.789518633,7.036743912,6.913131273,0.600515552,0.627256766,0.613886159
6/24/2009,5.025833333,5.04875,5.037291667,8.086054169,8.396858785,8.241456477,6.892346743,7.125572646,7.008959695,0.608434819,0.63381339,0.621124104
6/25/2009,5.0425,5.060909091,5.051704545,8.057618335,8.355889104,8.206753719,6.914337849,7.142469992,7.02840392,0.605939715,0.632954715,0.619447215
6/26/2009,4.64,4.655833333,4.647916667,8.073878527,8.373130835,8.223504681,6.926831903,7.159588331,7.043210117,0.60270041,0.629372552,0.616036481
6/29/2009,5.16125,5.1836175,5.17243375,8.183347008,8.500406238,8.341876623,6.984365556,7.212356984,7.09836127,0.609308229,0.635464657,0.622386443
6/30/2009,5.224583333,5.249450833,5.237017083,8.309282002,8.616476169,8.462879085,7.123151759,7.337399587,7.230275673,0.615817416,0.642139558,0.628978487
7/1/2009,5.181363636,5.197964167,5.189663902,8.330466558,8.633267327,8.481866942,7.149479965,7.385707822,7.267593894,0.644592465,0.67207318,0.658332823
7/2/2009,5.176605455,5.190111667,5.183358561,8.320901615,8.616032385,8.468467,7.159487484,7.381505752,7.270496618,0.640506842,0.668453985,0.654480413
7/3/2009,5.155417273,5.178995455,5.167206364,8.309702704,8.589252704,8.449477704,7.106135831,7.349085117,7.227610474,0.635685639,0.664930639,0.650308139
7/8/2009,5.229498333,5.260630833,5.245064583,8.204003558,8.509812788,8.356908173,7.109158828,7.317211046,7.213184937,0.62352765,0.650301935,0.636914792
7/9/2009,5.183985,5.287050909,5.235517955,8.235992896,8.526237512,8.381115204,7.121006304,7.347641304,7.234323804,0.620016898,0.646695469,0.633356183
7/10/2009,5.156153846,5.181363636,5.168758741,8.235174385,8.55988725,8.397530817,7.075341057,7.324597292,7.199969174,0.615390441,0.644151244,0.629770843
7/13/2009,5.205769231,5.233333333,5.219551282,8.192252085,8.507204758,8.349728421,7.090329225,7.350066088,7.220197657,0.609358728,0.638218631,0.62378868
7/14/2009,5.172100769,5.199245,5.185672885,8.286195517,8.582101246,8.434148381,7.138534593,7.367554593,7.253044593,0.623921928,0.647783357,0.635852643
7/13/2009,5.205769231,5.233333333,5.219551282,8.192252085,8.507204758,8.349728421,7.090329225,7.350066088,7.220197657,0.609358728,0.638218631,0.62378868
7/14/2009,5.172100769,5.199245,5.185672885,8.286195517,8.582101246,8.434148381,7.138534593,7.367554593,7.253044593,0.623921928,0.647783357,0.635852643
7/15/2009,5.15885,5.18541,5.17213,8.288246975,8.581881054,8.435064014,7.129940396,7.349029627,7.239485012,0.618746799,0.645421084,0.632083941
7/16/2009,5.122681538,5.139145833,5.130913686,8.264783404,8.565277758,8.415030581,7.124477076,7.334391466,7.229434271,0.618750147,0.643925861,0.631338004
7/17/2009,5.114923077,5.139084167,5.127003622,8.217034615,8.512029923,8.364532269,7.110805714,7.339092857,7.224949286,0.6188,0.645012857,0.631906429
7/20/2009,5.107951538,5.128261667,5.118106603,8.199173107,8.491722338,8.345447722,7.105861514,7.337787834,7.221824674,0.622867446,0.648061732,0.635464589
7/21/2009,5.113133077,5.132325833,5.122729455,8.279509612,8.554975765,8.417242688,7.137756771,7.3563682,7.247062486,0.632896307,0.658829164,0.645862736
7/22/2009,5.108536667,5.133449167,5.120992917,8.208698333,8.498765385,8.353731859,7.129139361,7.349646235,7.239392798,0.636409179,0.662957037,0.649683108
7/23/2009,5.095531667,5.114903333,5.1052175,8.264152383,8.55676143,8.410456906,7.146202299,7.368526322,7.25736431,0.64553589,0.672520176,0.659028033
7/24/2009,5.0798475,5.098285,5.08906625,8.225552013,8.524598936,8.375075474,7.108754286,7.325128571,7.216941429,0.639735763,0.666923922,0.653329842
7/27/2009,5.0755025,5.096596364,5.086049432,8.20413068,8.50886991,8.356500295,7.097738929,7.326014231,7.21187658,0.637814733,0.664536162,0.651175448
7/28/2009,5.069848333,5.083725833,5.076787083,8.222115695,8.517324488,8.369720092,7.104039286,7.336315,7.220177143,0.636003242,0.663927528,0.649965385
7/29/2009,5.086915833,5.1099925,5.098454167,8.152353442,8.430117288,8.291235365,7.0551838,7.295521657,7.175352729,0.62667853,0.653657815,0.640168172
7/30/2009,5.073333333,5.113636364,5.093484848,8.184687138,8.480448896,8.332568017,7.035372051,7.261199902,7.148285976,0.628778193,0.656479622,0.642628908
7/31/2009,5.043824167,5.066846667,5.055335417,8.203527858,8.50829632,8.355912089,7.034593571,7.265034286,7.149813929,0.633743111,0.660378111,0.647060611
8/3/2009,5.043824167,5.066846667,5.055335417,8.203527858,8.50829632,8.355912089,7.034593571,7.265034286,7.149813929,0.633743111,0.660378111,0.647060611
8/4/2009,4.921474167,4.948907273,4.93519072,8.2135553,8.510196069,8.361875685,7.007423178,7.234680094,7.121051636,0.622131891,0.650274034,0.636202963
8/5/2009,4.9386025,4.958685,4.94864375,8.132506308,8.442713231,8.287609769,6.960172405,7.186836691,7.073504548,0.61152023,0.638780945,0.625150588
8/6/2009,4.919779231,4.938548462,4.929163846,8.176759975,8.460144261,8.318452118,6.973879926,7.184731354,7.07930564,0.607771206,0.633730539,0.620750873
8/7/2009,4.838692308,4.861,4.849846154,8.083925765,8.379167908,8.231546836,6.952987328,7.149117137,7.051052233,0.599192683,0.626760683,0.612976683
8/10/2009,4.893284615,4.91245,4.902867308,7.500129945,7.739856373,7.619993159,6.895175892,7.088689884,6.991932888,0.601979321,0.628900655,0.615439988
8/11/2009,4.86696,4.888931538,4.877945769,7.91932576,8.19511892,8.05722234,6.82501771,7.04758571,6.93630171,0.595534923,0.621471929,0.608503426
8/12/2009,4.887276154,4.913256154,4.900266154,7.915421416,8.201987845,8.05870463,6.830317995,7.053821995,6.942069995,0.592907226,0.618551226,0.605729226
8/13/2009,4.870186154,4.89082,4.880503077,7.948353358,8.223019546,8.085686452,6.872630843,7.080005129,6.976317986,0.598103615,0.622788282,0.610445948
8/14/2009,4.795160769,4.820359231,4.80776,7.856589184,8.145141385,8.000865285,6.814509286,7.012631429,6.913570357,0.593256486,0.616771387,0.605013937
8/17/2009,4.770856154,4.796425385,4.783640769,7.707852021,7.995062736,7.851457379,6.695980398,6.490889732,6.593435065,0.581468856,0.607139522,0.594304189
8/18/2009,4.78072,4.802095385,4.791407692,7.704100433,7.984307576,7.844204004,6.690826184,6.904311517,6.797568851,0.582740123,0.615197457,0.59896879
8/19/2009,4.818764615,4.843586923,4.831175769,7.80155254,8.052407358,7.926979949,6.325207617,6.521098283,6.42315295,0.589947768,0.612672768,0.601310268
8/20/2009,4.826073077,4.842987143,4.83453011,7.873925495,8.131608352,8.002766923,6.804795917,7.02128125,6.913038583,0.596810968,0.620104302,0.608457635
8/21/2009,4.825253571,4.840519286,4.832886429,7.844942625,8.120982438,7.982962532,6.826989679,7.0416497,6.934319689,0.598377244,0.624863244,0.611620244
8/24/2009,4.7903625,4.811394615,4.800878558,7.79999246,8.072456746,7.936224603,6.802727376,7.025693376,6.914210376,0.605231116,0.630305783,0.61776845
8/25/2009,4.797685385,4.81201,4.804847692,7.758452801,8.017362601,7.887907701,6.793713413,7.001664371,6.897688892,0.602926948,0.627668948,0.615297948
8/26/2009,4.761288462,4.78211,4.771699231,7.695351538,7.960137143,7.827744341,6.777822143,6.961260714,6.869541429,0.601639333,0.627467333,0.614553333
8/27/2009,4.763287692,4.779230833,4.771259263,7.627014634,7.900288589,7.763651611,6.729141325,6.923911992,6.826526658,0.596016479,0.620508479,0.608262479
8/28/2009,4.729666154,4.749624615,4.739645385,7.646912043,7.905730469,7.776321256,6.759008387,6.947983053,6.85349572,0.599241068,0.624093735,0.611667402
8/31/2009,4.657323846,4.6926125,4.674968173,7.535625138,7.789336567,7.662480853,6.650077691,6.863317526,6.756697608,0.593847702,0.618879035,0.606363369
9/1/2009,4.295476429,4.310795714,4.303136071,6.95818038,7.197203047,7.077691714,6.182345395,6.367538422,6.274941908,0.549584288,0.575715895,0.562650091
9/2/2009,4.314076429,4.335153571,4.324615,6.929353995,7.165253995,7.047303995,6.160523029,6.335791231,6.24815713,0.546464608,0.569394608,0.557929608
9/3/2009,4.319554286,4.335677857,4.327616071,6.96480643,7.23240843,7.09860743,6.152859699,6.387522218,6.270190958,0.551130796,0.575293921,0.563212359
9/4/2009,4.32005,4.335442857,4.327746429,6.991561667,7.221363667,7.106462667,6.17575624,6.38845874,6.28210749,0.557730014,0.580843139,0.569286576
9/7/2009,4.317596429,4.335087143,4.326341786,7.013395554,7.255526887,7.13446122,6.193875482,6.405963607,6.299919545,0.561547103,0.587008353,0.574277728
9/8/2009,4.316529286,4.333782857,4.325156071,7.005493112,7.276004904,7.140749008,6.231490535,6.42287741,6.327183973,0.566296922,0.590278797,0.578287859
9/9/2009,4.286201538,4.279024167,4.282612853,7.044600336,7.310275647,7.177437992,6.266913672,6.661431797,6.464172734,0.567724808,0.591793883,0.579759346
9/10/2009,4.290615714,4.307936429,4.299276071,7.0189173,7.296234147,7.157575723,6.246337946,6.526351696,6.386344821,0.56563117,0.589381795,0.577506482
9/11/2009,4.627348571,4.645085,4.636216786,7.597235376,7.86567076,7.731453068,6.681911772,6.906596036,6.794253904,0.601848406,0.627159031,0.614503718
9/14/2009,4.617130714,4.634462143,4.625796429,7.567780037,7.84203537,7.704907703,6.674055112,6.887900737,6.780977925,0.603657699,0.629044574,0.616351137
9/15/2009,4.629847692,4.649283846,4.639565769,7.565177898,7.839272564,7.702225231,6.705705478,6.912702145,6.809203811,0.609312217,0.633595203,0.62145371
9/16/2009,4.661018571,4.682037692,4.671528132,7.551699364,7.846053364,7.698876364,6.741420026,6.962359401,6.851889713,0.61771496,0.64345246,0.63058371
9/17/2009,4.620379286,4.644597857,4.632488571,7.567723333,7.850682667,7.709203,6.782484667,6.999349375,6.890917021,0.6210375,0.648126875,0.634582188
9/18/2009,4.619724286,4.645647143,4.632685714,7.471426429,7.747988667,7.609707548,6.708623125,6.924335333,6.816479229,0.609385,0.637701875,0.623543438
9/21/2009,4.646613571,4.668227692,4.657420632,7.385408667,7.664410667,7.524909667,6.714992667,6.926907333,6.82095,0.605405625,0.631681875,0.61854375
9/22/2009,4.615655714,4.643468571,4.629562143,7.439030396,7.71825973,7.578645063,6.747516292,6.987143792,6.867330042,0.612015846,0.637328346,0.624672096
9/23/2009,4.621683571,4.649682143,4.635682857,7.466134192,7.732373912,7.599254052,6.749905357,6.971467232,6.860686295,0.613261638,0.638532888,0.625897263
9/24/2009,4.633100714,4.653300714,4.643200714,7.45888,7.735676667,7.597278333,6.7474675,6.964230625,6.855849063,0.611827333,0.63708,0.624453667
9/25/2009,4.659375,4.691848571,4.675611786,7.346644366,7.607073699,7.476859032,6.73201808,6.964448705,6.848233393,0.611227179,0.635930304,0.623578741
9/28/2009,4.723046429,4.750962857,4.737004643,7.38595873,7.649904063,7.517931397,6.813605295,7.031846315,6.922725805,0.619010105,0.644096355,0.63155323
9/29/2009,4.736877857,4.757868571,4.747373214,7.432339103,7.690531103,7.561435103,6.764748082,7.039401207,6.902074644,0.617578301,0.642080801,0.629829551
9/30/2009,4.71294,4.734843571,4.723891786,7.474885998,7.743169332,7.609027665,6.82195648,7.030542246,6.926249363,0.623389579,0.649650204,0.636519892
10/1/2009,4.673462143,4.701131429,4.687296786,7.40836182,7.674311032,7.541336426,6.770169708,6.987824355,6.878997032,0.607661577,0.634272202,0.62096689
10/2/2009,4.707077143,4.723362857,4.71522,7.375696334,7.654753667,7.515225001,6.748845913,6.980839663,6.864842788,0.601132791,0.626755916,0.613944354
10/5/2009,4.702977857,4.727262143,4.71512,7.440944543,7.711483573,7.576214058,6.808369634,7.037110943,6.922740288,0.607292824,0.633320949,0.620306886
10/6/2009,4.672181429,4.696189231,4.68418533,7.404512347,7.686323014,7.54541768,6.826873176,7.024574721,6.925723949,0.614221682,0.640997932,0.627609807
10/7/2009,4.646087143,4.66932,4.657703571,7.301196922,7.584672922,7.442934922,6.69621246,6.976417306,6.836314883,0.613749978,0.640931228,0.627340603
10/8/2009,4.647815,4.671191429,4.659503214,7.348358585,7.618365251,7.483361918,6.759422911,6.985692439,6.872557675,0.616798722,0.642068722,0.629433722
10/9/2009,4.647152857,4.666241429,4.656697143,7.364126163,7.647866878,7.50599652,6.7714795,7.000612,6.88604575,0.618174284,0.643796159,0.630985222
10/12/2009,4.665803571,4.684807143,4.675305357,7.30452677,7.568109652,7.436318211,6.74377312,7.015452661,6.879612891,0.617526795,0.64181117,0.629668982
10/13/2009,4.680560714,4.698936429,4.689748571,7.302882194,7.57904486,7.440963527,6.793755401,7.029774439,6.91176492,0.622658362,0.648562112,0.635610237
10/14/2009,4.642692308,4.660365,4.651528654,7.377089969,7.645337969,7.511213969,6.834662446,7.066215571,6.950439009,0.627218596,0.653787346,0.640502971
10/15/2009,4.606015,4.626728571,4.616371786,7.384587376,7.444719551,7.414653464,6.800714135,7.023103077,6.911908606,0.625013353,0.651299603,0.638156478
10/16/2009,4.603863571,4.625697143,4.614780357,7.426322866,7.678954483,7.552638675,6.762294453,6.976932578,6.869613515,0.617569267,0.642260517,0.629914892
10/19/2009,4.625627143,4.640581538,4.633104341,7.444853918,7.708465918,7.576659918,6.802529617,6.998945266,6.900737442,0.616562636,0.641592011,0.629077324
10/20/2009,4.660342143,4.68,4.670171071,7.519782255,7.787943589,7.653862922,6.830471427,7.046771338,6.938621382,0.621053547,0.647099797,0.634076672
10/21/2009,4.675357857,4.691080714,4.683219286,7.385178367,7.853255143,7.619216755,6.86110837,7.078925245,6.970016808,0.622248839,0.645203214,0.633726027
10/22/2009,4.669605,4.695216429,4.682410714,7.665160539,7.909881872,7.787521205,6.887732947,7.12115628,7.004444613,0.616487991,0.642143616,0.629315804
10/23/2009,4.662799286,4.679662143,4.671230714,7.64959935,7.90274606,7.776172705,6.875965644,7.119523769,6.997744706,0.618639595,0.642139621,0.630389608
10/26/2009,4.663333077,4.68034,4.671836538,7.516791005,7.771225672,7.644008339,6.885440759,7.116645759,7.001043259,0.615064751,0.638455079,0.626759915
10/27/2009,4.64298,4.666023846,4.654501923,7.521172888,7.776478888,7.648825888,6.823916263,7.048245638,6.93608095,0.605860075,0.630006325,0.6179332
10/28/2009,4.661883077,4.677393077,4.669638077,7.542767859,7.783763335,7.663265597,6.786979163,7.011009773,6.898994468,0.599377247,0.624122247,0.611749747
10/29/2009,4.661805714,4.680489286,4.6711475,7.577156064,7.81478766,7.695971862,6.771621831,6.993717287,6.882669559,0.591367747,0.616439622,0.603903684
10/30/2009,4.650701429,4.666811538,4.658756484,7.586686585,7.826141918,7.706414251,6.774822618,7.007641993,6.891232306,0.592483203,0.617284453,0.604883828
11/2/2009,4.638063077,4.657730714,4.647896896,7.539051369,7.786868611,7.66295999,6.751202021,6.963198822,6.857200422,0.580532329,0.606070454,0.593301392
11/3/2009,4.663527857,4.687167857,4.675347857,7.530394506,7.778303839,7.654349172,6.764878468,6.974000365,6.869439416,0.581899646,0.607221521,0.594560584
11/4/2009,4.65279,4.671086429,4.661938214,7.568640096,7.809793429,7.689216763,6.774624558,6.977359528,6.875992043,0.590483909,0.616773284,0.603628596
11/5/2009,4.648138462,4.669648571,4.658893516,7.583197544,7.834845544,7.709021544,6.796144265,6.99086489,6.893504577,0.596157537,0.619891287,0.608024412
11/6/2009,4.649328571,4.669455833,4.659392202,7.615427174,7.854274508,7.734850841,6.80573654,7.019025643,6.912381091,0.600385983,0.624943483,0.612664733
11/9/2009,4.647328571,4.677955833,4.662642202,7.668898938,7.916079675,7.792489306,6.828180816,7.035733537,6.931957176,0.607773552,0.632119177,0.619946364
11/10/2009,4.64443,4.689196667,4.666813333,7.641472446,7.893005478,7.767238962,6.850027241,7.064387723,6.957207482,0.612380331,0.638823456,0.625601894
11/11/2009,4.645386429,4.676356667,4.660871548,7.683306795,7.923694342,7.803500569,6.865255322,7.079962822,6.972609072,0.617188137,0.643651262,0.6304197
11/12/2009,4.636498571,4.655732143,4.646115357,7.607691836,7.855391714,7.731541775,6.848914216,7.053558216,6.951236216,0.612905583,0.640896833,0.626901208
11/13/2009,4.633498571,4.651215,4.642356786,7.597680136,7.867164802,7.732422469,6.803426214,7.002021295,6.902723755,0.61079347,0.636798253,0.623795862
11/16/2009,4.630326667,4.648371667,4.639349167,7.646635333,7.902012667,7.774324,6.82500125,7.038686875,6.931844063,0.613819375,0.640740625,0.62728
11/17/2009,4.635466429,4.653889167,4.644677798,7.679198928,7.927941595,7.803570261,6.813942968,7.020150283,6.917046626,0.613003129,0.64073267,0.6268679
11/18/2009,4.625145,4.643579231,4.634362115,7.676400933,7.920959571,7.798680252,6.806310682,7.011400015,6.908855349,0.609242501,0.637132501,0.623187501
11/19/2009,4.629727692,4.645282857,4.637505275,7.613529129,7.859144066,7.736336597,6.781615337,7.004772212,6.893193774,0.606002123,0.632267123,0.619134623
11/20/2009,4.623282308,4.648187143,4.635734725,7.596158011,7.846966678,7.721562345,6.786001875,6.997364,6.891682938,0.603520934,0.629739684,0.616630309
11/23/2009,4.629026154,4.65361,4.641318077,7.564942,7.812003333,7.688472667,6.810223333,7.011472667,6.910848,0.603815,0.629783125,0.616799063
11/24/2009,4.651518571,4.670644286,4.661081429,7.592929333,7.837386667,7.715158,6.8174675,7.03729875,6.927383125,0.606789375,0.632455,0.619622188
11/25/2009,4.644743571,4.662612143,4.653677857,7.627663519,7.863418519,7.745541019,6.845725106,7.057289773,6.951507439,0.613770005,0.639292504,0.626531254
11/26/2009,4.647693077,4.665151667,4.656422372,7.628279268,7.871578601,7.749928934,6.879985238,7.081130238,6.980557738,0.616963896,0.642378896,0.629671396
11/27/2009,4.693043571,4.721627143,4.707335357,7.581897934,7.814991463,7.698444699,6.85151605,7.065896488,6.958706269,0.608030771,0.634454521,0.621242646
11/30/2009,4.676155714,4.692072857,4.684114286,7.579952006,7.875102673,7.727527339,6.910048281,7.115906833,7.012977557,0.619798389,0.646122139,0.632960264
12/1/2009,4.678408571,4.695202857,4.686805714,7.587241112,7.829463705,7.708352409,6.872554098,7.102349098,6.987451598,0.616124499,0.642705124,0.629414812
12/2/2009,4.678282143,4.697612143,4.687947143,7.646160012,7.893674678,7.769917345,6.90384754,7.12171129,7.012779415,0.622738922,0.649905172,0.636322047
12/3/2009,4.671041429,4.686904286,4.678972857,7.70834115,7.91893374,7.813637445,6.921093464,7.117260362,7.019176913,0.625620685,0.649348064,0.637484375
12/4/2009,4.650285714,4.670307692,4.660296703,7.626333943,7.857435013,7.741884478,6.882892273,7.089389758,6.986141015,0.612839423,0.642861959,0.627850691
12/7/2009,4.666214286,4.684307692,4.675260989,7.584723188,7.825559854,7.705141521,6.835457536,7.031749536,6.933603536,0.61823479,0.640667915,0.629451352
12/8/2009,4.675357143,4.692142857,4.68375,7.58497413,7.809420521,7.697197325,6.813429565,7.02232519,6.917877378,0.614104165,0.638936665,0.626520415
12/9/2009,4.682857143,4.698214286,4.690535714,7.529095647,7.767596314,7.648345981,6.799592175,6.994651508,6.897121842,0.610538264,0.634754514,0.622646389
12/10/2009,4.709533333,4.7324,4.720966667,7.548431765,7.796393647,7.672412706,6.806320842,7.020026175,6.913173508,0.610535764,0.635113264,0.622824514
12/11/2009,4.722142857,4.734230769,4.728186813,7.614613777,7.845857111,7.730235444,6.849211877,7.048363009,6.948787443,0.617566637,0.639626223,0.62859643
12/14/2009,4.705357143,4.7225,4.713928571,7.58795396,7.809105293,7.698529627,6.81714112,7.01969737,6.918419245,0.618114241,0.641128616,0.629621428
12/15/2009,4.718166667,4.735615385,4.726891026,7.577658735,7.808207402,7.692933069,6.783969585,6.983698891,6.883834238,0.62116344,0.643693225,0.632428332
12/16/2009,4.728428571,4.744678571,4.736553571,7.607231054,7.839414387,7.723322721,6.780657055,6.986224859,6.883440957,0.621950705,0.645331955,0.63364133
12/17/2009,4.696461538,4.720076923,4.708269231,7.588361033,7.832557033,7.710459033,6.727987244,6.940999916,6.83449358,0.619919364,0.643978114,0.631948739
12/18/2009,4.659441429,4.680465,4.669953214,7.523611107,7.728495033,7.62605307,6.654221791,6.846428666,6.750325229,0.608668739,0.631567489,0.620118114
12/21/2009,4.665256667,4.687545833,4.67640125,7.446703495,7.685672161,7.566187828,6.61476482,6.823430445,6.719097633,0.603742817,0.628259692,0.616001255
12/22/2009,4.668965,4.688909231,4.678937115,7.428234392,7.657243433,7.542738913,6.609254829,6.814919204,6.712087017,0.596291489,0.622247114,0.609269302
12/23/2009,4.670125,4.691015,4.68057,7.397647861,7.631372004,7.514509932,6.602669506,6.805821473,6.70424549,0.599219366,0.622466241,0.610842804
12/24/2009,4.660554286,4.679163846,4.669859066,7.401406667,7.626538667,7.513972667,6.623320625,6.83506625,6.729193438,0.605255625,0.6279425,0.616599063
12/25/2009,4.660554286,4.679163846,4.669859066,7.401406667,7.626538667,7.513972667,6.623320625,6.83506625,6.729193438,0.605255625,0.6279425,0.616599063
12/28/2009,4.656478462,4.676106429,4.666292445,7.383559592,7.603569592,7.493564592,6.640014758,6.841045085,6.740529921,0.607465309,0.630750934,0.619108122
12/29/2009,4.656445,4.674421429,4.665433214,7.387812351,7.614952351,7.501382351,6.627123606,6.831132513,6.72912806,0.611014578,0.634728953,0.622871766
12/30/2009,4.661395,4.680355385,4.670875192,7.357641699,7.590086585,7.473864142,6.609864525,6.80876265,6.709313588,0.61385058,0.638228705,0.626039643
12/31/2009,4.643507857,4.66733,4.655418929,7.420483293,7.640607074,7.530545183,6.623986117,6.821661191,6.722823654,0.61817825,0.639888875,0.629033562
1/1/2010,4.643507857,4.66733,4.655418929,7.420483293,7.640607074,7.530545183,6.623986117,6.821661191,6.722823654,0.61817825,0.639888875,0.629033562
1/4/2010,4.634497143,4.651277857,4.6428875,7.404283333,7.633102,7.518692667,6.5825125,6.794509333,6.688510917,0.61292375,0.6361075,0.624515625
1/5/2010,4.623758571,4.643036923,4.633397747,7.39712828,7.619582395,7.508355338,6.614530138,6.816920813,6.715725475,0.622212453,0.646293078,0.634252765
1/6/2010,4.607445,4.628753846,4.618099423,7.333481333,7.559325333,7.446403333,6.5776875,6.774201333,6.675944417,0.6165575,0.64115375,0.628855625
1/7/2010,4.56038,4.586805,4.5735925,7.260502375,7.491260375,7.375881375,6.529634122,6.743753063,6.636693593,0.611915544,0.638523044,0.625219294
1/8/2010,4.547596429,4.558555,4.553075714,7.229701629,7.451421746,7.340561688,6.481142438,6.691590563,6.5863665,0.605495842,0.630474592,0.617985217
1/11/2010,4.506265714,4.536369286,4.5213175,7.219150317,7.500513629,7.359831973,6.499771933,6.685126188,6.59244906,0.604784592,0.629595842,0.617190217
1/12/2010,4.518008571,4.553380714,4.535694643,7.238809903,7.459612576,7.349211239,6.504158,6.69723175,6.600694875,0.600165002,0.624543752,0.612354377
1/13/2010,4.516182143,4.528215,4.522198571,7.230880655,7.516624655,7.373752655,6.5207518,6.72213992,6.62144586,0.600804268,0.624029268,0.612416768
1/14/2010,4.465236429,4.494833571,4.480035,7.256929322,7.509259322,7.383094322,6.478996175,6.6938418,6.586418988,0.599351219,0.622780518,0.611065868
1/15/2010,4.453681429,4.475708462,4.464694945,7.255620632,7.47677259,7.366196611,6.414341369,6.621586127,6.517963748,0.594842893,0.617839768,0.606341331
1/18/2010,4.451542857,4.466482308,4.459012582,7.221570327,7.454948327,7.338259327,6.389109125,6.596132875,6.492621,0.594202312,0.617313418,0.605757865
1/19/2010,4.416785714,4.43424,4.425512857,7.219071886,7.442771093,7.33092149,6.322347669,6.550170169,6.436258919,0.592218954,0.616348329,0.604283641
1/20/2010,4.413917857,4.452712143,4.433315,7.16417,7.385003333,7.274586667,6.253528,6.470818,6.362173,0.58835,0.6117675,0.60005875
1/21/2010,4.423526154,4.445933571,4.434729863,7.147427437,7.373376103,7.26040177,6.215150239,6.440884921,6.32801758,0.58293932,0.60643932,0.59468932
1/22/2010,4.448454286,4.468134286,4.458294286,7.151521879,7.387631212,7.269576545,6.2473498,6.47081605,6.359082925,0.58203207,0.604381445,0.593206757
1/25/2010,4.495127143,4.511500714,4.503313929,7.146122516,7.37581385,7.260968183,6.268661894,6.498908144,6.383785019,0.582132962,0.605769837,0.5939514
1/26/2010,4.540769231,4.561344615,4.551056923,7.249770879,7.487552879,7.368661879,6.293951863,6.523308653,6.408630258,0.585871777,0.607699166,0.596785472
1/27/2010,4.580936429,4.602445714,4.591691071,7.304669563,7.54533423,7.425001896,6.325309976,6.558226851,6.441768414,0.592088389,0.617417139,0.604752764
1/28/2010,4.587857143,4.613683333,4.600770238,7.344882999,7.572355465,7.458619232,6.361413382,6.579020257,6.47021682,0.595804293,0.6190084,0.607406347
1/29/2010,4.587083333,4.603709286,4.59539631,7.293173586,7.547450919,7.420312253,6.312130931,6.555095931,6.433613431,0.591328371,0.615625871,0.603477121
2/1/2010,4.614166667,4.630963846,4.622565256,7.243474849,7.484886849,7.364180849,6.300634098,6.540820372,6.420727235,0.593692344,0.618871094,0.606281719
2/2/2010,4.610641429,4.633287857,4.621964643,7.269990795,7.511170128,7.390580462,6.353315235,6.184674568,6.268994901,0.604595363,0.627395988,0.615995675
2/3/2010,4.577316429,4.594758462,4.586037445,7.282980667,7.528919333,7.40595,6.353424,6.593287333,6.473355667,0.60433875,0.62979625,0.6170675
2/4/2010,4.600558571,4.625309286,4.612933929,7.256862777,7.490661444,7.373762111,6.329526,6.558903733,6.444214867,0.600505128,0.626105753,0.61330544
2/5/2010,4.650265714,4.676759286,4.6635125,7.164626308,7.405373221,7.284999764,6.373389933,6.610173933,6.491781933,0.595344518,0.619408893,0.607376706
2/8/2010,4.661228571,4.680768571,4.670998571,7.200084062,7.436992062,7.318538062,6.304674806,6.531345793,6.4180103,0.592916908,0.616100033,0.604508471
2/9/2010,4.669648462,4.69279,4.681219231,7.168415715,7.403190001,7.285802858,6.2802982,6.5297022,6.4050002,0.596767395,0.620096145,0.60843177
2/10/2010,4.68066,4.705218571,4.692939286,7.242511193,7.485265193,7.363888193,6.349320119,6.589965119,6.469642619,0.597217612,0.616031362,0.606624487
2/11/2010,4.657459286,4.683732857,4.670596071,7.184941665,7.414068999,7.299505332,6.324061055,6.555735989,6.439898522,0.597564091,0.621225966,0.609395029
2/12/2010,4.633968571,4.655615,4.644791786,7.168344733,7.407568733,7.287956733,6.217174375,6.463924375,6.340549375,0.595221632,0.620405382,0.607813507
2/15/2010,4.634187857,4.669686154,4.651937005,7.1586683,7.380251633,7.269459967,6.19337495,6.419125575,6.306250263,0.592024531,0.614668281,0.603346406
2/16/2010,4.680735,4.698924286,4.689829643,7.215097445,7.437341445,7.326219445,6.24942975,6.463443733,6.356436742,0.594467941,0.618080441,0.606274191
2/17/2010,4.687389286,4.706002857,4.696696071,7.287625749,7.518210032,7.40291789,6.323084375,6.553410667,6.438247521,0.602163959,0.625715209,0.613939584
2/18/2010,4.675898571,4.696869286,4.686383929,7.231078709,7.460504128,7.345791419,6.260543235,6.480947408,6.370745321,0.601497863,0.625177863,0.613337863
2/19/2010,4.692575714,4.711436429,4.702006071,7.146542013,7.34008068,7.243311346,6.211974088,6.423538463,6.317756276,0.599252646,0.621968271,0.610610459
2/22/2010,4.68446,4.704562857,4.694511429,7.165831022,7.375851022,7.270841022,6.275102722,6.486798347,6.380950534,0.602120626,0.623976251,0.613048438
2/23/2010,4.714359286,4.731730714,4.723045,7.194981642,7.404040975,7.299511308,6.290056278,6.506463153,6.398259715,0.601355513,0.622443638,0.611899575
2/24/2010,4.714108462,4.737399167,4.725753814,7.167530931,7.400638931,7.284084931,6.277785455,6.491726485,6.38475597,0.596880404,0.620299779,0.608590091
2/25/2010,4.736309286,4.754927857,4.745618571,7.156902264,7.199430264,7.178166264,6.253058485,6.471496705,6.362277595,0.595270404,0.618381029,0.606825716
2/26/2010,4.730526923,4.751065,4.740795962,7.116542995,7.358055662,7.237299328,6.315735315,6.528531858,6.422133587,0.600531731,0.622783606,0.611657668
3/1/2010,4.691923571,4.720160714,4.706042143,7.022654123,7.248689456,7.135671789,6.295345585,6.562240585,6.428793085,0.602320536,0.626087411,0.614203974
3/2/2010,4.690692857,4.728265,4.709478929,6.923006391,7.166367057,7.044686724,6.248635901,6.479641901,6.364138901,0.603449789,0.627918539,0.615684164
3/3/2010,4.664815714,4.686255,4.675535357,6.943285174,7.184674162,7.063979668,6.274825204,6.541053954,6.407939579,0.607159677,0.630495927,0.618827802
3/4/2010,4.668667143,4.688483571,4.678575357,6.942986125,7.170022383,7.056504254,6.271396341,6.493620091,6.382508216,0.609450758,0.632990133,0.621220445
3/5/2010,4.648214286,4.669237857,4.658726071,6.920412933,7.162246266,7.041329599,6.231931995,6.45455387,6.343242932,0.611152607,0.634872607,0.623012607
3/8/2010,4.648214286,4.669237857,4.658726071,6.920412933,7.162246266,7.041329599,6.231931995,6.45455387,6.343242932,0.611152607,0.634872607,0.623012607
3/9/2010,4.612892857,4.632357143,4.622625,6.836890993,7.072662993,6.954776993,6.191544896,6.409065234,6.300305065,0.611172321,0.6372132,0.62419276
3/10/2010,4.609,4.626692308,4.617846154,6.806411601,7.044527134,6.925469368,6.178812086,6.407627086,6.293219586,0.611846049,0.63653157,0.62418881
3/11/2010,4.648214286,4.659464286,4.653839286,6.791663499,7.068861499,6.930262499,6.205565299,6.436656236,6.321110768,0.610197968,0.635002488,0.622600228
3/12/2010,4.648214286,4.659464286,4.653839286,6.791663499,7.068861499,6.930262499,6.205565299,6.436656236,6.321110768,0.610197968,0.635002488,0.622600228
3/15/2010,4.650997857,4.669916429,4.660457143,6.917667682,7.162315016,7.039991349,6.261635279,6.487871529,6.374753404,0.613537394,0.637871144,0.625704269
3/16/2010,4.676963077,4.706533077,4.691748077,6.910707172,7.148217172,7.029462172,6.26859863,6.493400539,6.380999584,0.616250947,0.641565322,0.628908135
3/17/2010,4.700347857,4.721477143,4.7109125,6.973926864,7.218720406,7.096323635,6.375759663,6.610616996,6.49318833,0.622986786,0.648280536,0.635633661
3/18/2010,4.684600714,4.707357692,4.695979203,7.026413025,7.27410949,7.150261258,6.282636667,6.515806667,6.399221667,0.624189052,0.650192802,0.637190927
3/19/2010,4.669891538,4.690216923,4.680054231,6.967273297,7.22167841,7.094475853,6.256746831,6.45816262,6.357454726,0.623182792,0.648682167,0.63593248
3/22/2010,4.700051429,4.724596429,4.712323929,6.890455801,7.141949135,7.016202468,6.220423409,6.422140284,6.321281847,0.619891926,0.644066301,0.631979114
3/23/2010,4.709125714,4.727724615,4.718425165,6.914129865,7.188449199,7.051289532,6.32618092,6.510042315,6.418111617,0.625581552,0.651067802,0.638324677
3/24/2010,4.735274615,4.759537857,4.747406236,6.936968548,7.193397978,7.065183263,6.235373591,6.431695466,6.333534529,0.626643663,0.650444288,0.638543975
3/25/2010,4.739898571,4.757478462,4.748688516,6.936855143,7.20546381,7.071159476,6.22886936,6.424467317,6.326668338,0.626054863,0.650671113,0.638362988
3/26/2010,4.734474615,4.752445385,4.74346,6.930501823,7.18981649,7.060159156,6.237015282,6.424074967,6.330545125,0.623468791,0.641088791,0.632278791
3/29/2010,4.731175385,4.733668333,4.732421859,6.95522539,7.21566739,7.08544639,6.265935631,6.467898131,6.366916881,0.625613336,0.649648961,0.637631148
3/30/2010,4.732277857,4.752104286,4.742191071,6.99577877,7.252347436,7.124063103,6.284022486,6.477391152,6.380706819,0.626666356,0.652374481,0.639520418
3/31/2010,4.693186429,4.715222143,4.704204286,6.977370229,7.236545562,7.106957895,6.234861267,6.441353767,6.338107517,0.62528369,0.650605565,0.637944628
4/1/2010,4.674313846,4.691653077,4.682983462,6.997911421,7.253747326,7.125829373,6.226947038,6.42233684,6.324641939,0.627855026,0.652775026,0.640315026
4/2/2010,4.674313846,4.691653077,4.682983462,6.997911421,7.253747326,7.125829373,6.226947038,6.42233684,6.324641939,0.627855026,0.652775026,0.640315026
4/5/2010,4.674313846,4.691653077,4.682983462,6.997911421,7.253747326,7.125829373,6.226947038,6.42233684,6.324641939,0.627855026,0.652775026,0.640315026
4/6/2010,4.646531667,4.666399286,4.656465476,6.972639399,7.221959399,7.097299399,6.175020345,6.365964095,6.27049222,0.626660995,0.65255787,0.639609433
4/7/2010,4.658213846,4.677446923,4.667830385,6.951202309,7.214232975,7.082717642,6.130270855,6.328730855,6.229500855,0.626426089,0.651373833,0.638899961
4/8/2010,4.674926923,4.692249231,4.683588077,6.95938972,7.219949053,7.089669387,6.134117733,6.323807108,6.22896242,0.622425404,0.648499154,0.635462279
4/9/2010,4.637722857,4.656168571,4.646945714,7.005034393,7.265235059,7.135134726,6.15946865,6.355716234,6.257592442,0.628701899,0.652153655,0.640427777
4/12/2010,4.637029286,4.652469286,4.644749286,7.008752269,7.270668269,7.139710269,6.220609073,6.407599678,6.314104375,0.624280026,0.649365026,0.636822526
4/13/2010,4.649692308,4.664322308,4.657007308,7.005125008,7.268862342,7.136993675,6.216012541,6.414017541,6.315015041,0.622092606,0.647734481,0.634913543
4/14/2010,4.627301538,4.64247,4.634885769,7.034768571,7.314872857,7.174820714,6.243959333,6.450954667,6.347457,0.623035333,0.650538667,0.636787
4/15/2010,4.638142857,4.652154286,4.645148571,7.032045333,7.294628,7.163336667,6.214019375,6.398734667,6.306377021,0.616778125,0.642101875,0.62944
4/16/2010,4.638846154,4.657986667,4.64841641,6.987171012,7.273894346,7.130532679,6.183758276,6.377833276,6.280795776,0.615149017,0.641202142,0.628175579
4/19/2010,4.6788,4.693453571,4.686126786,6.979762956,7.238380289,7.109071623,6.182859994,6.377350619,6.280105306,0.614321041,0.638834791,0.626577916
4/20/2010,4.658285714,4.677339286,4.6678125,7.006680643,7.2615726,7.134126621,6.184745906,6.354304607,6.269525257,0.612454116,0.636887241,0.624670679
4/21/2010,4.643802143,4.667863077,4.65583261,7.024671009,7.277057676,7.150864342,6.173712295,6.354900295,6.264306295,0.616733856,0.643745731,0.630239794
4/22/2010,4.671877143,4.686106429,4.678991786,7.036724033,7.291968033,7.164346033,6.150213992,6.332898992,6.241556492,0.613097953,0.636485453,0.624791703
4/23/2010,4.688230769,4.704083846,4.696157308,7.039310564,7.303471859,7.171391211,6.12649565,6.319976275,6.223235963,0.610759648,0.634038398,0.622399023
4/26/2010,4.670493077,4.688037692,4.679265385,7.07973148,7.339270715,7.209501097,6.149275559,6.347223059,6.248249309,0.617146119,0.641171119,0.629158619
4/27/2010,4.689872143,4.709427692,4.699649918,7.000546819,7.336341486,7.168444152,6.159459674,6.356667174,6.258063424,0.618858885,0.644197635,0.63152826
4/28/2010,4.723214286,4.74,4.731607143,7.029058265,7.284616932,7.156837598,6.131311614,6.324579638,6.227945626,0.616388939,0.640548314,0.628468626
4/29/2010,4.739286429,4.758714286,4.749000357,7.033405714,7.295281333,7.164343524,6.15641375,6.352053333,6.254233542,0.620819375,0.64452125,0.632670313
4/30/2010,4.735602308,4.754633571,4.74511794,7.10813966,7.378156327,7.243147993,6.181817288,6.377715413,6.279766351,0.626902755,0.65174213,0.639322443
5/3/2010,4.752995,4.768555,4.760775,7.082282857,7.343362667,7.212822762,6.173585,6.36993125,6.271758125,0.626718667,0.649783125,0.638250896
5/4/2010,4.759428571,4.776764286,4.768096429,7.122828274,7.356462436,7.239645355,6.184981905,6.374498155,6.27974003,0.625904478,0.650246978,0.638075728
5/5/2010,4.799923571,4.83675,4.818336786,7.130675565,7.351901994,7.241288779,6.128154113,6.306973693,6.217563903,0.621141316,0.644149229,0.632645272
5/6/2010,4.899081429,4.924892143,4.911986786,7.182264135,7.443228135,7.312746135,6.1579637,6.336044325,6.247004013,0.624740311,0.649483436,0.637111874
5/7/2010,5.020313571,5.042340714,5.031327143,7.260649746,7.527473079,7.394061413,6.29551832,6.498967695,6.397243008,0.636386218,0.663596843,0.649991531
5/10/2010,4.911010667,4.939493333,4.925252,7.208855103,7.50750943,7.358182267,6.331206945,6.514106075,6.42265651,0.64517312,0.67255312,0.65886312
5/11/2010,4.920934667,4.95864,4.939787333,7.223435101,7.413597767,7.318516434,6.196563648,6.415392981,6.305978315,0.642729714,0.668926589,0.655828152
5/12/2010,4.908868,4.941102667,4.924985333,7.26768503,7.468172364,7.367928697,6.17757767,6.42563142,6.301604545,0.642972943,0.670830443,0.656901693
5/13/2010,4.858940714,4.874679286,4.86681,7.1734001,7.393753433,7.283576766,6.112161486,6.368981486,6.240571486,0.642507954,0.671241207,0.65687458
5/14/2010,4.861834667,4.8944,4.878117333,7.047102667,7.297232,7.172167333,6.062436875,6.303304,6.182870438,0.638415625,0.66850875,0.653462188
5/17/2010,4.880391333,4.911112143,4.895751738,7.019440228,7.276442894,7.147941561,6.008002249,6.248564399,6.128283324,0.635806737,0.663782362,0.64979455
5/18/2010,4.917643333,4.951398667,4.934521,7.066474667,7.309372667,7.187923667,6.062433125,6.291884375,6.17715875,0.640358125,0.66727125,0.653814688
5/19/2010,4.996990667,5.029784667,5.013387667,7.078978066,7.304492733,7.1917354,6.061466475,6.289787725,6.1756271,0.637121875,0.664726875,0.650924375
5/20/2010,4.998847857,5.037254,5.018050929,7.140092667,7.380438,7.260265333,6.160191875,6.390528125,6.27536,0.630914375,0.658,0.644457188
5/21/2010,5.022928571,5.041266154,5.032097363,7.166981326,7.410914571,7.288947949,6.239089393,6.465594019,6.352341706,0.625189927,0.656271177,0.640730552
5/24/2010,5.048381333,5.081506429,5.064943881,7.175798936,7.411852936,7.293825936,6.200161155,6.421959155,6.311060155,0.630704909,0.658889909,0.644797409
5/25/2010,5.048381333,5.081506429,5.064943881,7.175798936,7.411852936,7.293825936,6.200161155,6.421959155,6.311060155,0.630704909,0.658889909,0.644797409
5/26/2010,5.067482667,5.096653333,5.082068,7.162872936,7.426555603,7.294714269,6.133407958,6.370254488,6.251831223,0.634764284,0.662182409,0.648473347
5/27/2010,5.048923333,5.078354667,5.063639,6.78597125,7.01560125,6.90078625,6.12166,6.355541875,6.238600938,0.64426125,0.67028625,0.65727375
5/28/2010,5.028672,5.059382667,5.044027333,7.221173619,7.468813619,7.344993619,6.134805,6.367055,6.25093,0.65049706,0.67992706,0.66521206
5/31/2010,4.986292143,5.022505333,5.004398738,7.134565957,7.216514624,7.175540291,6.081573481,6.301979731,6.191776606,0.642157485,0.670541235,0.65634936
6/1/2010,5.010869286,5.045840714,5.028355,7.159734367,7.393030367,7.276382367,6.056497331,6.281971081,6.169234206,0.634401596,0.662764721,0.648583158
6/2/2010,5.044641333,5.073322667,5.058982,7.268668725,7.516246725,7.392457725,6.074962312,6.305056979,6.190009645,0.63944263,0.66699388,0.653218255
6/3/2010,5.043489286,5.075614286,5.059551786,7.292683392,7.531334725,7.412009059,6.119832168,6.343904668,6.231868418,0.64713763,0.67429638,0.660717005
6/4/2010,5.059899333,5.099208667,5.079554,7.271552527,7.520583861,7.396068194,6.088077606,6.320675731,6.204376669,0.645311152,0.673761152,0.659536152
6/7/2010,5.181746,5.211494,5.19662,7.337588565,7.608785898,7.473187231,6.105315816,6.349679816,6.227497816,0.647777042,0.676112042,0.661944542
6/8/2010,5.21918375,5.265886875,5.242535313,7.393281272,7.642075187,7.51767823,6.134882833,6.361286167,6.2480845,0.651893037,0.679403037,0.665648037
6/9/2010,5.214296,5.242650667,5.228473333,7.398889286,7.657048667,7.527968976,6.147487333,6.3786625,6.263074917,0.65694375,0.685480625,0.671212188
6/10/2010,5.17354,5.207073571,5.190306786,7.419181481,7.660619481,7.539900481,6.159248215,6.40327759,6.281262902,0.653604468,0.681321968,0.667463218
6/11/2010,5.119062667,5.140776,5.129919333,7.383124105,7.638466772,7.510795439,6.121536311,6.351146311,6.236341311,0.650728825,0.677538825,0.664133825
6/14/2010,5.070592667,5.100997333,5.085795,7.341175221,7.583907221,7.462541221,6.114623693,6.354057939,6.234340816,0.649840758,0.677825133,0.663832946
6/15/2010,5.052078571,5.085088571,5.068583571,7.329237405,7.570495578,7.449866492,6.089378551,6.326152301,6.207765426,0.646884879,0.672128629,0.659506754
6/16/2010,5.082982667,5.115299333,5.099141,7.363285843,7.599404787,7.481345315,6.138068689,6.369863689,6.253966189,0.650015197,0.678022072,0.664018634
6/17/2010,5.092247333,5.121023333,5.106635333,7.368051893,7.637781893,7.502916893,6.174165056,6.407735365,6.290950211,0.653510998,0.681394748,0.667452873
6/18/2010,5.104302,5.144756667,5.124529333,7.412031959,7.665229959,7.538630959,6.198401275,6.436734693,6.317567984,0.658358352,0.687181477,0.672769915
6/21/2010,5.079633333,5.109217333,5.094425333,7.397784146,7.660185479,7.528984813,6.189854983,6.443255981,6.316555482,0.659129583,0.692357708,0.675743646
6/22/2010,5.083785,5.129269375,5.106527188,7.37728373,7.637794396,7.507539063,6.170611219,6.410367469,6.290489344,0.658579738,0.688431613,0.673505675
6/23/2010,5.069469333,5.097255333,5.083362333,7.406165951,7.676209284,7.541187617,6.13864613,6.39638863,6.26751738,0.654707183,0.683804683,0.669255933
6/24/2010,5.096805625,5.138259375,5.1175325,7.456806477,7.708460045,7.582633261,6.159277955,6.411419955,6.285348955,0.655760797,0.685636422,0.670698609
6/25/2010,5.118885,5.156100625,5.137492813,7.499707309,7.765559309,7.632633309,6.21563121,6.442992543,6.329311877,0.655659782,0.666470407,0.661065094
6/28/2010,5.122210667,5.153187143,5.137698905,7.542898,7.819268,7.681083,6.217779375,6.472616,6.345197688,0.651105,0.668625,0.659865
6/29/2010,5.147340667,5.176481333,5.161911,7.578894464,7.858174166,7.718534315,6.185431693,6.436829193,6.311130443,0.657871347,0.669224472,0.663547909
6/30/2010,5.148438,5.18283,5.165634,7.593981899,7.874535233,7.734258566,6.198232062,6.422978312,6.310605187,0.657103618,0.684982368,0.671042993
7/1/2010,5.155575,5.192581333,5.174078167,7.576744467,7.854178169,7.715461318,6.219710901,6.436339627,6.328025264,0.654733179,0.684242554,0.669487866
7/2/2010,5.129801333,5.170479333,5.150140333,7.650746727,7.924090727,7.787418727,6.310605338,6.521725028,6.416165183,0.65228049,0.680941115,0.666610803
7/5/2010,5.129801333,5.170479333,5.150140333,7.650746727,7.924090727,7.787418727,6.310605338,6.521725028,6.416165183,0.65228049,0.680941115,0.666610803
7/6/2010,5.129801333,5.170479333,5.150140333,7.650746727,7.924090727,7.787418727,6.310605338,6.521725028,6.416165183,0.65228049,0.680941115,0.666610803
7/7/2010,5.095409286,5.129571538,5.112490412,7.607283007,7.880189007,7.743736007,6.327958344,6.527104594,6.427531469,0.652548331,0.681423435,0.666985883
7/8/2010,5.017386667,5.052556,5.034971333,7.531483771,7.824932186,7.678207979,6.285274705,6.49863658,6.391955642,0.650064743,0.679681618,0.66487318
7/9/2010,4.982448667,5.012708667,4.997578667,7.423786667,7.712387333,7.568087,6.213048125,6.459700625,6.336374375,0.64389625,0.674935,0.659415625
7/12/2010,5.012302667,5.04191,5.027106333,7.39907396,7.664855029,7.531964495,6.197644711,6.437203461,6.317424086,0.643982956,0.674264831,0.659123893
7/13/2010,5.01836,5.051328,5.034844,7.4138639,7.67451964,7.54419177,6.206792373,6.435176748,6.32098456,0.644640825,0.673917075,0.65927895
7/14/2010,4.993747381,5.014012143,5.003879762,7.469971328,7.743808662,7.606889995,6.25055623,6.470587979,6.360572105,0.647759802,0.677651052,0.662705427
7/15/2010,4.976864,5.007078667,4.991971333,7.489487479,7.747753907,7.618620693,6.264703977,6.486195227,6.375449602,0.645668665,0.675804915,0.66073679
7/16/2010,4.963176429,4.993535714,4.978356071,7.514238625,7.799449292,7.656843958,6.309997117,6.521121492,6.415559304,0.644717146,0.672644646,0.658680896
7/19/2010,5.017556,5.058081333,5.037818667,7.543044429,7.820296429,7.681670429,6.352723561,6.573419798,6.46307168,0.643648955,0.67172333,0.657686142
7/20/2010,5.084915333,5.119632667,5.102274,7.618571285,7.908857285,7.763714285,6.451909604,6.698494604,6.575202104,0.652127989,0.680650489,0.666389239
7/21/2010,5.082251429,5.115312143,5.098781786,7.620321348,7.421134015,7.520727682,6.41817182,6.64306807,6.530619945,0.656439649,0.684894024,0.670666837
7/22/2010,5.080300769,5.108820769,5.094560769,7.602455166,7.880342822,7.741398994,6.394994052,6.612474677,6.503734364,0.657983267,0.687524517,0.672753892
7/23/2010,5.04369,5.073412,5.058551,7.60686069,7.89272269,7.74979169,6.401650353,6.624649043,6.513149698,0.661594808,0.692451683,0.677023246
7/26/2010,4.930962,4.966472667,4.948717333,7.56007054,7.862181873,7.711126206,6.334539702,6.561964077,6.448251889,0.656172343,0.686194218,0.671183281
7/27/2010,4.888802857,4.913981429,4.901392143,7.474437121,7.753373121,7.613905121,6.259672468,6.4748633,6.367267884,0.650009896,0.679154271,0.664582083
7/28/2010,4.905374286,4.934279333,4.91982681,7.494774223,7.757972223,7.626373223,6.262240432,6.473085794,6.367663113,0.651334182,0.679810796,0.665572489
7/29/2010,4.870549333,4.906857857,4.888703595,7.499074182,7.772890849,7.635982515,6.267595945,6.481223675,6.37440981,0.650918449,0.679908546,0.665413497
7/30/2010,4.862219333,4.890684286,4.87645181,7.489583515,7.769842182,7.629712849,6.26431782,6.480342195,6.372330008,0.648959782,0.677182921,0.663071351
8/2/2010,4.862219333,4.890684286,4.87645181,7.489583515,7.769842182,7.629712849,6.26431782,6.480342195,6.372330008,0.648959782,0.677182921,0.663071351
8/3/2010,4.813613333,4.842605,4.828109167,7.525616849,7.799332849,7.662474849,6.250938445,6.46685657,6.358897508,0.646291115,0.674057296,0.660174206
8/4/2010,4.825244,4.857658,4.841451,7.527122849,7.803546182,7.665334515,6.25628782,6.463276342,6.359782081,0.645962296,0.674111046,0.660036671
8/5/2010,4.80627,4.846596429,4.826433214,7.535717186,7.807083853,7.671400519,6.252850883,6.460054942,6.356452912,0.648771764,0.677236139,0.663003952
8/6/2010,4.80758,4.839255714,4.823417857,7.508328084,7.781510084,7.644919084,6.249976294,6.453255627,6.35161596,0.648457322,0.676451697,0.662454509
8/9/2010,4.840747333,4.872352,4.856549667,7.577987837,7.859086504,7.71853717,6.318782995,6.52516112,6.421972058,0.65371956,0.68141081,0.667565185
8/10/2010,4.911987333,4.945969333,4.928978333,7.591020865,7.833622198,7.712321532,6.335493539,6.523891108,6.429692324,0.659311325,0.6869982,0.673154762
8/11/2010,4.965546667,4.999160667,4.982353667,7.653135891,7.921029891,7.787082891,6.341647463,6.555291838,6.44846965,0.663514228,0.691626103,0.677570165
8/12/2010,5.023557143,5.053087333,5.038322238,7.694754,7.97096,7.832857,6.344603125,6.547821875,6.4462125,0.666725625,0.695871875,0.68129875
8/13/2010,4.947083333,4.983402667,4.965243,7.603978591,7.866619352,7.735298972,6.278526759,6.482270509,6.380398634,0.665080633,0.692418094,0.678749364
8/16/2010,4.947083333,4.983402667,4.965243,7.603978591,7.866619352,7.735298972,6.278526759,6.482270509,6.380398634,0.665080633,0.692418094,0.678749364
8/17/2010,4.946017692,4.979217143,4.962617418,7.582267229,7.858674562,7.720470895,6.234966447,6.448560197,6.341763322,0.660224806,0.688547306,0.674386056
8/18/2010,4.890646667,4.927555333,4.909101,7.537030552,7.836578552,7.686804552,6.218175841,6.436410841,6.327293341,0.660543453,0.690064488,0.67530397
8/19/2010,4.889417333,4.920458,4.904937667,7.506777878,7.763017352,7.634897615,6.218393235,6.412021782,6.315207508,0.657407681,0.684759076,0.671083379
8/20/2010,4.911327333,4.942572143,4.926949738,7.518900826,7.55867154,7.538786183,6.204462006,6.400525339,6.302493672,0.657025382,0.683774049,0.670399715
8/23/2010,4.927708571,4.964125714,4.945917143,7.524475064,7.800543731,7.662509397,6.216999805,6.414533125,6.315766465,0.658127304,0.686077304,0.672102304
8/24/2010,4.929246,4.963839333,4.946542667,7.553372667,7.805306,7.679339333,6.191149375,6.394474667,6.292812021,0.65932875,0.687740625,0.673534688
8/25/2010,4.961444,4.995202667,4.978323333,7.524964644,7.786871667,7.655918155,6.222045652,6.397375652,6.309710652,0.65897519,0.68614644,0.672560815
8/26/2010,4.965431429,4.983205385,4.974318407,7.577499451,7.831657576,7.704578514,6.212607586,6.414589461,6.313598523,0.663561015,0.69109414,0.677327577
8/27/2010,4.912621533,4.935527333,4.924074433,7.54594338,7.773605155,7.659774268,6.213182655,6.387070155,6.300126405,0.660709613,0.686570863,0.673640238
8/30/2010,4.885447333,4.909650667,4.897549,7.443486,7.70822,7.575853,6.131824341,6.338257964,6.235041152,0.651599495,0.67840637,0.665002933
8/31/2010,4.911567333,4.943855714,4.927711524,7.447666783,7.71260345,7.580135117,6.143891785,6.347599285,6.245745535,0.651119924,0.678603049,0.664861487
9/1/2010,4.894377143,4.928674615,4.911525879,7.438679952,7.698676102,7.568678027,6.173948688,6.366897974,6.270423331,0.652103376,0.679314043,0.665708709
9/2/2010,4.855625333,4.885914286,4.87076981,7.386697815,7.642888481,7.514793148,6.158607398,6.358431311,6.258519355,0.653715321,0.681182196,0.667448759
9/3/2010,4.861717143,4.887772143,4.874744643,7.375184598,7.636003265,7.505593932,6.163303818,6.359148072,6.261225945,0.655965095,0.68353697,0.669751032
9/6/2010,4.849656667,4.879290667,4.864473667,7.386386316,7.628490983,7.507438649,6.182726302,6.370425635,6.276575969,0.659819565,0.685871467,0.672845516
9/7/2010,4.898252,4.935007333,4.916629667,7.399724031,7.657547095,7.528635563,6.175034935,6.373154935,6.274094935,0.661332395,0.688308645,0.67482052
9/8/2010,4.904963571,4.936390714,4.920677143,7.444579219,7.688253504,7.566416362,6.17000319,6.352613857,6.261308523,0.657863961,0.684984627,0.671424294
9/9/2010,4.88925,4.920812308,4.905031154,7.439706804,7.700651471,7.570179137,6.159885077,6.349826083,6.25485558,0.661512012,0.688881887,0.67519695
9/10/2010,4.873566,4.901608,4.887587,7.404478915,7.482605582,7.443542248,6.130980725,6.335557439,6.233269082,0.66151465,0.690199025,0.675856838
9/13/2010,4.856974,4.887815333,4.872394667,7.382554,7.648591333,7.515572667,6.089934375,6.352572,6.221253188,0.662665,0.6913375,0.67700125
9/14/2010,4.845444,4.882419286,4.863931643,7.35543212,7.610724787,7.483078453,6.167598693,6.374954318,6.271276505,0.662795887,0.691942762,0.677369324
9/15/2010,4.832277333,4.866297143,4.849287238,7.368900885,7.617678826,7.493289855,6.183411834,6.381051834,6.282231834,0.6631006,0.6921706,0.6776356
9/16/2010,4.838695714,4.869515333,4.854105524,7.423366892,7.683726432,7.553546662,6.208152357,6.41702471,6.312588534,0.663044336,0.690713711,0.676879023
9/17/2010,4.85371,4.882735,4.8682225,7.480337174,7.731208507,7.605772841,6.262200035,6.468446466,6.365323251,0.663420827,0.692007702,0.677714264
9/20/2010,4.846548,4.882154,4.864351,7.457028333,7.726661111,7.591844722,6.253225019,6.451306687,6.352265853,0.663171696,0.691228571,0.677200133
9/21/2010,4.853686,4.887201333,4.870443667,7.44768848,7.705045915,7.576367197,6.258087072,6.472374572,6.365230822,0.664671766,0.694033016,0.679352391
9/22/2010,4.821340667,4.850610667,4.835975667,7.46225178,7.726329113,7.594290447,6.322356748,6.516805864,6.419581306,0.668371907,0.697225537,0.682798722
9/23/2010,4.825764,4.859202857,4.842483429,7.433909488,7.710279488,7.572094488,6.332626276,6.53018961,6.431407943,0.665851743,0.694786743,0.680319243
9/24/2010,4.825819333,4.85516,4.840489667,7.453036155,7.695674822,7.574355488,6.335454009,6.536370276,6.435912143,0.667179859,0.694586743,0.680883301
9/27/2010,4.828279286,4.857645,4.842962143,7.492758002,7.749149336,7.620953669,6.384571959,6.573570089,6.479071024,0.669921994,0.696522619,0.683222307
9/28/2010,4.851829333,4.881263333,4.866546333,7.499878463,7.754179797,7.62702913,6.373790324,6.574637679,6.474214002,0.668455603,0.697983728,0.683219665
9/29/2010,4.838226,4.870213571,4.854219786,7.529895496,7.78809713,7.658996313,6.439822824,6.639331574,6.539577199,0.675038103,0.703643103,0.689340603
9/30/2010,4.830736667,4.860885,4.845810833,7.522772559,7.778846559,7.650809559,6.436805814,6.640751439,6.538778626,0.673584404,0.702416904,0.688000654
10/1/2010,4.799546,4.830188,4.814867,7.452748487,7.725931821,7.589340154,6.446299603,6.676487103,6.561393353,0.674361978,0.701406353,0.687884165
10/4/2010,4.774153333,4.803808,4.788980667,7.43545651,7.681152076,7.558304293,6.443930287,6.654396537,6.549163412,0.671260946,0.697704071,0.684482508
10/5/2010,4.759784667,4.787792143,4.773788405,7.413148031,7.671520031,7.542334031,6.422207912,6.626609773,6.524408842,0.667643874,0.692688007,0.68016594
10/6/2010,4.741926429,4.774798571,4.7583625,7.439561799,7.676014346,7.557788073,6.466662339,6.674254495,6.570458417,0.675561434,0.699835719,0.687698576
10/7/2010,4.727218667,4.762668,4.744943333,7.420879452,7.650673488,7.53577647,6.483160692,6.687782025,6.585471359,0.674540144,0.699492644,0.687016394
10/8/2010,4.729377333,4.759268667,4.744323,7.412932045,7.645807908,7.529369976,6.482456899,6.696841899,6.589649399,0.673913894,0.699120769,0.686517332
10/11/2010,4.711085333,4.740934667,4.72601,7.401808721,7.650521473,7.526165097,6.471040589,6.685031256,6.578035922,0.672217167,0.699577167,0.685897167
10/12/2010,4.711792,4.745500667,4.728646333,7.362221045,7.619711712,7.490966379,6.417925898,6.634683624,6.526304761,0.667585949,0.695554699,0.681570324
10/13/2010,4.654750714,4.686624286,4.6706875,7.298564162,7.548372162,7.423468162,6.422103225,6.634006975,6.5280551,0.667439324,0.695815574,0.681627449
10/14/2010,4.593215,4.622377333,4.607796167,7.24943565,7.515928606,7.382682128,6.374244805,6.597624805,6.485934805,0.664564212,0.692672962,0.678618587
10/15/2010,4.605321333,4.634266667,4.619794,7.25072565,7.53001594,7.390370795,6.361609125,6.610539805,6.486074465,0.661629212,0.690389837,0.676009525
10/18/2010,4.627160714,4.656217857,4.641689286,7.222607161,7.494014017,7.358310589,6.3174583,6.5588258,6.43814205,0.659426164,0.688644914,0.674035539
10/19/2010,4.656072,4.688857333,4.672464667,7.222402875,7.48766935,7.355036112,6.332860175,6.559466425,6.4461633,0.658391241,0.685321164,0.671856203
10/20/2010,4.671045714,4.701118,4.686081857,7.229632899,7.485947185,7.357790042,6.352889347,6.576370729,6.464630038,0.656853371,0.683653371,0.670253371
10/21/2010,4.6534,4.680324667,4.666862333,7.224113923,7.495717662,7.359915792,6.3901131,6.615474781,6.502793941,0.657492012,0.686452512,0.671972262
10/22/2010,4.651792143,4.683395,4.667593571,7.006686066,7.274075662,7.140380864,6.367256656,6.586911656,6.477084156,0.654157512,0.683820012,0.668988762
10/25/2010,4.651792143,4.683395,4.667593571,7.006686066,7.274075662,7.140380864,6.367256656,6.586911656,6.477084156,0.654157512,0.683820012,0.668988762
10/26/2010,4.628464667,4.656550667,4.642507667,7.002418846,7.257103589,7.129761218,6.333940944,6.577819674,6.455880309,0.653879832,0.682924832,0.668402332
10/27/2010,4.64847,4.677166,4.662818,7.040309538,7.273572871,7.156941205,6.309440965,6.540907215,6.42517409,0.647669633,0.677024633,0.662347133
10/28/2010,4.649349286,4.679802143,4.664575714,7.054985796,7.293362462,7.174174129,6.326397923,6.548587785,6.437492854,0.645713256,0.674011381,0.659862318
10/29/2010,4.647507333,4.678081429,4.662794381,7.102026034,7.327201367,7.214613701,6.338046709,6.555343156,6.446694933,0.648225682,0.677201932,0.662713807
11/1/2010,4.661122143,4.691638,4.676380071,7.143201367,7.375225367,7.259213367,6.368981709,6.590718584,6.479850146,0.650089432,0.679724432,0.664906932
11/2/2010,4.661931333,4.690506429,4.676218881,7.172374613,7.396913279,7.284643946,6.395842884,6.607804759,6.501823822,0.657547783,0.684841533,0.671194658
11/3/2010,4.659567857,4.677641429,4.668604643,7.156426979,7.362845978,7.259636478,6.421634032,6.615988188,6.51881111,0.659629611,0.689036754,0.674333183
11/4/2010,4.625959286,4.652455,4.639207143,7.188270679,7.431019967,7.309645323,6.446289767,6.660976418,6.553633092,0.664762626,0.689180751,0.676971689
11/5/2010,4.623520769,4.64034,4.631930385,7.171695151,7.212691474,7.192193312,6.436934321,6.653102178,6.545018249,0.665381295,0.692827295,0.679104295
11/8/2010,4.627333333,4.654983571,4.641158452,7.095054644,7.396956644,7.246005644,6.351458732,6.565330732,6.458394732,0.661574403,0.689583153,0.675578778
11/9/2010,4.625133333,4.658162857,4.641648095,7.149578591,7.385305258,7.267441925,6.338526009,6.541329759,6.439927884,0.659032771,0.686550896,0.672791834
11/10/2010,4.632815714,4.663892857,4.648354286,7.121237781,7.322102067,7.221669924,6.298392563,6.501047896,6.39972023,0.658203833,0.684903166,0.6715535
11/11/2010,4.634546667,4.663498571,4.649022619,7.154633196,7.408013863,7.28132353,6.3032363,6.514836053,6.409036177,0.657762342,0.686820467,0.672291405
11/12/2010,4.644327857,4.675916,4.660121929,7.165014711,7.410307378,7.287661045,6.261015934,6.490653434,6.375834684,0.65201329,0.68146204,0.666737665
11/15/2010,4.663523333,4.691187333,4.677355333,7.358645011,7.615085677,7.486865344,6.268581013,6.489830388,6.3792057,0.655178015,0.680441765,0.66780989
11/16/2010,4.672225714,4.703825714,4.688025714,7.362826356,7.614795265,7.48881081,6.268284811,6.489031686,6.378658248,0.654641815,0.681482327,0.668062071
11/17/2010,4.701587333,4.730091333,4.715839333,7.336980017,7.604030017,7.470505017,6.251181265,6.489359349,6.370270307,0.65242677,0.68051427,0.66647052
11/18/2010,4.656295,4.692478462,4.674386731,7.315151265,7.583273265,7.449212265,6.256771061,6.490264811,6.373517936,0.652245452,0.682005452,0.667125452
11/19/2010,4.650640667,4.68379,4.667215333,7.331402938,7.594419605,7.462911271,6.259202435,6.488802435,6.374002435,0.652995212,0.682112712,0.667553962
11/22/2010,4.65378,4.687632143,4.670706071,7.310466364,7.590551698,7.450509031,6.286156836,6.512320625,6.39923873,0.652750849,0.683100224,0.667925536
11/23/2010,4.681959286,4.710794667,4.696376976,7.30850721,7.586525877,7.447516544,6.24772411,6.47424411,6.36098411,0.650932627,0.679805752,0.66536919
11/24/2010,4.721424,4.751273571,4.736348786,7.294535795,7.567207795,7.430871795,6.209512711,6.438473167,6.323992939,0.650573255,0.68014138,0.665357318
11/25/2010,4.742319286,4.773446,4.757882643,7.304537651,7.582899651,7.443718651,6.206574569,6.433280569,6.319927569,0.654389131,0.683676631,0.669032881
11/26/2010,4.795334286,4.833240714,4.8142875,7.268559416,7.614425455,7.441492435,6.222880521,6.535486676,6.379183599,0.65833623,0.68676373,0.67254998
11/29/2010,4.877649333,4.929358571,4.903503952,7.395195266,7.672581266,7.533888266,6.274954731,6.515319713,6.395137222,0.667058707,0.696540582,0.681799644
11/30/2010,4.902001333,4.948214286,4.92510781,7.448299205,7.738455925,7.593377565,6.298109343,6.513613965,6.405861654,0.66932201,0.70078076,0.685051385
12/1/2010,4.880956667,4.909112,4.895034333,7.472967103,7.756173296,7.614570199,6.304408417,6.534630292,6.419519354,0.675028516,0.706112891,0.690570703
12/2/2010,4.821185333,4.854124667,4.837655,7.398863232,7.682954565,7.540908898,6.138217975,6.499468727,6.318843351,0.673105194,0.704812069,0.688958632
12/3/2010,4.7577,4.786212,4.771956,7.322679941,7.575229274,7.448954607,6.219636321,6.454178076,6.336907198,0.675234549,0.707830174,0.691532361
12/6/2010,4.733489286,4.767305385,4.750397335,7.320423274,7.598467941,7.459445607,6.215095071,6.468874076,6.341984573,0.673447674,0.707290799,0.690369236
12/7/2010,4.678980667,4.714740667,4.696860667,7.291796091,7.552070758,7.421933425,6.185000306,6.416649037,6.300824671,0.669017069,0.700648319,0.684832694
12/8/2010,4.731338,4.76077,4.746054,7.273698651,7.536310741,7.405004696,6.144557422,6.36858525,6.256571336,0.663806541,0.693634666,0.678720604
12/9/2010,4.753167333,4.78403,4.768598667,7.358094983,7.610012983,7.484053983,6.208386977,6.432366977,6.320376977,0.671009332,0.700211207,0.685610269
12/10/2010,4.732064,4.767151333,4.749607667,7.374331727,7.64344706,7.508889393,6.229076498,6.451228264,6.340152381,0.677968908,0.708073283,0.693021096
12/13/2010,4.656632667,4.690097143,4.673364905,7.250576512,7.545647179,7.398111845,6.11940575,6.412352625,6.265879188,0.667259334,0.699264959,0.683262146
12/14/2010,4.625976,4.654002,4.639989,7.21511,7.501795333,7.358452667,6.142659375,6.364725625,6.2536925,0.66486625,0.696695,0.680780625
12/15/2010,4.630985333,4.665214286,4.64809981,7.181857657,7.45757299,7.319715323,6.114346654,6.348921097,6.231633876,0.664374028,0.694989028,0.679681528
12/16/2010,4.463406289,4.666333333,4.564869811,7.138900581,7.403483248,7.271191915,6.077564675,6.298085925,6.1878253,0.664417229,0.694477576,0.679447402
12/17/2010,4.641457333,4.685328,4.663392667,7.149679305,7.405210639,7.277444972,6.102922864,6.330435989,6.216679426,0.665184332,0.696999957,0.681092145
12/20/2010,4.660583571,4.703565714,4.682074643,7.144563241,7.404749241,7.274656241,6.08674788,6.309387255,6.198067568,0.668250276,0.698110901,0.683180588
12/21/2010,4.688833077,4.717422667,4.703127872,7.172191706,7.431219039,7.301705373,6.102561261,6.332063136,6.217312198,0.672334766,0.701867266,0.687101016
12/22/2010,4.698453077,4.733991538,4.716222308,7.157027479,7.407359479,7.282193479,6.097314241,6.323173191,6.210243716,0.673762518,0.703778143,0.688770331
12/23/2010,4.721785333,4.739207143,4.730496238,7.14165475,7.40876675,7.27521075,6.097586115,6.31400299,6.205794553,0.6786267,0.70762545,0.693126075
12/24/2010,4.720459231,4.74583,4.733144615,7.173436709,7.254289376,7.213863043,6.118043165,6.347651376,6.232847271,0.680471967,0.711299467,0.695885717
12/27/2010,4.739357143,4.774132,4.756744571,7.174466892,7.436277558,7.305372225,6.129755101,6.359243226,6.244499163,0.684638236,0.715464486,0.700051361
12/28/2010,4.746324667,4.777724,4.762024333,7.219549603,7.481779603,7.350664603,6.196601249,6.422808666,6.309704958,0.689655516,0.720217391,0.704936453
12/29/2010,4.756936667,4.789057857,4.772997262,7.205384317,7.466528696,7.335956506,6.155936356,6.37334278,6.264639568,0.692643654,0.721857404,0.707250529
12/30/2010,4.781752667,4.820010667,4.800881667,7.264469342,7.519182675,7.391826009,6.228825008,6.437566675,6.333195842,0.69823619,0.729074315,0.713655252
12/31/2010,4.767020667,4.801200667,4.784110667,7.287518942,7.527303013,7.407410978,6.270328004,6.495019879,6.382673942,0.70130345,0.73133095,0.7163172
1/3/2011,4.768087857,4.798509286,4.783298571,7.289228427,7.550210427,7.419719427,6.254025745,6.489655745,6.371840745,0.700362389,0.738868014,0.719615201
1/4/2011,4.761655,4.792937857,4.777296429,7.285833572,7.532560668,7.40919712,6.273246457,6.50072779,6.386987124,0.697532375,0.7289505,0.713241438
1/5/2011,4.73197,4.767791538,4.749880769,7.264367461,7.529771631,7.397069546,6.207339773,6.442800398,6.325070085,0.690470929,0.722530929,0.706500929
1/6/2011,4.724096923,4.759550769,4.741823846,7.213733451,7.459935451,7.336834451,6.131013691,6.355579691,6.243296691,0.685426756,0.717482381,0.701454569
1/7/2011,4.744075385,4.781705714,4.762890549,7.193453402,7.456987402,7.325220402,6.060267636,6.281700761,6.170984199,0.681285156,0.712740156,0.697012656
1/10/2011,4.769823571,4.796676,4.783249786,7.260238046,7.525391379,7.392814713,6.043712404,6.269342564,6.156527484,0.68306995,0.71362245,0.6983462
1/11/2011,4.74388,4.774008571,4.758944286,7.271906276,7.542514276,7.407210276,6.072247453,6.29245212,6.182349787,0.681991066,0.711631691,0.696811379
1/12/2011,4.725543333,4.758123571,4.741833452,7.268019944,7.515209944,7.391614944,6.059326289,6.269002453,6.164164371,0.676723699,0.706203032,0.691463366
1/13/2011,4.715905333,4.750774,4.733339667,7.305783947,7.564080614,7.43493228,6.098578202,6.317204082,6.207891142,0.676347838,0.706378463,0.69136315
1/14/2011,4.725389333,4.756190667,4.74079,7.336972478,7.603505812,7.470239145,6.199150782,6.438260834,6.318705808,0.674710035,0.705410035,0.690060035
1/17/2011,4.751365333,4.792064,4.771714667,7.387024434,7.637852138,7.512438286,6.213303031,6.438544717,6.325923874,0.670009211,0.700889211,0.685449211
1/18/2011,4.751216154,4.787496154,4.769356154,7.444705901,7.697210841,7.570958371,6.231290005,6.458363755,6.34482688,0.676401332,0.706330082,0.691365707
1/19/2011,4.73644,4.769261333,4.752850667,7.459894181,7.715881515,7.587887848,6.274208664,6.502202575,6.388205619,0.674433364,0.705981489,0.690207427
1/20/2011,4.732972308,4.765167143,4.749069725,7.391206488,7.661900055,7.526553272,6.250261989,6.486628864,6.368445426,0.663883645,0.69644177,0.680162707
1/21/2011,4.747607857,4.779497143,4.7635525,7.404523506,7.673127939,7.538825722,6.272464982,6.503364982,6.387914982,0.658822437,0.690642437,0.674732437
1/24/2011,4.747415,4.780742857,4.764078929,7.443936121,7.701691454,7.572813788,6.330974378,6.559621878,6.445298128,0.663212821,0.691575321,0.677394071
1/25/2011,4.762139231,4.778557692,4.770348462,7.434358132,7.700135465,7.567246798,6.345023897,6.598313897,6.471668897,0.663880514,0.69491518,0.679397847
1/26/2011,4.813036,4.838627333,4.825831667,7.432594561,7.704062924,7.568328743,6.411900337,6.631408337,6.521654337,0.664027896,0.695232271,0.679630083
1/27/2011,4.813977333,4.847457333,4.830717333,7.50081027,7.785962252,7.643386261,6.454537348,6.682912348,6.568724848,0.665901388,0.696929513,0.68141545
1/28/2011,4.809632308,4.846702857,4.828167582,7.501459349,7.770679393,7.636069371,6.462691089,6.698477964,6.580584527,0.665672735,0.69704586,0.681359298
1/31/2011,4.809632308,4.846702857,4.828167582,7.501459349,7.770679393,7.636069371,6.462691089,6.698477964,6.580584527,0.665672735,0.69704586,0.681359298
2/1/2011,4.814742857,4.853534615,4.834138736,7.589424579,7.866126579,7.727775579,6.483976741,6.720404523,6.602190632,0.660651658,0.689609783,0.675130721
2/2/2011,4.779142857,4.798888462,4.789015659,7.583158357,7.857404357,7.720281357,6.486375173,6.725760543,6.606067858,0.659028821,0.687680821,0.673354821
2/3/2011,4.775799333,4.802098,4.788948667,7.579794286,7.847224,7.713509143,6.464835625,6.703026667,6.583931146,0.65463375,0.685081875,0.669857813
2/4/2011,4.813389333,4.840693333,4.827041333,7.596371237,7.855849237,7.726110237,6.436542812,6.670514511,6.553528661,0.651807576,0.680367576,0.666087576
2/7/2011,4.799699333,4.83084,4.815269667,7.605618087,7.885446753,7.74553242,6.430607071,6.668718946,6.549663009,0.654189989,0.682825614,0.668507801
2/8/2011,4.765717333,4.799886429,4.782801881,7.577758923,7.84907959,7.713419257,6.408605573,6.638995278,6.523800426,0.653071978,0.682025103,0.66754854
2/9/2011,4.757296429,4.790136154,4.773716291,7.516650391,7.798631057,7.657640724,6.405156723,6.615745171,6.510450947,0.65186878,0.681450655,0.666659718
2/10/2011,4.738238,4.771880714,4.755059357,7.512567185,7.793440706,7.653003946,6.395927143,6.622223572,6.509075358,0.646332394,0.676676144,0.661504269
2/11/2011,4.757330714,4.786795333,4.772063024,7.500704043,7.77480644,7.637755241,6.35342905,6.59610905,6.47476905,0.643938448,0.673672198,0.658805323
2/14/2011,4.746912143,4.776652143,4.761782143,7.503276535,7.772608099,7.637942317,6.350558128,6.571710003,6.461134065,0.648468433,0.675542808,0.662005621
2/15/2011,4.738,4.77476,4.75638,7.486643088,7.767459088,7.627051088,6.325689657,6.555618428,6.440654042,0.642763108,0.671622483,0.657192796
2/16/2011,4.737137333,4.766188571,4.751662952,7.50719875,7.771098036,7.639148393,6.33751464,6.560985973,6.449250306,0.642057018,0.669089685,0.655573352
2/17/2011,4.758591333,4.784685385,4.771638359,7.511993844,7.785257177,7.648625511,6.342515406,6.582351656,6.462433531,0.646916853,0.675345603,0.661131228
2/18/2011,4.740566667,4.771715714,4.75614119,7.542459544,7.811705575,7.677082559,6.372952376,6.598835353,6.485893864,0.651494768,0.680443518,0.665969143
2/21/2011,4.728430714,4.762813077,4.745621896,7.538410443,7.815290413,7.676850428,6.374852346,6.600181169,6.487516757,0.651938557,0.680599182,0.666268869
2/22/2011,4.737564286,4.768688,4.753126143,7.512661157,7.812074413,7.662367785,6.341289221,6.593279169,6.467284195,0.648994182,0.679812307,0.664403244
2/23/2011,4.748237857,4.776498571,4.762368214,7.515773766,7.809069515,7.662421641,6.37457484,6.61866859,6.496621715,0.651757937,0.682971687,0.667364812
2/24/2011,4.746683571,4.774652857,4.760668214,7.547681175,7.828339842,7.688010509,6.404733131,6.659961685,6.532347408,0.656142046,0.685603296,0.670872671
2/25/2011,4.745701429,4.777948571,4.761825,7.523652647,7.815717804,7.669685225,6.421753726,6.662529308,6.542141517,0.660524316,0.690218691,0.675371503
2/28/2011,4.744983571,4.778637692,4.761810632,7.528367205,7.804597205,7.666482205,6.4114717,6.674431813,6.542951757,0.663206924,0.693631299,0.678419112
3/1/2011,4.745815,4.775113571,4.760464286,7.569644835,7.837495502,7.703570169,6.420615771,6.669077489,6.54484663,0.664963904,0.696666404,0.680815154
3/2/2011,4.741388462,4.776038462,4.758713462,7.563649869,7.842253869,7.702951869,6.409929033,6.656294968,6.533112,0.665541335,0.69664696,0.681094148
3/3/2011,4.726973846,4.758498571,4.742736209,7.55191858,7.85780258,7.70486058,6.423735316,6.684501566,6.554118441,0.689252781,0.701953406,0.695603094
3/4/2011,4.717578571,4.750564615,4.734071593,7.544130388,7.833201055,7.688665721,6.454611384,6.69768681,6.576149097,0.669743593,0.701205244,0.685474418
3/7/2011,4.702386667,4.735752857,4.719069762,7.522549592,7.794072926,7.658311259,6.455884931,6.694698593,6.575291762,0.670014458,0.700953833,0.685484146
3/8/2011,4.702386667,4.735752857,4.719069762,7.522549592,7.794072926,7.658311259,6.455884931,6.694698593,6.575291762,0.670014458,0.700953833,0.685484146
3/9/2011,4.712709286,4.741458571,4.727083929,7.479402443,7.758313777,7.61885811,6.432030717,6.655888098,6.543959408,0.668025407,0.699431032,0.68372822
3/10/2011,4.739418,4.767386429,4.753402214,7.495141326,7.777247326,7.636194326,6.440290474,6.679363599,6.559827036,0.671067523,0.702019398,0.68654346
3/11/2011,4.76866,4.802603571,4.785631786,7.498521516,7.791026516,7.644774016,6.058726301,6.680115323,6.369420812,0.672300109,0.702257442,0.687278775
3/14/2011,4.746454,4.778012,4.762233,7.30772298,7.798027448,7.552875214,6.535672393,6.728169886,6.63192114,0.675660182,0.709324557,0.692492369
3/15/2011,4.796883571,4.829857143,4.813370357,7.568396552,7.853357448,7.710877,6.540954893,6.651556143,6.596255518,0.678172057,0.710264557,0.694218307
3/16/2011,4.804082667,4.832673333,4.818378,7.588087197,7.839711482,7.71389934,6.584228348,6.814607682,6.699418015,0.67416368,0.70620768,0.69018568
3/17/2011,4.80447,4.833032,4.818751,7.575622231,7.855344898,7.715483564,6.574133108,6.813219983,6.693676546,0.667490501,0.699585501,0.683538001
3/18/2011,4.782794286,4.810958,4.796876143,7.611612918,7.875944724,7.743778821,6.614512756,6.847145256,6.730829006,0.667956882,0.698085007,0.683020945
3/21/2011,4.782794286,4.810958,4.796876143,7.611612918,7.875944724,7.743778821,6.614512756,6.847145256,6.730829006,0.667956882,0.698085007,0.683020945
3/22/2011,4.749520667,4.782393846,4.765957256,7.583367222,7.864065888,7.723716555,6.619814086,6.848654086,6.734234086,0.668770585,0.69998746,0.684379023
3/23/2011,4.742371333,4.773588571,4.757979952,7.613450595,7.859290555,7.736370575,6.624196586,6.835634358,6.729915472,0.670840585,0.701609335,0.68622496
3/24/2011,4.743977692,4.779755385,4.761866538,7.615035451,7.895793451,7.755414451,6.589891415,6.83278954,6.711340477,0.674197632,0.705712007,0.68995482
3/25/2011,4.720428,4.761270714,4.740849357,7.554690892,7.824953499,7.689822196,6.555856623,6.790892873,6.673374748,0.669446682,0.701553557,0.68550012
3/28/2011,4.726563077,4.757563571,4.742063324,7.488112998,7.779886331,7.633999665,6.566922535,6.790282535,6.678602535,0.673320633,0.705251883,0.689286258
3/29/2011,4.741785714,4.771465,4.756625357,7.459520355,7.732259665,7.59589001,6.561461127,6.779445502,6.670453314,0.674953758,0.707128758,0.691041258
3/30/2011,4.689982667,4.724975714,4.70747919,7.42748036,7.703455027,7.565467693,6.523693694,6.76962194,6.646657817,0.67228668,0.705988137,0.689137408
3/31/2011,4.695135,4.72428,4.7097075,7.435188743,7.697263409,7.566226076,6.489569007,6.740742132,6.615155569,0.672111535,0.720064035,0.696087785
4/1/2011,4.706258,4.733791429,4.720024714,7.42652893,7.695566263,7.561047597,6.525644125,6.7631585,6.644401313,0.681276356,0.711666356,0.696471356
4/4/2011,4.69473,4.724464286,4.709597143,7.464099039,7.721379103,7.592739071,6.566885172,6.784755517,6.675820344,0.684939788,0.716549163,0.700744475
4/5/2011,4.707824615,4.740664615,4.724244615,7.466875396,7.742054063,7.604464729,6.549919773,6.786289758,6.668104766,0.68276314,0.716420015,0.699591578
4/6/2011,4.689137143,4.723614286,4.706375714,7.54174398,7.817528647,7.679636313,6.593234319,6.83375594,6.713495129,0.685655652,0.719011277,0.702333465
4/7/2011,4.686637143,4.719973333,4.703305238,7.528028937,7.782710341,7.655369639,6.573124963,6.80686796,6.689996461,0.685162043,0.718899543,0.702030793
4/8/2011,4.684101429,4.717279286,4.700690357,7.551409736,7.805401087,7.678405411,6.623289885,6.839701877,6.731495881,0.688960052,0.719946719,0.704453385
4/11/2011,4.680596154,4.710120667,4.69535841,7.529011547,7.789426213,7.65921888,6.634835547,6.869054583,6.751945065,0.686744681,0.718459681,0.702602181
4/12/2011,4.696009286,4.72426,4.710134643,7.515155592,7.793855592,7.654505592,6.626868144,6.863742144,6.745305144,0.683960453,0.716345425,0.700152939
4/13/2011,4.698936923,4.723178571,4.711057747,7.516475343,7.778932676,7.647704009,6.657703319,6.904001444,6.780852381,0.680996642,0.714732477,0.69786456
4/14/2011,4.686762,4.719036667,4.702899333,7.53703473,7.802397748,7.669716239,6.662230014,6.905977513,6.784103764,0.678810577,0.711318666,0.695064622
4/15/2011,4.692544667,4.721615333,4.70708,7.527114443,7.80384148,7.665477961,6.653813871,6.896478246,6.775146059,0.671752455,0.704741205,0.68824683
4/18/2011,4.698447333,4.73105,4.714748667,7.525856077,7.798986077,7.662421077,6.615196141,6.850347007,6.732771574,0.674684063,0.70670631,0.690695186
4/19/2011,4.686724667,4.71651,4.701617333,7.495726133,7.774050133,7.634888133,6.552752506,6.807283756,6.680018131,0.672050683,0.70466189,0.688356287
4/20/2011,4.691538462,4.724876923,4.708207692,7.527970948,7.805280948,7.666625948,6.614791953,6.856530078,6.735661016,0.675186831,0.708095581,0.691641206
4/21/2011,4.69765,4.727394286,4.712522143,7.588976799,7.838673013,7.713824906,6.557105548,6.928010585,6.742558066,0.678062542,0.710002383,0.694032462
4/22/2011,4.69765,4.727394286,4.712522143,7.588976799,7.838673013,7.713824906,6.557105548,6.928010585,6.742558066,0.678062542,0.710002383,0.694032462
4/25/2011,4.69765,4.727394286,4.712522143,7.588976799,7.838673013,7.713824906,6.557105548,6.928010585,6.742558066,0.678062542,0.710002383,0.694032462
4/26/2011,4.700537143,4.731454615,4.715995879,7.582518245,7.864606912,7.723562578,6.676305941,6.930491566,6.803398753,0.680236942,0.713655067,0.696946004
4/27/2011,4.694417143,4.730400769,4.712408956,7.607325255,7.892376238,7.749850747,6.747638754,6.996128004,6.871883379,0.688837589,0.72011524,0.704476415
4/28/2011,4.681764,4.705309231,4.693536615,7.665564084,7.957495418,7.811529751,6.670562686,6.915678865,6.793120776,0.691375731,0.724872873,0.708124302
4/29/2011,4.691785714,4.726173077,4.708979396,7.64938621,7.94217821,7.79578221,6.78552785,7.04187785,6.91370285,0.6908223,0.724277782,0.707550041
5/2/2011,4.691785714,4.726173077,4.708979396,7.64938621,7.94217821,7.79578221,6.78552785,7.04187785,6.91370285,0.6908223,0.724277782,0.707550041
5/3/2011,4.691785714,4.726173077,4.708979396,7.64938621,7.94217821,7.79578221,6.78552785,7.04187785,6.91370285,0.6908223,0.724277782,0.707550041
5/4/2011,4.691785714,4.726173077,4.708979396,7.64938621,7.94217821,7.79578221,6.78552785,7.04187785,6.91370285,0.6908223,0.724277782,0.707550041
5/5/2011,4.691785714,4.726173077,4.708979396,7.64938621,7.94217821,7.79578221,6.78552785,7.04187785,6.91370285,0.6908223,0.724277782,0.707550041
5/6/2011,4.744608571,4.774687143,4.759647857,7.607800084,7.897365417,7.752582751,6.74024448,6.9884217,6.86433309,0.68708803,0.719795028,0.703441529
5/9/2011,4.733866667,4.764106,4.748986333,7.599946314,7.900284981,7.750115648,6.666757674,6.885274549,6.776016111,0.688179345,0.72319747,0.705688408
5/10/2011,4.728370714,4.762283571,4.745327143,7.588762237,7.914525421,7.751643829,6.636548491,6.875094741,6.755821616,0.685373208,0.719359257,0.702366233
5/11/2011,4.721335385,4.753105,4.737220192,7.593811538,7.919101429,7.756456484,6.669537333,6.938667143,6.804102238,0.684062667,0.715929333,0.699996
5/12/2011,4.749556154,4.785026923,4.767291538,7.59704742,7.89425542,7.74565142,6.633760773,6.876385492,6.755073133,0.67432335,0.708371266,0.691347308
5/13/2011,4.736155333,4.765438667,4.750797,7.552616931,7.779251135,7.665934033,6.625615604,6.861882129,6.743748866,0.670145237,0.703925535,0.687035386
5/16/2011,4.753772308,4.772904615,4.763338462,7.557679734,7.914493085,7.73608641,6.582339058,6.832746558,6.707542808,0.663539232,0.695459905,0.679499568
5/17/2011,4.756425833,4.774476667,4.76545125,7.542351788,7.835433002,7.688892395,6.611599639,6.849091514,6.730345577,0.66481333,0.698003747,0.681408538
5/18/2011,4.760927857,4.792563571,4.776745714,7.551530294,7.830320941,7.690925617,6.66076468,6.90377343,6.782269055,0.673160518,0.703350485,0.688255502
5/19/2011,4.760927857,4.792563571,4.776745714,7.551530294,7.830320941,7.690925617,6.66076468,6.90377343,6.782269055,0.673160518,0.703350485,0.688255502
5/20/2011,4.744071429,4.785214286,4.764642857,7.551776144,7.860339991,7.706058067,6.673951805,6.92926993,6.801610867,0.674058261,0.709093886,0.691576073
5/23/2011,4.745916,4.77893,4.762423,7.534495132,7.814432465,7.674463798,6.565088971,6.795460221,6.680274596,0.667965376,0.702279751,0.685122564
5/24/2011,4.742803571,4.777484,4.760143786,7.506805488,7.791435488,7.649120488,6.58567414,6.79991289,6.692793515,0.666816969,0.700266969,0.683541969
5/25/2011,4.742803571,4.777484,4.760143786,7.506805488,7.791435488,7.649120488,6.58567414,6.79991289,6.692793515,0.666816969,0.700266969,0.683541969
5/26/2011,4.74222,4.771522143,4.756871071,7.568103002,7.866598335,7.717350668,6.610237647,6.848683491,6.729460569,0.664736553,0.697233428,0.680984991
5/27/2011,4.749035714,4.779334286,4.764185,7.638601824,7.934553036,7.78657743,6.629903019,6.871678644,6.750790831,0.669601499,0.704115249,0.686858374
5/30/2011,4.748755333,4.780030769,4.764393051,7.657198767,7.933090767,7.795144767,6.649171185,6.887146598,6.768158891,0.670849224,0.704089224,0.687469224
5/31/2011,4.748755333,4.780030769,4.764393051,7.657198767,7.933090767,7.795144767,6.649171185,6.887146598,6.768158891,0.670849224,0.704089224,0.687469224
6/1/2011,4.754026923,4.784006923,4.769016923,7.649669339,7.960060827,7.804865083,6.727020759,6.939880092,6.833450426,0.680914324,0.714048991,0.697481657
6/2/2011,4.768883333,4.787225714,4.778054524,7.617717062,7.920385729,7.769051396,6.712372115,6.947655865,6.83001399,0.682974301,0.715952426,0.699463363
6/3/2011,4.755299091,4.785359167,4.770329129,7.623337601,7.925743315,7.774540458,6.750891021,6.992454665,6.871672843,0.689976874,0.726616874,0.708296874
6/6/2011,4.759170714,4.790374615,4.774772665,7.639494659,7.944167015,7.791830837,6.807496206,7.065629956,6.936563081,0.692577439,0.725900724,0.709239082
6/7/2011,4.770108571,4.789398333,4.779753452,7.635725682,7.947554348,7.791640015,6.827003953,7.078601953,6.952802953,0.688644474,0.722108849,0.705376662
6/8/2011,4.7759075,4.795376667,4.785642083,7.67058292,7.957335586,7.813959253,6.844879656,7.089211531,6.967045593,0.692312549,0.726851299,0.709581924
6/9/2011,4.781037692,4.797591667,4.789314679,7.687376024,7.965770024,7.826573024,6.709123078,7.09242851,6.900775794,0.69223669,0.72678294,0.709509815
6/10/2011,4.77563,4.793302143,4.784466071,7.406143248,7.919932365,7.663037806,6.777523808,7.023891933,6.90070787,0.68936817,0.72297442,0.706171295
6/13/2011,4.787211667,4.812425385,4.799818526,7.604839693,7.892621047,7.74873037,6.729652716,7.041471563,6.885562139,0.686525872,0.720369622,0.703447747
6/14/2011,4.812564167,4.831988462,4.822276314,7.727566212,7.987454212,7.857510212,6.804599052,7.039055361,6.921827207,0.691800175,0.72645955,0.709129862
6/15/2011,4.825556923,4.843083571,4.834320247,7.693367537,7.99545287,7.844410204,6.797770281,7.030060889,6.913915585,0.693035406,0.727370406,0.710202906
6/16/2011,4.84843,4.863054286,4.855742143,7.664640044,7.939254711,7.801947378,6.734558204,7.018925192,6.876741698,0.690515245,0.724416792,0.707466018
6/17/2011,4.815003846,4.840803846,4.827903846,7.648555088,7.922887755,7.785721421,6.727141471,6.973657569,6.85039952,0.68885653,0.72077028,0.704813405
6/20/2011,4.794087692,4.8141225,4.804105096,7.597042007,7.871942674,7.734492341,6.721957744,6.96140641,6.841682077,0.690344984,0.723523109,0.706934047
6/21/2011,4.8009375,4.82591,4.81342375,7.636885534,7.900373165,7.76862935,6.75911413,6.998009739,6.878561934,0.691375386,0.726284136,0.708829761
6/22/2011,4.832091538,4.84869,4.840390769,7.677949378,7.943802235,7.810875807,6.844383506,7.074990381,6.959686943,0.70046898,0.73400648,0.71723773
6/23/2011,4.837626429,4.862534167,4.850080298,7.627018546,7.920229879,7.773624212,6.664996908,6.897090658,6.781043783,0.695979819,0.728441069,0.712210444
6/24/2011,4.846915,4.862416667,4.854665833,7.612205401,7.878313586,7.745259493,6.7866273,7.004460157,6.895543729,0.693450006,0.726224005,0.709837005
6/27/2011,4.749035714,4.779334286,4.764185,7.638601824,7.934553036,7.78657743,6.629903019,6.871678644,6.750790831,0.669601499,0.704115249,0.686858374
6/28/2011,4.749035714,4.779334286,4.764185,7.638601824,7.934553036,7.78657743,6.629903019,6.871678644,6.750790831,0.669601499,0.704115249,0.686858374
6/29/2011,4.748755333,4.780030769,4.764393051,7.657198767,7.933090767,7.795144767,6.649171185,6.887146598,6.768158891,0.670849224,0.704089224,0.687469224
6/30/2011,4.748562667,4.779536429,4.764049548,7.675760809,7.967780809,7.821770809,6.698533184,6.93668385,6.817608517,0.672687153,0.705191528,0.688939341
7/1/2011,4.821317692,4.837961429,4.82963956,7.599906168,7.871771501,7.735838835,6.87036121,7.100403291,6.98538225,0.696274245,0.730036745,0.713155495
7/4/2011,4.821317692,4.837961429,4.82963956,7.599906168,7.871771501,7.735838835,6.87036121,7.100403291,6.98538225,0.696274245,0.730036745,0.713155495
7/5/2011,4.821317692,4.837961429,4.82963956,7.599906168,7.871771501,7.735838835,6.87036121,7.100403291,6.98538225,0.696274245,0.730036745,0.713155495
7/6/2011,4.823571429,4.840469231,4.83202033,7.588678667,7.859058667,7.723868667,6.82776375,7.06876,6.948261875,0.69776375,0.731478125,0.714620938
7/7/2011,4.823571429,4.840469231,4.83202033,7.588678667,7.859058667,7.723868667,6.82776375,7.06876,6.948261875,0.69776375,0.731478125,0.714620938
7/8/2011,4.824283846,4.844946667,4.834615256,7.573612455,7.836158958,7.704885707,6.794300686,7.034642732,6.914471709,0.703672254,0.737457254,0.720564754
7/11/2011,4.843355385,4.862243333,4.852799359,7.580416659,7.825970882,7.703193771,6.72574904,6.956368976,6.841059008,0.699051061,0.732310436,0.715680748
7/12/2011,4.863283846,4.880961538,4.872122692,7.556625495,7.823362316,7.689993906,6.670789665,6.90160631,6.786197988,0.691746856,0.725273106,0.708509981
7/13/2011,4.841550833,4.861485385,4.851518109,7.574162,7.853665333,7.713913667,6.684023125,6.898867333,6.791445229,0.691683125,0.723575625,0.707629375
7/14/2011,4.824366154,4.843271538,4.833818846,7.63151725,7.920586584,7.776051917,6.738112075,6.9768277,6.857469888,0.692027542,0.725288167,0.708657854
7/15/2011,4.832171538,4.848686154,4.840428846,7.63046962,7.915498953,7.772984287,6.71653305,6.929020586,6.822776818,0.687017999,0.720391749,0.703704874
7/18/2011,4.838541667,4.85625,4.847395833,7.648524343,7.899541387,7.774032865,6.690214172,6.920337297,6.805275734,0.682201779,0.717101154,0.699651467
7/19/2011,4.841153846,4.858461538,4.849807692,7.642419476,7.914926809,7.778673143,6.712048516,6.948769084,6.8304088,0.680230662,0.712818787,0.696524724
7/20/2011,4.838428571,4.860615385,4.849521978,7.656239066,7.933724399,7.794981732,6.746588553,6.978149268,6.862368911,0.684781733,0.717399858,0.701090795
7/21/2011,4.817785714,4.836414615,4.827100165,7.663224408,7.950820408,7.807022408,6.953768856,7.135529446,7.044649151,0.688519035,0.721830285,0.70517466
7/22/2011,4.806923077,4.826666667,4.816794872,7.664566146,7.948903479,7.806734813,6.779397853,7.157878376,6.968638115,0.69219143,0.724894555,0.708542993
7/25/2011,4.815384615,4.831153846,4.823269231,7.700417537,7.969834204,7.83512587,6.804754126,7.015768243,6.910261184,0.692416672,0.724043547,0.70823011
7/26/2011,4.7985,4.814615385,4.806557692,7.697744242,7.966578909,7.832161575,6.833984386,7.073776679,6.953880532,0.698189905,0.73369053,0.715940218
7/27/2011,4.784987692,4.801277857,4.793132775,7.6859314,7.970472733,7.828202067,6.805013202,7.045055869,6.925034535,0.699429198,0.733241698,0.716335448
7/28/2011,4.790357143,4.805,4.797678571,7.677626037,7.96161537,7.819620704,6.753624694,6.988856694,6.871240694,0.700446647,0.735727272,0.71808696
7/29/2011,4.7925,4.806538462,4.799519231,7.679573658,7.962792992,7.821183325,6.7388403,6.968145281,6.853492791,0.695534153,0.730304153,0.712919153
8/1/2011,4.7925,4.806538462,4.799519231,7.679573658,7.962792992,7.821183325,6.7388403,6.968145281,6.853492791,0.695534153,0.730304153,0.712919153
8/2/2011,4.800994286,4.835028462,4.818011374,7.667715497,7.951486164,7.80960083,6.730646344,6.949555433,6.840100889,0.696210483,0.730754233,0.713482358
8/3/2011,4.824807692,4.84125,4.833028846,7.712188823,7.983616235,7.847902529,6.743979572,6.979790822,6.861885197,0.69313971,0.72734721,0.71024346
8/4/2011,4.748928571,4.823461538,4.786195055,7.735513188,8.001738976,7.868626082,6.767023377,6.993386502,6.880204939,0.693916281,0.728596906,0.711256593
8/5/2011,4.839642857,4.853,4.846321429,7.715183447,7.977606114,7.846394781,6.709888814,6.950757564,6.830323189,0.68183809,0.717448715,0.699643402
8/8/2011,4.907115385,4.95,4.928557692,7.877758816,8.152417483,8.015088149,6.848411267,7.101913352,6.975162309,0.687239437,0.721660687,0.704450062
8/9/2011,4.977357143,4.997923077,4.98764011,7.965330469,8.249793135,8.107561802,6.947088225,7.182160107,7.064624166,0.676476436,0.718638936,0.697557686
8/10/2011,4.946071429,4.974823846,4.960447637,7.868862469,8.152799802,8.010831135,6.91949885,7.15731135,7.0384051,0.675266436,0.711632061,0.693449248
8/11/2011,4.971857143,4.985428571,4.978642857,7.886428175,8.172705188,8.029566681,6.890135432,7.185684807,7.03791012,0.677896387,0.714104512,0.69600045
8/12/2011,4.916962857,4.945004286,4.930983571,7.854479956,8.147511382,8.000995669,6.883096684,7.123528018,7.003312351,0.674284216,0.706086091,0.690185154
8/15/2011,4.910416667,4.930666667,4.920541667,7.85324429,8.131588004,7.992416147,6.895217643,7.13828682,7.016752231,0.675523686,0.709798456,0.692661071
8/16/2011,4.911690714,4.930619286,4.921155,7.838411432,8.148780004,7.993595718,6.913550153,7.149455768,7.031502961,0.673475331,0.708130956,0.690803143
8/17/2011,4.939615385,4.952666667,4.946141026,7.936299004,8.232577004,8.084438004,6.970550677,7.190840722,7.0806957,0.677303326,0.710108326,0.693705826
8/18/2011,4.939923077,4.959916667,4.949919872,8.000246337,8.25828167,8.129264004,6.974075677,7.218456927,7.096266302,0.677620201,0.712391451,0.695005826
8/19/2011,4.95625,4.97375,4.965,7.992237094,8.298027954,8.145132524,6.936723575,7.1965817,7.066652638,0.669776086,0.706147961,0.687962024
8/22/2011,4.940031429,4.958725,4.949378214,8.003040352,8.297216329,8.150128341,6.988877533,7.217622687,7.10325011,0.672172867,0.706207867,0.689190367
8/23/2011,4.967541538,4.982459286,4.975000412,8.009331751,8.296853751,8.153092751,7.008313446,7.259139696,7.133726571,0.675002973,0.708255912,0.691629443
8/24/2011,4.954857143,4.971083333,4.962970238,8.014044802,8.333256135,8.173650468,7.028085199,7.274152699,7.151118949,0.673790615,0.706021865,0.68990624
8/25/2011,4.953538462,4.972083333,4.962810897,7.953635639,8.264134306,8.108884972,7.027243992,7.262858367,7.145051179,0.668643994,0.702010869,0.685327431
8/26/2011,4.961923077,4.988333333,4.975128205,7.932421862,8.237399071,8.084910467,7.038650232,7.268980247,7.153815239,0.673000488,0.706689863,0.689845175
8/29/2011,4.961146154,4.977307692,4.969226923,7.973340886,8.25435616,8.113848523,7.07868956,7.32091156,7.19980056,0.681081203,0.713337453,0.697209328
8/30/2011,4.958732143,4.975666667,4.967199405,7.962256773,8.261821655,8.112039214,7.035898519,7.306066644,7.170982582,0.684841656,0.717980989,0.701411322
8/31/2011,4.946785714,4.977142857,4.961964286,7.922423552,8.220807315,8.071615433,7.028819072,7.285194344,7.157006708,0.685717989,0.719399239,0.702558614
9/1/2011,4.954857143,4.972153846,4.963505495,7.888126271,8.194477605,8.041301938,6.989629843,7.222044218,7.10583703,0.68955874,0.72478374,0.70717124
9/2/2011,4.957708333,4.972666667,4.9651875,7.869859935,8.170230601,8.020045268,6.944895768,7.186456819,7.065676293,0.688146746,0.722156746,0.705151746
9/5/2011,4.9725,4.987928571,4.980214286,7.870789107,7.945554441,7.908171774,6.901859473,7.147732598,7.024796036,0.682092232,0.717268482,0.699680357
9/6/2011,4.967307692,4.985,4.976153846,7.841006503,8.164279836,8.00264317,6.895760034,7.140905032,7.018332533,0.678939383,0.716040633,0.697490008
9/7/2011,4.961214286,4.977461538,4.969337912,7.795817333,8.10276,7.949288667,6.876364,7.126232667,7.001298333,0.679549375,0.7159125,0.697730938
9/8/2011,4.951428571,4.96975,4.960589286,7.759124475,8.067977141,7.913550808,6.853459327,7.116998702,6.985229014,0.676743828,0.713451328,0.695097578
9/9/2011,4.9285,4.946403846,4.937451923,7.737963671,8.06455876,7.901261215,6.765022522,7.00654869,6.885785606,0.670269109,0.706474734,0.688371921
9/12/2011,4.923865385,4.94,4.931932692,7.659769426,7.969791426,7.814780426,6.56705669,6.824108023,6.695582357,0.658052234,0.694200984,0.676126609
9/13/2011,4.904576923,4.922642857,4.91360989,7.63068162,7.939748845,7.785215232,6.588677246,6.840411169,6.714544207,0.652359693,0.687128443,0.669744068
9/14/2011,4.8925,4.908846154,4.900673077,7.569240416,7.862001749,7.715621083,6.546930357,6.799778482,6.67335442,0.649552936,0.683574811,0.666563874
9/15/2011,4.8442,4.876692308,4.860446154,7.527040005,7.843242671,7.685141338,6.572635675,6.815407386,6.69402153,0.639396415,0.67741829,0.658407352
9/16/2011,4.828357143,4.855357143,4.841857143,7.488749943,7.806594613,7.647672278,6.569065835,6.804000224,6.68653303,0.639294333,0.677716562,0.658505448
9/19/2011,4.824523571,4.839615385,4.832069478,7.411442479,7.709235813,7.560339146,6.460192802,6.702645927,6.581419364,0.620859055,0.661699055,0.641279055
9/20/2011,4.824523571,4.839615385,4.832069478,7.411442479,7.709235813,7.560339146,6.460192802,6.702645927,6.581419364,0.620859055,0.661699055,0.641279055
9/21/2011,4.867142857,4.886923077,4.877032967,7.430865675,7.741808342,7.586337009,6.484635345,6.750331701,6.617483523,0.609912116,0.651203366,0.630557741
9/22/2011,4.9265,4.945666667,4.936083333,7.481306923,7.811274615,7.646290769,6.544600714,6.811987857,6.678294286,0.594192143,0.636852667,0.615522405
9/23/2011,5.051428571,5.107142857,5.079285714,7.662705247,7.936711247,7.799708247,6.709828358,6.976649711,6.843239035,0.599541342,0.637836883,0.618689113
9/26/2011,5.044375,5.06306,5.0537175,7.6929976,8.0337576,7.8633776,6.664504992,6.950534325,6.807519658,0.60474136,0.644600735,0.624671047
9/27/2011,4.93901,4.986642857,4.962826429,7.497706698,7.882876698,7.690291698,6.525962232,6.795491467,6.660726849,0.605729413,0.648555663,0.627142538
9/28/2011,4.784384615,4.810153846,4.797269231,7.361228498,7.688136031,7.524682265,6.403829592,6.705524592,6.554677092,0.595767538,0.635382538,0.615575038
9/29/2011,4.835357143,4.859142857,4.84725,7.436268388,7.766597722,7.601433055,6.488231757,6.737709207,6.612970482,0.601479631,0.640421506,0.620950568
9/30/2011,4.811642857,4.841464286,4.826553571,7.348659764,7.705963764,7.527311764,6.382771739,6.658891739,6.520831739,0.585641301,0.626186301,0.605913801
10/3/2011,4.94,4.967357143,4.953678571,7.427206629,7.772635296,7.599920963,6.403206456,6.653955553,6.528581004,0.586540467,0.625667342,0.606103905
10/4/2011,4.966047857,4.998333077,4.982190467,7.509444028,7.863624028,7.686534028,6.428842797,6.682805922,6.555824359,0.587055547,0.629053672,0.60805461
10/5/2011,4.959642857,4.978928571,4.969285714,7.492610566,7.823752566,7.658181566,6.451400799,6.722143249,6.586772024,0.590487952,0.631066077,0.610777015
10/6/2011,4.958974615,4.9785,4.968737308,7.486460417,7.804620417,7.645540417,6.470247509,6.720602509,6.595425009,0.601267419,0.642178205,0.621722812
10/7/2011,4.931153846,4.9525,4.941826923,7.486598995,7.809712566,7.64815578,5.980573777,6.763299111,6.371936444,0.601164956,0.642146625,0.621655791
10/10/2011,4.912307692,4.931692308,4.922,7.452392922,7.808045779,7.630219351,6.113446336,6.752781669,6.433114003,0.602738129,0.641373587,0.622055858
10/11/2011,4.925416667,4.944,4.934708333,7.530929099,7.835851159,7.683390129,6.559271043,6.792918446,6.676094745,0.602407339,0.642584214,0.622495777
10/12/2011,4.939615385,4.956384615,4.948,7.554768603,7.874904029,7.714836316,6.610281988,6.867787613,6.7390348,0.606185282,0.646001202,0.626093242
10/13/2011,4.948846154,4.965357143,4.957101648,7.606714534,7.915706232,7.761210383,6.66189349,6.909487022,6.785690256,0.611339305,0.651256805,0.631298055
10/14/2011,4.952083333,4.979,4.965541667,7.452248199,7.757534199,7.604891199,6.681719911,6.938764572,6.810242242,0.611194821,0.650391696,0.630793259
10/17/2011,4.990416667,5.006538462,4.998477564,7.684117244,7.992950095,7.838533669,6.731304744,7.000071323,6.865688034,0.613161814,0.654420564,0.633791189
10/18/2011,5.014642857,5.034285714,5.024464286,7.743790095,8.054096095,7.898943095,6.760917573,7.024148823,6.892533198,0.608069314,0.649723064,0.628896189
10/19/2011,5.017714286,5.050071429,5.033892857,7.730841608,8.046191608,7.888516608,6.790526636,7.063262056,6.926894346,0.613258616,0.650316741,0.631787679
10/20/2011,4.991071429,5.006538462,4.998804945,7.70347458,8.041233608,7.872354094,6.736257681,7.005822056,6.871039869,0.602705191,0.643519866,0.623112528
10/21/2011,4.959214286,4.979230769,4.969222527,7.69506034,8.007389651,7.851224995,6.708012366,6.97118319,6.839597778,0.592434447,0.630637294,0.611535871
10/24/2011,4.959214286,4.979230769,4.969222527,7.69506034,8.007389651,7.851224995,6.708012366,6.97118319,6.839597778,0.592434447,0.630637294,0.611535871
10/25/2011,4.922142857,4.947714286,4.934928571,7.694643242,8.031360575,7.863001909,6.71228701,6.98307701,6.84768201,0.603496281,0.641680031,0.622588156
10/26/2011,4.931190714,4.950514286,4.9408525,7.754212575,8.063321909,7.908767242,6.715449477,6.997117635,6.856283556,0.603408781,0.643236281,0.623322531
10/27/2011,4.8775,4.904142857,4.890821429,7.699696561,8.047441228,7.873568894,6.742856975,6.891928308,6.817392642,0.606843331,0.644874581,0.625858956
10/28/2011,4.86185,4.893845,4.8778475,7.648299884,7.929888119,7.789094001,6.742507983,7.013756316,6.87813215,0.607802833,0.647261722,0.627532278
10/31/2011,4.890131765,4.930743529,4.910437647,7.670283188,7.973280247,7.821781718,6.725064005,6.993940711,6.859502358,0.609305934,0.647458712,0.628382323
11/1/2011,4.95250875,4.98347125,4.96799,7.742989791,7.908670379,7.825830085,6.708331832,6.968049586,6.838190709,0.602109131,0.64111302,0.621611075
11/2/2011,4.934466667,4.970083333,4.952275,7.777869158,8.08236857,7.930118864,6.68906661,6.947748176,6.818407393,0.600101829,0.637372384,0.618737106
11/3/2011,4.941810625,4.971548,4.956679313,7.72568998,8.033049981,7.879369981,6.658406247,6.93307958,6.795742914,0.600472694,0.637733805,0.619103249
11/4/2011,4.93625,4.965033333,4.950641667,7.752406158,8.056870918,7.904638538,6.689285973,6.963230418,6.826258196,0.610614437,0.648109437,0.629361937
11/7/2011,4.957933333,4.9966,4.977266667,7.779258631,8.095264514,7.937261572,6.688537639,6.955209853,6.821873746,0.608060611,0.647069499,0.627565055
11/8/2011,4.961339333,4.9899775,4.975658417,7.799702943,8.114567649,7.957135296,6.703032403,6.962232403,6.832632403,0.607800774,0.646335774,0.627068274
11/9/2011,4.984694375,5.017407333,5.001050854,7.810001408,8.146554266,7.978277837,6.714988847,6.979537015,6.847262931,0.612417334,0.650061222,0.631239278
11/10/2011,5.017015,5.0467275,5.03187125,7.815344979,8.078944979,7.947144979,6.6921476,6.9286704,6.810409,0.60558464,0.644862418,0.625223529
11/11/2011,5.006180667,5.042558667,5.024369667,7.814698054,8.139298169,7.976998112,6.698872081,6.968378192,6.833625137,0.610100675,0.648747898,0.629424286
11/14/2011,5.0062775,5.038162667,5.022220083,7.837571298,8.164900121,8.00123571,6.725338612,6.999439706,6.862389159,0.613416507,0.652921701,0.633169104
11/15/2011,5.009640625,5.055357143,5.032498884,7.811327919,8.136431449,7.973879684,6.701518041,6.965798041,6.833658041,0.607049351,0.648439351,0.627744351
11/16/2011,5.018138125,5.048079375,5.03310875,7.771483062,8.086458944,7.928971003,6.653341713,6.900553935,6.776947824,0.597037615,0.634087059,0.615562337
11/17/2011,5.016034375,5.04520125,5.030617813,7.742136445,8.047984681,7.895060563,6.646638319,6.893541746,6.770090032,0.597444696,0.635550251,0.616497473
11/18/2011,5.011232667,5.048344,5.029788333,7.753786186,7.89436148,7.824073833,6.641715872,6.918310872,6.780013372,0.594235298,0.633936409,0.614085854
11/21/2011,5.028284667,5.058329333,5.043307,7.731754685,8.043318802,7.887536743,6.663077997,6.907864467,6.785471232,0.593478035,0.630850257,0.612164146
11/22/2011,5.0391025,5.08029,5.05969625,7.735434639,8.047091514,7.891263076,6.698891445,6.950056355,6.8244739,0.588860014,0.627138764,0.607999389
11/23/2011,5.070514667,5.105225333,5.08787,7.735829412,8.052064706,7.893947059,6.676835294,6.941142222,6.808988758,0.584062778,0.621827778,0.602945278
11/24/2011,5.0886525,5.122729333,5.105690917,7.745725578,8.054373225,7.900049401,6.674481736,6.929136544,6.80180914,0.580382056,0.6199215,0.600151778
11/25/2011,5.08475375,5.116795,5.100774375,7.71309675,8.019421647,7.866259199,6.63527599,6.888574323,6.761925157,0.580323256,0.618584367,0.599453811
11/28/2011,5.089844,5.120933333,5.105388667,7.738862375,8.046964589,7.892913482,6.657464323,6.902076342,6.779770333,0.587466589,0.623048811,0.6052577
11/29/2011,5.081261176,5.130457647,5.105859412,7.742019851,8.052102213,7.897061032,6.666977228,6.926151771,6.796564499,0.593236615,0.630553837,0.611895226
11/30/2011,5.08675,5.121133333,5.103941667,7.781565911,8.099238264,7.940402087,6.6634117,6.950069478,6.806740589,0.59308998,0.630141648,0.611615814
12/1/2011,5.071896,5.11084,5.091368,7.795082557,8.121174321,7.958128439,6.699891627,6.985167738,6.842529682,0.603956799,0.642999576,0.623478188
12/2/2011,5.072150714,5.10687,5.089510357,7.802152378,8.114196496,7.958174437,6.768936814,6.972080156,6.870508485,0.608012479,0.64683359,0.627423035
12/5/2011,5.098178,5.13,5.114089,7.785270972,8.102948472,7.944109722,6.399073092,6.96209445,6.680583771,0.614333004,0.65327467,0.633803837
12/6/2011,5.122840625,5.152069333,5.137454979,7.838283874,8.156926816,7.997605345,6.724336398,6.983026598,6.853681498,0.615172388,0.654873499,0.635022944
12/7/2011,5.096532667,5.128110667,5.112321667,7.827659247,8.135989835,7.981824541,6.737330841,7.006099126,6.871714984,0.620166274,0.660090718,0.640128496
12/8/2011,5.097894,5.124203333,5.111048667,7.828566875,8.162188235,7.995377555,6.706542778,6.972553529,6.839548154,0.616201176,0.654634444,0.63541781
12/9/2011,5.09841,5.130059333,5.114234667,7.811342635,8.133417929,7.972380282,6.684469251,6.946349251,6.815409251,0.605745791,0.644144914,0.624945353
12/12/2011,5.10626,5.134655333,5.120457667,7.800128635,8.117111657,7.958620146,6.680215553,6.942896468,6.811556011,0.609365262,0.648039151,0.628702207
12/13/2011,5.111809333,5.154915,5.133362167,7.813949277,8.137098689,7.975523983,6.622048127,6.724550349,6.673299238,0.603034199,0.639324199,0.621179199
12/14/2011,5.116025882,5.157215,5.136620441,7.77508377,8.102424724,7.938754247,6.573677467,6.833405245,6.703541356,0.600941031,0.638220476,0.619580753
12/15/2011,5.112859375,5.1544375,5.133648438,7.765780357,8.084420357,7.925100357,6.565955845,6.816440551,6.691198198,0.594271767,0.632315656,0.613293711
12/16/2011,5.105207333,5.147107333,5.126157333,7.784788362,8.09870034,7.941744351,6.562330952,6.80998507,6.686158011,0.59558647,0.634023737,0.614805103
12/19/2011,5.101111176,5.141267647,5.121189412,7.768546224,8.084835636,7.92669093,6.538644386,6.786468762,6.662556574,0.592883875,0.631911097,0.612397486
12/20/2011,5.100704375,5.13899625,5.119850313,7.787430228,8.081191404,7.934310816,6.54196928,6.785320457,6.663644869,0.594862224,0.632083891,0.613473057
12/21/2011,5.090346,5.138043125,5.114194563,7.832236952,8.159702246,7.995969599,6.566681722,6.815517118,6.69109942,0.606096389,0.646058257,0.626077323
12/22/2011,5.10094,5.141393333,5.121166667,7.676096137,7.999594011,7.837845074,6.549945611,6.799460647,6.674703129,0.604438812,0.639693812,0.622066312
12/23/2011,5.107329375,5.145691875,5.126510625,7.877146749,8.184719102,8.030932925,6.560358554,6.808095528,6.684227041,0.610244749,0.644361707,0.627303228
12/26/2011,5.107329375,5.145691875,5.126510625,7.877146749,8.184719102,8.030932925,6.560358554,6.808095528,6.684227041,0.610244749,0.644361707,0.627303228
12/27/2011,5.104833571,5.134831333,5.119832452,7.844325921,8.159887925,8.002106923,6.560425777,6.811462443,6.68594411,0.611775596,0.64562393,0.628699763
12/28/2011,5.092854667,5.123901429,5.108378048,7.847946797,8.150045122,7.99899596,6.55078197,6.804795218,6.677788594,0.60967467,0.646177023,0.627925847
12/29/2011,5.09640375,5.13657875,5.11649125,7.73979153,8.066387155,7.903089342,6.488412107,6.730593408,6.609502757,0.607552996,0.639655051,0.623604023
12/30/2011,5.098855625,5.142775,5.120815313,7.751746478,8.04378236,7.897764419,6.496025066,6.72497451,6.610499788,0.606031776,0.642773443,0.62440261
1/2/2012,5.098855625,5.142775,5.120815313,7.751746478,8.04378236,7.897764419,6.496025066,6.72497451,6.610499788,0.606031776,0.642773443,0.62440261
1/3/2012,5.106186875,5.145986875,5.126086875,7.3741862,8.10756267,7.740874435,6.501602537,6.760995173,6.631298855,0.616173505,0.652008505,0.634091005
1/4/2012,5.10574,5.14674375,5.126241875,7.827147518,8.134904577,7.981026047,6.524453014,6.768039513,6.646246264,0.615297253,0.652026142,0.633661697
1/5/2012,5.127425625,5.16750375,5.147464688,7.828826536,8.12385183,7.976339183,6.496633231,6.738921068,6.61777715,0.612096548,0.649145993,0.63062127
1/6/2012,5.135080625,5.185718125,5.160399375,7.828465234,8.128467407,7.97846632,6.464201694,6.701975911,6.583088802,0.613908948,0.648047339,0.630978144
1/9/2012,5.146529333,5.192579375,5.169554354,7.781658974,8.081165913,7.931412444,6.500486858,6.750955093,6.625720975,0.614855816,0.647939705,0.631397761
1/10/2012,5.132795333,5.177064667,5.15493,7.643190913,7.949310288,7.796250601,6.192723917,6.44133981,6.317031863,0.614887483,0.651606928,0.633247205
1/11/2012,5.11252,5.157046,5.134783,7.792202808,8.100524683,7.946363745,6.446535872,6.761228323,6.603882097,0.615481712,0.650287173,0.632884443
1/12/2012,5.08260375,5.125666667,5.104135208,7.678740933,7.989404058,7.834072495,6.478416239,6.714547212,6.596481725,0.615409948,0.648742728,0.632076338
1/13/2012,5.07285375,5.11975,5.096301875,7.672541962,7.996303837,7.834422899,6.493124851,6.735267792,6.614196321,0.616147034,0.666192589,0.641169811
1/16/2012,5.09730625,5.15097,5.124138125,7.698854406,7.995146006,7.847000206,6.444416658,6.689220177,6.566818417,0.612279541,0.645251234,0.628765387
1/17/2012,5.105694375,5.146850667,5.126272521,7.706812718,8.004713343,7.85576303,6.47528418,6.712283592,6.593783886,0.617728533,0.652079726,0.634904129
1/18/2012,5.107801429,5.15657,5.132185714,7.713358438,8.025099161,7.869228799,6.486672067,6.741870956,6.614271512,0.622012663,0.655412107,0.638712385
1/19/2012,5.128945385,5.163412143,5.146178764,7.770168588,8.054922427,7.912545508,6.530556215,6.792254227,6.661405221,0.625702388,0.661050589,0.643376488
1/20/2012,5.11375,5.166989286,5.140369643,7.799250901,8.101311526,7.950281214,6.611078478,6.848507367,6.729792922,0.630099384,0.666213828,0.648156606
1/23/2012,5.113102857,5.148828462,5.130965659,7.815538897,8.102498272,7.959018585,6.566170646,6.808091823,6.687131234,0.629566508,0.665248861,0.647407684
1/24/2012,5.107627143,5.143074667,5.125350905,7.807845772,7.922174522,7.865010147,6.60922947,6.859137705,6.734183587,0.625805331,0.660638273,0.643221802
1/25/2012,5.098138571,5.143846667,5.120992619,7.827888272,8.127303897,7.977596085,6.613625055,6.858315055,6.735970055,0.630142258,0.663680035,0.646911146
1/26/2012,5.083106923,5.134117143,5.108612033,7.849342621,8.150568082,7.999955351,6.660454103,6.90285175,6.781652927,0.631353157,0.668579648,0.649966403
1/27/2012,5.106767143,5.139124286,5.122945714,7.847777287,8.155504332,8.00164081,6.645987632,6.902674691,6.774331162,0.631709648,0.670456315,0.651082981
1/30/2012,5.109635625,5.150223333,5.129929479,7.86351366,8.178356602,8.020935131,6.605155667,6.855473059,6.730314363,0.636851357,0.674525395,0.655688376
1/31/2012,5.109888667,5.154559333,5.132224,7.878620139,8.213353889,8.045987014,6.682806222,6.939354823,6.811080523,0.636960101,0.673548429,0.655254265
2/1/2012,5.136337143,5.170266923,5.153302033,7.892152815,8.223832014,8.057992415,6.659240667,6.904793444,6.782017055,0.635807873,0.673495651,0.654651762
2/2/2012,5.152776429,5.172847857,5.162812143,7.973129329,8.298843704,8.135986517,6.721863643,6.982910328,6.852386986,0.651245919,0.687829808,0.669537863
2/3/2012,5.140970625,5.184914375,5.1629425,7.814155526,8.122453026,7.968304276,6.730429583,6.993333495,6.861881539,0.650421745,0.69134119,0.670881467
2/6/2012,5.150203333,5.196292667,5.173248,7.968195703,8.294065078,8.131130391,6.700885562,6.947696673,6.824291118,0.658535153,0.699325708,0.67893043
2/7/2012,5.167899286,5.204416429,5.186157857,8.005125996,8.328329746,8.166727871,6.739878055,7.000109706,6.869993881,0.663264019,0.701998796,0.682631408
2/8/2012,5.1750175,5.206974,5.19099575,8.094363825,8.39273195,8.243547888,6.82118367,7.08154918,6.951366425,0.666338892,0.702878953,0.684608923
2/9/2012,5.189071429,5.223452143,5.206261786,8.06110808,8.37958195,8.220345015,6.836939226,7.08905867,6.962998948,0.667624186,0.703466731,0.685545459
2/10/2012,5.2141,5.255892857,5.234996429,8.091244662,8.397331329,8.244287996,6.864485078,7.116865955,6.990675516,0.662696664,0.698936076,0.68081637
2/13/2012,5.259215882,5.297618824,5.278417353,8.159130783,8.259422731,8.209276757,6.923800364,7.154530387,7.039165376,0.66511917,0.701618631,0.683368901
2/14/2012,5.233788125,5.27906625,5.256427188,8.115838128,8.43999012,8.277914124,6.885173584,7.124841231,7.005007408,0.667303667,0.702079222,0.684691444
2/15/2012,5.169682143,5.21677,5.193226071,8.055638235,8.363789568,8.209713902,6.814389281,7.064601736,6.939495508,0.661366333,0.696308902,0.678837618
2/16/2012,5.179276429,5.211444,5.195360214,7.999614717,8.305105342,8.15236003,6.727093393,6.966794504,6.846943949,0.650145673,0.687059247,0.66860246
2/17/2012,5.191966,5.225630714,5.208798357,8.067536922,8.380042547,8.223789735,6.781724488,7.0250339,6.903379194,0.652066672,0.688392227,0.67022945
2/20/2012,5.207745714,5.241082857,5.224414286,8.137922029,8.390783602,8.264352815,6.852585921,7.078371216,6.965478569,0.664363429,0.694916757,0.679640093
2/21/2012,5.209895385,5.268521538,5.239208462,8.146592667,8.465301333,8.305947,6.888936875,7.122782353,7.005859614,0.665865294,0.701489412,0.683677353
2/22/2012,5.210674286,5.257912857,5.234293571,8.121089414,8.388636081,8.254862748,6.877646874,7.101470429,6.989558652,0.660264416,0.693377357,0.676820887
2/23/2012,5.228,5.274880714,5.251440357,8.08880098,8.383699043,8.236250012,6.902795377,7.138847458,7.020821417,0.661251094,0.698343317,0.679797206
2/24/2012,5.247654615,5.283606429,5.265630522,8.119810901,8.430071526,8.274941213,6.945234013,7.183653073,7.064443543,0.669620945,0.703099833,0.686360389
2/27/2012,5.26241125,5.295859286,5.279135268,8.208125527,8.506501777,8.357313652,7.004865177,7.246139599,7.125502388,0.675749925,0.707173814,0.691461869
2/28/2012,5.244484667,5.285829286,5.265156976,8.004867416,8.299232416,8.152049916,7.068678683,7.325212572,7.196945628,0.678867169,0.713274391,0.69607078
2/29/2012,5.229864286,5.271656154,5.25076022,8.216480599,8.514143099,8.365311849,6.996092474,7.249550807,7.122821641,0.682684406,0.717571939,0.700128172
3/1/2012,5.23898,5.274398571,5.256689286,8.183573267,8.509160142,8.346366705,6.952263628,7.290008334,7.121135981,0.681011572,0.719468794,0.700240183
3/2/2012,5.250822667,5.32571,5.288266333,8.210904617,8.593723169,8.402313893,6.868573978,7.117267742,6.99292086,0.684079441,0.721888264,0.702983852
3/5/2012,5.248188667,5.32444,5.286314333,8.174756189,8.556469552,8.365612871,6.913485535,7.165679116,7.039582325,0.677301719,0.716493942,0.696897831
3/6/2012,5.249666429,5.349261429,5.299463929,8.180412052,8.498916427,8.339664239,6.910218956,7.161841897,7.036030426,0.676380757,0.715420159,0.695900458
3/7/2012,5.243525385,5.278511429,5.261018407,8.117934769,8.437562269,8.277748519,6.868082926,7.128569569,6.998326247,0.670216491,0.708282602,0.689249547
3/8/2012,5.243525385,5.278511429,5.261018407,8.117934769,8.437562269,8.277748519,6.868082926,7.128569569,6.998326247,0.670216491,0.708282602,0.689249547
3/9/2012,5.242097692,5.278276923,5.260187308,8.139728352,8.470806352,8.305267352,6.921189405,7.172886905,7.047038155,0.680128852,0.718587087,0.699357969
3/12/2012,5.242097692,5.278276923,5.260187308,8.139728352,8.470806352,8.305267352,6.921189405,7.172886905,7.047038155,0.680128852,0.718587087,0.699357969
3/13/2012,5.244114667,5.277217857,5.260666262,8.083054205,8.402196705,8.242625455,6.877594413,7.130511636,7.004053024,0.679053812,0.719848812,0.699451312
3/14/2012,5.238618,5.271573333,5.255095667,8.098694939,8.41629088,8.257492909,6.832049671,7.084979133,6.958514402,0.675146026,0.714378248,0.694762137
3/15/2012,5.252567692,5.288194286,5.270380989,8.08490167,8.39942042,8.242161045,6.821486287,7.065649816,6.943568052,0.66849058,0.704841135,0.686665858
3/16/2012,5.255638571,5.28902,5.272329286,8.133994941,8.442625258,8.288310099,6.852194671,7.105875227,6.979034949,0.673156358,0.711001913,0.692079136
3/19/2012,5.260726154,5.296952308,5.278839231,8.200219908,8.493594614,8.346907261,6.810939374,7.05551552,6.933227447,0.680285477,0.71503783,0.697661653
3/20/2012,5.272221429,5.309102857,5.290662143,8.213000045,8.527083792,8.370041918,6.92526212,7.185074342,7.055168231,0.677120102,0.717955102,0.697537602
3/21/2012,5.285458667,5.321202143,5.303330405,8.23364731,8.613344978,8.423496144,6.965211828,7.220933112,7.09307247,0.677298205,0.71693376,0.697115983
3/22/2012,5.304414667,5.339059533,5.3217371,8.246099206,8.555137956,8.400618581,6.968595065,7.216199182,7.092397124,0.673825706,0.712899594,0.69336265
3/23/2012,5.31123,5.336712143,5.323971071,8.251963389,8.566330722,8.409147056,6.976052449,7.218971338,7.097511893,0.672513575,0.710747265,0.69163042
3/26/2012,5.309466667,5.340916667,5.325191667,8.271376092,8.591406092,8.431391092,6.991681199,7.258959505,7.125320352,0.674151604,0.711548271,0.692849938
3/27/2012,5.288914,5.321517857,5.305215929,8.294927364,8.628212989,8.461570176,7.024703646,7.288323646,7.156513646,0.680600306,0.718864195,0.69973225
3/28/2012,5.268242667,5.299480714,5.28386169,8.272373078,8.591381203,8.43187714,7.010353657,7.269950343,7.140152,0.676338411,0.714090078,0.695214245
3/29/2012,5.272929333,5.302805,5.287867167,8.24058808,8.575252455,8.407920268,7.002649626,7.237449647,7.120049637,0.670216942,0.707944164,0.689080553
3/30/2012,5.266640889,5.285615238,5.276128063,8.256956243,8.580514993,8.418735618,6.988295584,7.243844736,7.11607016,0.66881944,0.705225027,0.687022234
4/2/2012,5.257418667,5.290430714,5.27392469,8.263801121,8.587271121,8.425536121,6.98325056,7.243017063,7.113133811,0.671744625,0.710670736,0.69120768
4/3/2012,5.262773571,5.440654286,5.351713929,8.274402371,8.596959871,8.435681121,6.972407226,7.238735298,7.105571262,0.67052725,0.708166847,0.689347048
4/4/2012,5.252762667,5.287484286,5.270123476,8.206651194,8.532281819,8.369466506,6.923035241,7.175808284,7.049421762,0.663997293,0.699787293,0.681892293
4/5/2012,5.251574,5.284245714,5.267909857,8.195905319,8.523476194,8.359690756,6.87814495,7.135337172,7.006741061,0.658690663,0.696496182,0.677593423
4/6/2012,5.251574,5.284245714,5.267909857,8.195905319,8.523476194,8.359690756,6.87814495,7.135337172,7.006741061,0.658690663,0.696496182,0.677593423
4/9/2012,5.251574,5.284245714,5.267909857,8.195905319,8.523476194,8.359690756,6.87814495,7.135337172,7.006741061,0.658690663,0.696496182,0.677593423
4/10/2012,5.241137333,5.285359333,5.263248333,8.200193694,8.518394319,8.359294006,6.779583839,7.031087006,6.905335423,0.651972849,0.687035626,0.669504238
4/11/2012,5.22351375,5.264930667,5.244222208,8.185990964,8.503240904,8.344615934,6.834693047,7.083840825,6.959266936,0.643354491,0.67774702,0.660550755
4/12/2012,5.2225,5.267622,5.245061,8.178672154,8.494430904,8.336551529,6.840980103,7.090504992,6.965742547,0.642513686,0.677543686,0.660028686
4/13/2012,5.2210275,5.267406667,5.244217083,8.001534029,8.504208298,8.252871163,6.847814159,7.07728558,6.962549869,0.645343686,0.679819242,0.662581464
4/16/2012,5.22140625,5.263588667,5.242497458,8.063612964,8.436689029,8.250150997,6.787461381,7.031690286,6.909575833,0.639806464,0.678120908,0.658963686
4/17/2012,5.225380714,5.336510667,5.28094569,8.162036529,8.482400279,8.322218404,6.82611027,7.07683527,6.95147277,0.641783131,0.677453686,0.659618408
4/18/2012,5.249166667,5.289801875,5.269484271,8.205342964,8.521777154,8.363560059,6.84487527,7.087286756,6.966081013,0.651299242,0.688148686,0.669723964
4/19/2012,5.254804,5.299099286,5.276951643,8.265037779,8.584254654,8.424646217,6.86502205,7.116419697,6.990720874,0.653945353,0.689520353,0.671732853
4/20/2012,5.268948125,5.309633333,5.289290729,8.314060782,8.648496984,8.481278883,6.904128446,7.16688659,7.035507518,0.657912491,0.692104713,0.675008602
4/23/2012,5.228045,5.26967,5.2488575,8.302074896,8.629898896,8.465986896,6.900368173,7.156708761,7.028538467,0.656167138,0.691600971,0.673884054
4/24/2012,5.184493125,5.22670125,5.205597188,8.24834788,8.57260788,8.41047788,6.833395559,7.101100003,6.967247781,0.649698288,0.684772732,0.66723551
4/25/2012,5.146348,5.174610714,5.160479357,8.184408386,8.493277761,8.338843073,6.77358397,7.041227303,6.907405636,0.647858053,0.684447495,0.666152774
4/26/2012,5.146027143,5.175837143,5.160932143,8.168132661,8.481663598,8.324898129,6.748290383,7.012567049,6.880428716,0.647724074,0.683952181,0.665838127
4/27/2012,5.187565625,5.229392,5.208478813,8.217106877,8.550122502,8.383614689,6.796259661,7.060130235,6.928194948,0.647805993,0.684257659,0.666031826
4/30/2012,5.229305625,5.259305625,5.244305625,8.119203958,8.446740208,8.282972083,6.859028424,7.126510684,6.992769554,0.657535683,0.692917034,0.675226359
5/1/2012,5.229305625,5.259305625,5.244305625,8.119203958,8.446740208,8.282972083,6.859028424,7.126510684,6.992769554,0.657535683,0.692917034,0.675226359
5/2/2012,5.217518,5.247602857,5.232560429,8.315813333,8.656350208,8.48608177,6.876852868,7.150501272,7.01367707,0.660470367,0.699007034,0.679738701
5/3/2012,5.14822875,5.183380714,5.165804732,8.216962283,8.54865714,8.382809711,6.770403534,7.043689625,6.90704658,0.65369327,0.690504936,0.672099103
5/4/2012,5.1395975,5.171140769,5.155369135,8.186919638,8.507757638,8.347338638,6.742045433,6.990639492,6.866342462,0.651439945,0.685622298,0.668531122
5/7/2012,5.188462667,5.218328571,5.203395619,8.231696777,8.548279479,8.389988128,6.737386336,6.995215225,6.86630078,0.646602256,0.683432256,0.665017256
5/8/2012,5.159451333,5.202696,5.181073667,8.221491441,8.540472601,8.380982021,6.656794681,6.882234681,6.769514681,0.647621471,0.683610882,0.665616176
5/9/2012,5.143118571,5.167142857,5.155130714,8.161434774,8.282110726,8.22177275,6.670008523,6.919431464,6.794719994,0.635658056,0.674293056,0.654975556
5/10/2012,5.121555333,5.151285714,5.136420524,8.156582601,8.469663851,8.313123226,6.646975828,6.899622641,6.773299234,0.632065588,0.670034167,0.651049877
5/11/2012,5.130466667,5.163222,5.146844333,8.132777011,8.422681573,8.277729292,6.609670278,6.861190818,6.735430548,0.619934089,0.656422422,0.638178255
5/14/2012,5.155851333,5.198888571,5.177369952,8.134809746,8.472898247,8.303853996,6.623070478,6.880346852,6.751708665,0.61948862,0.656184503,0.637836562
5/15/2012,5.180444667,5.217078235,5.198761451,8.153143599,8.480218374,8.316680987,6.617978639,6.6882985,6.653138569,0.61892594,0.654192607,0.636559274
5/16/2012,5.226700769,5.260110769,5.243405769,8.194381047,8.516125272,8.35525316,6.618674504,6.87842006,6.748547282,0.612862052,0.650166798,0.631514425
5/17/2012,5.203491429,5.233825,5.218658214,8.135777767,8.450635618,8.293206692,6.613648318,6.685966651,6.649807485,0.614821113,0.651510557,0.633165835
5/18/2012,5.218185333,5.230555714,5.224370524,8.090568792,8.386489805,8.238529299,6.595263475,6.661298973,6.628281224,0.606461133,0.642420515,0.624440824
5/21/2012,5.187692667,5.218426,5.203059333,8.082454625,8.3826325,8.232543563,6.610775853,6.848674676,6.729725265,0.611694518,0.647582899,0.629638709
5/22/2012,5.183296,5.220962667,5.202129333,8.065433125,8.366618733,8.216025929,6.614511444,6.863965,6.739238222,0.616111176,0.651161111,0.633636144
5/23/2012,5.221135,5.237349286,5.229242143,8.0319186,8.363876875,8.197897738,6.572332722,6.816433889,6.694383306,0.607480588,0.642832222,0.625156405
5/24/2012,5.232757857,5.259021538,5.245889698,8.058603125,8.37037,8.214486563,6.550902778,6.804523529,6.677713154,0.610291111,0.6421,0.626195556
5/25/2012,5.232757857,5.259021538,5.245889698,8.058603125,8.37037,8.214486563,6.550902778,6.804523529,6.677713154,0.610291111,0.6421,0.626195556
5/28/2012,5.242082857,5.271463571,5.256773214,8.084854449,8.395582574,8.240218511,6.569121369,6.81648648,6.692803925,0.615688558,0.649405781,0.632547169
5/29/2012,5.257518,5.285365,5.2714415,8.10563335,8.410776475,8.258204913,6.597677693,6.843231999,6.720454846,0.620545878,0.65733944,0.638942659
5/30/2012,5.29144,5.323129333,5.307284667,8.085332725,8.406361475,8.2458471,6.548855471,6.808141675,6.678498573,0.614798885,0.649079996,0.63193944
5/31/2012,5.317385,5.343055385,5.330220192,8.112404508,8.41593407,8.264169289,6.574180182,6.833066075,6.703623128,0.883531319,0.915042912,0.899287116
6/1/2012,5.31197,5.337062857,5.324516429,8.067511858,8.383336742,8.2254243,6.56205883,6.818562497,6.690310664,0.610913374,0.645256707,0.62808504
6/4/2012,5.318962667,5.348162667,5.333562667,8.032016112,8.354988612,8.193502362,6.580057626,6.828416214,6.70423692,0.60572669,0.641240579,0.623483635
6/5/2012,5.313366,5.352322143,5.332844071,8.028804974,8.356826224,8.192815599,6.599882993,6.858997993,6.729440493,0.61165304,0.647321929,0.629487485
6/6/2012,5.314129333,5.34471,5.329419667,8.049417788,8.362722927,8.206070358,6.616105158,6.857705982,6.73690557,0.618845618,0.652418062,0.63563184
6/7/2012,5.3022,5.319558571,5.310879286,8.086049884,8.388946142,8.237498013,6.626649545,6.885661793,6.756155669,0.621945625,0.658571736,0.64025868
6/8/2012,5.309164,5.339551429,5.324357714,8.050447364,8.323598177,8.187022771,6.611383672,6.85919345,6.735288561,0.615562404,0.651874627,0.633718516
6/11/2012,5.307331429,5.336255,5.321793214,8.113042501,8.421161095,8.267101798,6.658867289,6.92374713,6.791307209,0.623091764,0.658751986,0.640921875
6/12/2012,5.312428667,5.341218667,5.326823667,8.075100173,8.414489575,8.244794874,6.535555657,6.768027599,6.651791628,0.616971112,0.653214445,0.635092778
6/13/2012,5.301313571,5.335532857,5.318423214,8.097717222,8.418487222,8.258102222,6.520385343,6.77237701,6.646381176,0.616391667,0.652425001,0.634408334
6/14/2012,5.269684667,5.303257143,5.286470905,8.054652673,8.367525026,8.211088849,6.524848026,6.786574497,6.655711262,0.615317748,0.651262748,0.633290248
6/15/2012,5.226088667,5.276626,5.251357333,7.999279569,8.321425569,8.160352569,6.513641863,6.757136086,6.635388975,0.611955487,0.647373821,0.629664654
6/18/2012,5.194592667,5.23551375,5.215053208,7.99231715,8.326765553,8.159541351,6.472255778,6.715116249,6.593686014,0.611736401,0.64907974,0.63040807
6/19/2012,5.1859375,5.226555333,5.206246417,8.003920569,8.330284033,8.167102301,6.442317777,6.688924956,6.565621366,0.612042348,0.648016237,0.630029293
6/20/2012,5.154738667,5.199069333,5.176904,7.991897791,8.307437846,8.149667818,6.441528324,6.694276102,6.567902213,0.61472672,0.65078172,0.63275422
6/21/2012,5.148861333,5.199798667,5.17433,7.967264057,8.302327263,8.13479566,6.437456386,6.677799503,6.557627945,0.61519686,0.649268527,0.632232693
6/22/2012,5.13574625,5.179684667,5.157715458,7.907724397,8.247957927,8.077841162,6.371615278,6.603198808,6.487407043,0.601482551,0.639706995,0.620594773
6/25/2012,5.149481875,5.191154,5.170317938,7.880651879,8.211129467,8.045890673,6.335209107,6.569615289,6.452412198,0.597947434,0.6363141,0.617130767
6/26/2012,5.14927375,5.184852,5.167062875,7.9022603,8.228505223,8.065382762,6.33394025,6.581849139,6.457894695,0.595862175,0.631418286,0.61364023
6/27/2012,5.15237,5.195055625,5.173712813,7.91343411,8.246064604,8.079749357,6.338280985,6.575053513,6.456667249,0.597227899,0.63349901,0.615363454
6/28/2012,5.18473625,5.20592375,5.19533,7.911501651,8.245564151,8.078532901,6.343762285,6.592143396,6.467952841,0.601096336,0.637401336,0.619248836
6/29/2012,5.137625,5.168875,5.15325,7.931344495,8.263866848,8.097605672,6.380888952,6.626079596,6.503484274,0.606340225,0.643231448,0.624785836
7/2/2012,5.137625,5.168875,5.15325,7.931344495,8.263866848,8.097605672,6.380888952,6.626079596,6.503484274,0.606340225,0.643231448,0.624785836
7/3/2012,5.137625,5.168875,5.15325,7.931344495,8.263866848,8.097605672,6.380888952,6.626079596,6.503484274,0.606340225,0.643231448,0.624785836
7/4/2012,5.042010625,5.073073125,5.057541875,7.78556705,8.162508227,7.974037639,6.270682182,6.501989515,6.386335849,0.610129896,0.647444562,0.628787229
7/5/2012,4.915274375,4.951426,4.933350188,7.550688353,7.902190824,7.726439588,6.069753588,6.301480059,6.185616824,0.592170745,0.631284634,0.611727689
7/6/2012,4.819752,4.85387,4.836811,7.390847665,7.81083743,7.600842548,5.895391347,6.1369352,6.016163274,0.576923297,0.623347221,0.600135259
7/9/2012,4.780013571,4.832385,4.806199286,7.347420077,7.74567243,7.546546254,5.855756856,6.095012356,5.975384606,0.571725153,0.617013487,0.59436932
7/10/2012,4.70831875,4.754923125,4.731620938,7.193448741,7.597808815,7.395628778,5.703789583,5.985149559,5.844469571,0.561096193,0.606262304,0.583679248
7/11/2012,4.6995975,4.730904,4.71525075,7.182107259,7.592248788,7.387178023,5.66485288,5.912742056,5.788797468,0.558315662,0.605925106,0.582120384
7/12/2012,4.785965,4.81784,4.8019025,7.243287587,7.593561523,7.418424555,5.68650703,5.946514275,5.816510653,0.554963995,0.598175106,0.576569551
7/13/2012,4.791854375,4.831916875,4.811885625,7.329973962,7.670339612,7.500156787,5.766478609,6.023077164,5.894777886,0.564326583,0.907619551,0.735973067
7/16/2012,4.820805,4.8632,4.8420025,7.367791729,7.718886082,7.543338906,5.766785821,6.02989272,5.89833927,0.566059551,0.61078844,0.588423995
7/17/2012,4.857895625,4.898854375,4.878375,7.479434542,7.834520424,7.656977483,5.854939717,6.105426465,5.980183091,0.578197293,0.621101182,0.599649237
7/18/2012,4.890625,4.92275,4.9066875,7.539200424,7.900074542,7.719637483,5.890528818,6.1572447,6.023886759,0.581471182,0.624131737,0.60280146
7/19/2012,4.872875,4.9030625,4.88796875,7.53674535,7.891601035,7.714173193,5.883005618,6.152263595,6.017634607,0.583128508,0.627104619,0.605116563
7/20/2012,4.852311333,4.870333571,4.861322452,7.50958904,7.878646329,7.694117685,5.834228229,6.117626654,5.975927442,0.577053744,0.620824619,0.598939181
7/23/2012,4.85208375,4.8835975,4.867840625,7.431142423,7.789974563,7.610558493,5.75703183,6.018298849,5.88766534,0.565143808,0.607809364,0.586476586
7/24/2012,4.85254875,4.893252,4.872900375,7.423326756,7.773399227,7.598362991,5.779068793,6.039573875,5.909321334,0.562128926,0.604282319,0.583205622
7/25/2012,4.8460075,4.88918375,4.867595625,7.434397348,7.775600289,7.604998819,5.762461471,6.023318277,5.892889874,0.556970669,0.60031678,0.578643724
7/26/2012,4.843908,4.892785714,4.868346857,7.402292143,7.750687857,7.57649,5.89619,6.03506,5.965625,0.56164625,0.605055,0.583350625
7/27/2012,4.901369286,4.912797857,4.907083571,7.5142663,7.851582988,7.682924644,5.834374598,6.103989885,5.969182241,0.572903964,0.613523519,0.593213742
7/30/2012,4.93193375,4.972818,4.952375875,7.67300005,7.906078282,7.789539166,5.974329538,6.142943742,6.05863664,0.590811857,0.62489019,0.607851024
7/31/2012,4.94438625,4.983838125,4.964112188,7.724437106,7.913104753,7.818770929,6.012526362,6.148282245,6.080404304,0.593902412,0.623672412,0.608787412
8/1/2012,4.93421625,4.969246,4.951731125,7.721382323,7.929592687,7.825487505,6.041401421,6.177222009,6.109311715,0.593124086,0.622437419,0.607780752
8/2/2012,4.928522667,4.957815,4.943168833,7.658275894,7.840894276,7.749585085,5.999405505,6.131898446,6.065651975,0.589325545,0.615912016,0.602618781
8/3/2012,4.924738,4.945637143,4.935187571,7.638739276,7.816298142,7.727518709,5.97055374,6.10408374,6.03731874,0.587436348,0.612919123,0.600177735
8/6/2012,4.8632775,4.908096,4.88568675,7.591920943,7.775607264,7.683764103,6.003983039,6.143846665,6.073914852,0.592014494,0.618241412,0.605127953
8/7/2012,4.837744375,4.873237333,4.855490854,7.560287086,7.72089591,7.640591498,5.962168885,6.091260749,6.026714817,0.593215642,0.607001197,0.600108419
8/8/2012,4.84826875,4.888546875,4.868407813,7.58478855,7.73266855,7.65872855,5.952055648,6.080270354,6.016163001,0.597548509,0.614489653,0.606019081
8/9/2012,4.868675625,4.909675,4.889175313,7.591782634,7.743932634,7.667857634,5.953864267,6.073888047,6.013876157,0.599451339,0.613326045,0.606388692
8/10/2012,4.8793425,4.924091875,4.901717188,7.645289898,7.798807545,7.722048722,5.982720573,6.096624955,6.039672764,0.601262128,0.616583628,0.608922878
8/13/2012,4.910322,4.932868571,4.921595286,7.689275077,7.83458066,7.761927869,6.020980218,6.149973761,6.08547699,0.603100951,0.617767565,0.610434258
8/14/2012,4.911507333,4.936456429,4.923981881,7.694027723,7.853779033,7.773903378,6.03266555,6.159491945,6.096078748,0.600853115,0.615719577,0.608286346
8/15/2012,4.861422667,4.894882857,4.878152762,7.628601258,7.782397729,7.705499494,5.954852208,6.078466097,6.016659153,0.593893637,0.606720304,0.60030697
8/16/2012,4.885663333,4.90979,4.897726667,7.655881696,7.80293689,7.729409293,5.991792129,6.118929917,6.055361023,0.592220371,0.607058704,0.599639538
8/17/2012,4.861776875,4.9003275,4.881052188,7.652923585,7.801424551,7.727174068,5.992442091,6.111302091,6.051872091,0.586671731,0.604604509,0.59563812
8/20/2012,4.858103333,4.895432857,4.876768095,7.652503245,7.810039918,7.731271582,5.986403114,6.117742342,6.052072728,0.587997161,0.60346542,0.59573129
8/21/2012,4.857453571,4.897925,4.877689286,7.675114083,7.824411583,7.749762833,6.019749087,6.142534655,6.081141871,0.587124549,0.603393458,0.595259003
8/22/2012,4.867743125,4.910112667,4.888927896,7.724575296,7.702145572,7.713360434,6.065743381,6.183660734,6.124702057,0.590877862,0.604933672,0.597905767
8/23/2012,4.8818875,4.919158,4.90052275,7.722616476,7.877422901,7.800019689,6.077989737,6.205348561,6.141669149,0.58490531,0.600261068,0.592583189
8/24/2012,4.901278667,4.940314286,4.920796476,7.729254382,7.886456695,7.807855539,6.086634665,6.210384352,6.148509508,0.582665662,0.597841669,0.590253666
8/27/2012,4.9217175,4.9546025,4.93816,7.746953274,7.897426023,7.822189648,6.106659654,6.222682895,6.164671275,0.584623877,0.599013384,0.59181863
8/28/2012,4.926786,4.964275625,4.945530813,7.771150287,7.91749468,7.844322484,6.134726353,6.258253222,6.196489788,0.585796244,0.599894786,0.592845515
8/29/2012,4.957936667,4.996322667,4.977129667,7.822502602,7.974480684,7.898491643,6.158682896,6.288162307,6.223422602,0.588836305,0.612098177,0.600467241
8/30/2012,4.982944,5.019810667,5.001377333,7.855639881,8.012454587,7.934047234,6.206211971,6.309135381,6.257673676,0.58960335,0.6044643,0.597033825
8/31/2012,4.979744,5.019300667,4.999522333,7.885055018,8.039857959,7.962456488,6.215049109,6.341415831,6.27823247,0.593221917,0.606902795,0.600062356
9/3/2012,4.997565625,5.036914667,5.017240146,7.903796203,8.06714425,7.985470226,6.234152696,6.369514213,6.301833454,0.596214741,0.611199477,0.603707109
9/4/2012,4.992045625,5.027954,5.009999813,7.92004994,8.080260822,8.000155381,6.226773615,6.353989171,6.290381393,0.595228034,0.610560342,0.602894188
9/5/2012,4.980786875,5.017788667,4.999287771,7.623919889,8.063939889,7.843929889,6.267161464,6.371221938,6.319191701,0.594809257,0.610135868,0.602472562
9/6/2012,4.976206,5.014088667,4.995147333,7.921533482,8.074339747,7.997936615,6.254919001,6.379907335,6.317413168,0.602505357,0.61640369,0.609454524
9/7/2012,4.972456,5.01207125,4.992263625,7.927648304,8.092920179,8.010284241,6.301508005,6.422709144,6.362108575,0.606765608,0.620678711,0.613722159
9/10/2012,4.972456,5.01207125,4.992263625,7.927648304,8.092920179,8.010284241,6.301508005,6.422709144,6.362108575,0.606765608,0.620678711,0.613722159
9/11/2012,4.989569375,5.026122,5.007845688,7.960947731,8.119929387,8.040438559,6.299862091,6.429743482,6.364802787,0.608745919,0.622919087,0.615832503
9/12/2012,5.019675625,5.05616625,5.037920938,8.024845285,8.182582621,8.103713953,6.383229055,6.515082529,6.449155792,0.610014179,0.626576787,0.618295483
9/13/2012,5.0042325,5.040093125,5.022162813,8.068666141,8.222395199,8.14553067,6.429456364,6.548443531,6.488949948,0.600054074,0.616211035,0.608132554
9/14/2012,4.96158,5.000186,4.980883,8.021767203,8.182964262,8.102365733,6.363923074,6.495188792,6.429555933,0.605091431,0.61950024,0.612295835
9/17/2012,4.976593571,5.004204286,4.990398929,7.942304733,8.088981909,8.015643321,6.546347641,6.673237703,6.609792672,0.60357902,0.620314372,0.611946696
9/18/2012,5.00208625,5.035744667,5.018915458,8.091357116,8.250744998,8.171051057,6.48160368,6.605564031,6.543583855,0.605551662,0.620301862,0.612926762
9/19/2012,4.99871125,5.03322,5.015965625,8.093242112,8.253918171,8.173580141,6.474632075,6.596373961,6.535503018,0.61138171,0.625828932,0.618605321
9/20/2012,5.043029286,5.08448,5.063754643,8.105831618,8.279694435,8.192763027,6.452339097,6.579659686,6.515999392,0.603298439,0.61837195,0.610835194
9/21/2012,5.0594125,5.096514375,5.077963438,8.186546738,8.346875528,8.266711133,6.503058089,6.644410148,6.573734119,0.609529084,0.625295862,0.617412473
9/24/2012,5.055038571,5.091278571,5.073158571,8.167924043,8.320610666,8.244267354,6.482912822,6.614242891,6.548577856,0.608978347,0.623621663,0.616300005
9/25/2012,5.060295,5.095616,5.0779555,8.17716512,8.32627126,8.25171819,6.470134783,6.594456533,6.532295658,0.613347051,0.627125103,0.620236077
9/26/2012,5.069692,5.105067333,5.087379667,8.15906835,8.323200244,8.241134297,6.462752885,6.589972885,6.526362885,0.61765157,0.632206887,0.624929228
9/27/2012,5.087396667,5.115034667,5.101215667,8.180899389,8.341926303,8.261412846,6.477048138,6.599023719,6.538035928,0.615436708,0.635407842,0.625422275
9/28/2012,5.084433333,5.120038667,5.102236,8.214177665,8.379920857,8.297049261,6.507582732,6.636311128,6.57194693,0.616545652,0.631372005,0.623958829
10/1/2012,5.084653333,5.101535714,5.093094524,8.172202717,8.349954348,8.261078532,6.471091481,6.598974658,6.535033069,0.613978223,0.628581702,0.621279963
10/2/2012,5.06234,5.09669625,5.079518125,8.147122421,8.313648438,8.230385429,6.471862565,6.604891454,6.53837701,0.606151416,0.620938559,0.613544988
10/3/2012,5.055949375,5.089219375,5.072584375,8.139067587,8.293069999,8.216068793,6.478835704,6.60163072,6.540233212,0.603140325,0.617043777,0.610092051
10/4/2012,5.047572,5.082842143,5.065207071,8.104362919,8.266543263,8.185453091,6.471860209,6.599924621,6.535892415,0.598652541,0.613805062,0.606228801
10/5/2012,5.042575333,5.075800625,5.059187979,8.122919687,8.278387181,8.200653434,6.489072387,6.616113528,6.552592958,0.590132097,0.604805319,0.597468708
10/8/2012,5.069238667,5.101993125,5.085615896,8.101725762,8.26521954,8.183472651,6.497942681,6.627185459,6.56256407,0.574573424,0.590256312,0.582414868
10/9/2012,5.117479333,5.151043571,5.134261452,8.167290527,8.319033164,8.243161845,6.556594393,6.684455018,6.620524705,0.580911838,0.594479485,0.587695661
10/10/2012,5.130800667,5.16677875,5.148789708,8.178523042,8.319058373,8.248790708,6.535460066,6.660046569,6.597753317,0.588185622,0.602073267,0.595129444
10/11/2012,5.130748571,5.156852143,5.143800357,8.170166336,8.336546836,8.253356586,6.541630686,6.662129131,6.601879909,0.589060484,0.602337107,0.595698795
10/12/2012,5.11390625,5.145033333,5.129469792,8.004660192,8.335589341,8.170124766,6.563322836,6.694422679,6.628872757,0.592938138,0.606874373,0.599906255
10/15/2012,5.153516667,5.186819375,5.170168021,8.226910565,8.385801153,8.306355859,6.58210746,6.708453396,6.645280428,0.58684512,0.601294564,0.594069842
10/16/2012,5.1748575,5.206265714,5.190561607,8.28603674,8.431401638,8.358719189,6.644748321,6.779635081,6.712191701,0.589693943,0.603787057,0.5967405
10/17/2012,5.202170625,5.234145625,5.218158125,8.360347463,8.505015259,8.432681361,6.744946618,6.868491912,6.806719265,0.59916606,0.613014583,0.606090321
10/18/2012,5.17697,5.215300667,5.196135333,8.240613853,8.407780097,8.324196975,6.818841091,6.947185793,6.883013442,0.603068634,0.616505442,0.609787038
10/19/2012,5.18233625,5.217040667,5.199688458,8.285971311,8.451532601,8.368751956,6.680807296,6.827885784,6.75434654,0.599004471,0.629779154,0.614391812
10/22/2012,5.201517333,5.236501429,5.219009381,8.291565293,8.452088822,8.371827057,6.704766704,6.83234726,6.768556982,0.59933333,0.61810592,0.608719625
10/23/2012,5.226308,5.268320693,5.247314347,8.31810944,8.480039063,8.399074252,6.728934833,6.861514833,6.795224833,0.600032407,0.613837863,0.606935135
10/24/2012,5.226308,5.268320693,5.247314347,8.31810944,8.480039063,8.399074252,6.728934833,6.861514833,6.795224833,0.600032407,0.613837863,0.606935135
10/25/2012,5.223124613,5.260162143,5.241643378,8.357808891,8.511617641,8.434713266,6.722625765,6.843361026,6.782993396,0.599377666,0.612053548,0.605715607
10/26/2012,5.23597625,5.27352375,5.25475,8.198490088,8.541782435,8.370136261,6.694686101,6.821631912,6.758159006,0.599175092,0.61596787,0.607571481
10/29/2012,5.25182,5.28683,5.269325,8.184352649,8.352101317,8.268226983,6.696704644,6.824690938,6.760697791,0.603773638,0.617342527,0.610558083
10/30/2012,5.26885125,5.302233333,5.285542292,8.400080043,8.556393569,8.478236806,6.688909772,6.859392007,6.77415089,0.606041864,0.620800881,0.613421373
10/31/2012,5.260355714,5.29469,5.277522857,8.4015993,8.576909114,8.489254207,6.730410572,6.850550959,6.790480765,0.607585732,0.621157399,0.614371566
11/1/2012,5.217065,5.256728667,5.236896833,8.383616165,8.557433871,8.470525018,6.691041697,6.809903209,6.750472453,0.603353279,0.618194946,0.610774112
11/2/2012,5.131746875,5.174308,5.153027438,8.246362962,8.429170923,8.337766942,6.573388683,6.719760959,6.646574821,0.595745492,0.612516603,0.604131048
11/5/2012,5.13010625,5.165492,5.147799125,8.172349264,8.332689852,8.252519558,6.499145747,6.631220195,6.565182971,0.585977392,0.601309614,0.593643503
11/6/2012,5.151369375,5.181756,5.166562688,8.186839139,8.343594028,8.265216583,6.515671745,6.642921848,6.579296796,0.589878693,0.603430049,0.596654371
11/7/2012,5.13307375,5.166346,5.149709875,8.032893654,8.17318019,8.103036922,6.532607492,6.659190285,6.595898889,0.594335564,0.607957101,0.601146333
11/8/2012,5.14685875,5.181867333,5.164363042,8.18825695,8.340420479,8.264338715,6.505010579,6.629832378,6.567421478,0.594379873,0.60803154,0.601205706
11/9/2012,5.145235714,5.182611429,5.163923571,8.198099952,8.356114072,8.277107012,6.508773642,6.634608995,6.571691318,0.591268431,0.606760342,0.599014386
11/12/2012,5.174370625,5.20524,5.189805313,8.183722264,8.344962154,8.264342209,6.51666613,6.645881541,6.581273836,0.594943389,0.608722984,0.601833187
11/13/2012,5.21336375,5.250329375,5.231846563,8.244837147,8.401960094,8.32339862,6.552660401,6.683988637,6.618324519,0.594808658,0.60877662,0.601792639
11/14/2012,5.2010375,5.237003333,5.219020417,8.245335053,8.393634464,8.319484758,6.568791505,6.701683727,6.635237616,0.593830203,0.608405759,0.601117981
11/15/2012,5.190093333,5.226068571,5.208080952,8.205478406,8.368972481,8.287225443,6.563967212,6.687632506,6.625799859,0.55361778,0.600191039,0.576904409
11/16/2012,5.199016,5.231184375,5.215100188,8.197460817,8.354363758,8.275912287,6.562719008,6.688775783,6.625747395,0.583924047,0.597454047,0.590689047
11/19/2012,5.18847,5.222482,5.205476,8.241196493,8.341064346,8.291130419,6.548896008,6.699761891,6.62432895,0.582062936,0.601398491,0.591730713
11/20/2012,5.17928,5.212749375,5.196014688,8.207988293,8.363446688,8.28571749,6.523047758,6.686001979,6.604524868,0.585221851,0.604232406,0.594727129
11/21/2012,5.189487333,5.22506,5.207273667,8.218160021,8.374537522,8.296348772,6.540540346,6.693040658,6.616790502,0.584022069,0.597956514,0.590989291
11/22/2012,5.198121875,5.225834667,5.211978271,8.253598155,8.409574401,8.331586278,6.608149765,6.733170665,6.670660215,0.581662588,0.595295921,0.588479254
11/23/2012,5.20500375,5.230912667,5.217958208,8.252050791,8.406115368,8.32908308,6.629355333,6.749507793,6.689431563,0.583904436,0.595891103,0.58989777
11/26/2012,5.214218125,5.241995333,5.228106729,8.290854419,8.445646772,8.368250595,6.671637366,6.792833836,6.732235601,0.58698964,0.598796028,0.592892834
11/27/2012,5.23245,5.258973125,5.245711563,8.318671366,8.481048693,8.399860029,6.696372537,6.822019596,6.759196067,0.591152063,0.603285282,0.597218672
11/28/2012,5.255573125,5.281731333,5.268652229,8.340155106,8.492956871,8.416555988,6.707239569,6.823074756,6.765157163,0.593411995,0.609324217,0.601368106
11/29/2012,5.23476,5.263123333,5.248941667,8.365312802,8.519017177,8.442164989,6.723071842,6.844622752,6.783847297,0.595621251,0.611346545,0.603483898
11/30/2012,5.21945625,5.249005333,5.234230792,8.326753331,8.498203135,8.412478233,6.717135741,6.835588434,6.776362088,0.594475873,0.60802754,0.601251706
12/3/2012,5.228272667,5.250564,5.239418333,8.317304998,8.47584399,8.396574494,6.719203003,6.841249672,6.780226338,0.587623966,0.600663966,0.594143966
12/4/2012,5.237531333,5.262317143,5.249924238,8.377270433,8.528119114,8.452694773,6.756260887,6.877945231,6.817103059,0.591406306,0.603595751,0.597501028
12/5/2012,5.231551333,5.265470714,5.248511024,8.290380232,8.443525447,8.366952839,6.437614481,6.547090037,6.492352259,0.595060883,0.607062007,0.601061445
12/6/2012,5.236494286,5.26385,5.250172143,8.364730141,8.529543109,8.447136625,6.751710712,6.876173539,6.813942126,0.595844552,0.602988981,0.599416767
12/7/2012,5.243755625,5.272508667,5.258132146,8.341666268,8.496824925,8.419245597,6.699095511,6.817453011,6.758274261,0.599694638,0.613393462,0.60654405
12/10/2012,5.264533333,5.289602143,5.277067738,8.372615005,8.532170593,8.452392799,6.71125871,6.837553782,6.774406246,0.604033629,0.617485851,0.61075974
12/11/2012,5.279333333,5.303887857,5.291610595,8.425986107,8.585147284,8.505566695,6.763342312,6.886122312,6.824732312,0.606549027,0.619110874,0.61282995
12/12/2012,5.27471,5.300820714,5.287765357,8.445201478,8.595602915,8.520402197,6.78271925,6.902563824,6.842641537,0.607154217,0.620963304,0.614058761
12/13/2012,5.270586667,5.295504,5.283045333,8.4551269,8.613959841,8.534543371,6.820465899,6.93750701,6.878986455,0.607708532,0.621567421,0.614637976
12/14/2012,5.260652308,5.283606923,5.272129615,8.435564088,8.595885421,8.515724754,6.808014507,6.929423731,6.868719119,0.606946568,0.619723658,0.613335113
12/17/2012,5.2456575,5.273146875,5.259402188,8.424618516,8.60056734,8.512592928,6.817389054,6.949420721,6.883404887,0.607492929,0.622146818,0.614819874
12/18/2012,5.240169333,5.269468667,5.254819,8.432892259,8.590797421,8.51184484,6.812918557,6.94001791,6.876468234,0.608863829,0.623982718,0.616423273
12/19/2012,5.244641429,5.268062857,5.256352143,8.455301802,8.634305331,8.544803567,6.839999181,6.987357514,6.913678347,0.61716406,0.641941838,0.629552949
12/20/2012,5.214906667,5.249916429,5.232411548,8.436459297,8.601314922,8.518887109,6.822431691,6.949711397,6.886071544,0.612897381,0.625922087,0.619409734
12/21/2012,5.149261333,5.184780667,5.167021,8.386317323,8.563402205,8.474859764,6.772237509,6.909633176,6.840935343,0.605574734,0.621482483,0.613528609
12/24/2012,4.96806,5.013833333,4.990946667,8.09498435,8.243721997,8.169353173,6.561369083,6.689049639,6.625209361,0.586223015,0.602620793,0.594421904
12/25/2012,4.96806,5.013833333,4.990946667,8.09498435,8.243721997,8.169353173,6.561369083,6.689049639,6.625209361,0.586223015,0.602620793,0.594421904
12/26/2012,4.981906875,5.018650625,5.00027875,7.973573203,8.146595368,8.060084285,6.494374351,6.611879881,6.553127116,0.579242431,0.603078153,0.591160292
12/27/2012,5.1262375,5.1620375,5.1441375,8.209020661,8.361916505,8.285468583,6.693035318,6.828322376,6.760678847,0.595055388,0.608252722,0.601654055
12/28/2012,5.149645333,5.182794,5.166219667,8.256364682,8.408589976,8.332477329,6.718746879,6.853988967,6.786367923,0.603711427,0.616185871,0.609948649
12/31/2012,5.149645333,5.182794,5.166219667,8.256364682,8.408589976,8.332477329,6.718746879,6.853988967,6.786367923,0.603711427,0.616185871,0.609948649
1/1/2013,5.149645333,5.182794,5.166219667,8.256364682,8.408589976,8.332477329,6.718746879,6.853988967,6.786367923,0.603711427,0.616185871,0.609948649
1/2/2013,5.220340909,5.221097561,5.220719235,8.4873,8.5204,8.5038,6.9114,6.9395,6.9254,0.6148,0.6175,0.6161
1/3/2013,5.261959184,5.26232,5.262139592,8.4733,8.5072,8.4902,6.8706,6.8979,6.8842,0.6102,0.6129,0.6115
1/4/2013,5.261176471,5.261176471,5.261176471,8.4013,8.4345,8.4179,6.822,6.8486,6.8353,0.6052,0.6077,0.6064
1/7/2013,5.299714286,5.299826923,5.299770604,8.4808,8.5156,8.4982,6.8778,6.9055,6.8916,0.6117,0.6176,0.6146
1/8/2013,5.25738806,5.257537313,5.257462687,8.414,8.4472,8.4306,6.8543,6.8821,6.8682,0.6097,0.615,0.6123
1/9/2013,5.24347619,5.24347619,5.24347619,8.3851,8.4182,8.4016,6.8314,6.858,6.8447,0.6093,0.6118,0.6105
1/10/2013,5.266105263,5.266722222,5.266413743,8.427,8.4602,8.4436,6.8852,6.9125,6.8988,0.6073,0.6098,0.6085
1/11/2013,5.279095238,5.304818182,5.29195671,8.4861,8.5194,8.5027,6.9884,7.0155,7.0019,0.6065,0.6092,0.6078
1/14/2013,5.288176471,5.288764706,5.288470588,8.4545,8.4876,8.471,7.033,7.0608,7.0469,0.6057,0.6081,0.6069
1/15/2013,5.287666667,5.293234286,5.290450476,8.4533,8.4875,8.4704,7.0196,7.0473,7.0334,0.5985,0.6045,0.6015
1/16/2013,5.286066667,5.286125,5.286095833,8.4222,8.4563,8.4392,6.9917,7.0187,7.0052,0.596,0.5989,0.5974
1/17/2013,5.286066667,5.286125,5.286095833,8.4222,8.4563,8.4392,6.9917,7.0187,7.0052,0.596,0.5989,0.5974
1/18/2013,5.286066667,5.286125,5.286095833,8.4222,8.4563,8.4392,6.9917,7.0187,7.0052,0.596,0.5989,0.5974
1/21/2013,5.309342105,5.309605263,5.309473684,8.3955,8.4283,8.4119,7.0379,7.0661,7.052,0.5947,0.5973,0.596
1/22/2013,5.314454545,5.314545455,5.3145,8.3963,8.4291,8.4127,7.0578,7.0861,7.0719,0.5963,0.602,0.5991
1/23/2013,5.309054054,5.310675676,5.309864865,8.3909,8.4242,8.4075,7.0522,7.0799,7.066,0.5896,0.592,0.5908
1/24/2013,5.287846154,5.288111111,5.287978632,8.3294,8.3626,8.346,7.0344,7.0621,7.0482,0.5824,0.5851,0.5837
1/25/2013,5.293076923,5.293076923,5.293076923,8.3382,8.3714,8.3548,7.092,7.121,7.1065,0.5865,0.5889,0.5877
1/28/2013,5.310869565,5.318523462,5.314696513,8.3256,8.3581,8.3418,7.1166,7.1445,7.1305,0.5894,0.5917,0.5905
1/29/2013,5.355480769,5.357717391,5.35659908,8.4021,8.4351,8.4186,7.1728,7.2008,7.1868,0.5893,0.592,0.5906
1/30/2013,5.385209302,5.388390244,5.386799773,8.4684,8.501,8.4847,7.2672,7.2959,7.2815,0.5926,0.5953,0.5939
1/31/2013,5.412597222,5.413777778,5.4131875,8.5183,8.5521,8.5352,7.3117,7.3393,7.3255,0.6018,0.6044,0.6031
2/1/2013,5.402478261,5.404357143,5.403417702,8.5321,8.5659,8.549,7.3565,7.3844,7.3704,0.6011,0.6036,0.6023
2/4/2013,5.355271186,5.355271186,5.355271186,8.3821,8.4156,8.3988,7.2334,7.261,7.2472,0.597,0.5998,0.5984
2/5/2013,5.339170213,5.339744681,5.339457447,8.3876,8.4207,8.4041,7.2189,7.2476,7.2332,0.6001,0.6027,0.6014
2/6/2013,5.360263158,5.360526316,5.360394737,8.3566,8.3889,8.3727,7.2194,7.248,7.2337,0.5992,0.6018,0.6005
2/7/2013,5.337849057,5.33825,5.338049528,8.3576,8.3901,8.3738,7.2149,7.2425,7.2287,0.5969,0.5993,0.5981
2/8/2013,5.299306383,5.359773077,5.32953973,8.3423,8.3765,8.3594,7.0835,7.1109,7.0972,0.5928,0.5954,0.5941
2/11/2013,5.298636364,5.3,5.299318182,8.2928,8.3258,8.3093,7.0777,7.1066,7.0921,0.5928,0.5953,0.594
2/12/2013,5.316904762,5.318809524,5.317857143,8.2673,8.3006,8.2839,7.1177,7.1457,7.1317,0.5899,0.5923,0.5911
2/13/2013,5.331966667,5.3323,5.332133333,8.2703,8.303,8.2866,7.1642,7.1922,7.1782,0.5968,0.6013,0.599
2/14/2013,5.337022727,5.338431818,5.337727273,8.2573,8.2899,8.2736,7.096,7.1237,7.1098,0.597,0.5999,0.5984
2/15/2013,5.344431373,5.347134615,5.345782994,8.2392,8.2723,8.2557,7.0832,7.1114,7.0973,0.6032,0.6058,0.6045
2/18/2013,5.32588,5.32948,5.32768,8.2253,8.2573,8.2413,7.0939,7.1211,7.1075,0.6017,0.6043,0.603
2/19/2013,5.313066667,5.313136364,5.313101515,8.1968,8.2288,8.2128,7.0701,7.0984,7.0842,0.5952,0.5976,0.5964
2/20/2013,5.325147059,5.325555556,5.325351307,8.1246,8.1563,8.1404,7.0946,7.1219,7.1082,0.5977,0.6001,0.5989
2/21/2013,5.32725,5.327875,5.3275625,8.1076,8.1402,8.1239,7.0092,7.0361,7.0226,0.5939,0.5987,0.5963
2/22/2013,5.331388889,5.331666667,5.331527778,8.1326,8.1643,8.1484,7.0039,7.0308,7.0173,0.5991,0.6016,0.6003
2/25/2013,5.34275,5.343222222,5.342986111,8.06,8.0914,8.0757,7.0813,7.1085,7.0949,0.6023,0.6049,0.6036
2/26/2013,5.368214286,5.368214286,5.368214286,8.1077,8.1391,8.1234,7.0063,7.033,7.0196,0.6061,0.6091,0.6076
2/27/2013,5.355119048,5.357631579,5.356375313,8.087,8.1188,8.1029,7.0018,7.0291,7.0154,0.605,0.6076,0.6063
2/28/2013,5.35465625,5.355114286,5.354885268,8.1186,8.1512,8.1349,7.0113,7.0381,7.0247,0.5961,0.5986,0.5973
3/1/2013,5.355692308,5.356266667,5.355979487,8.0192,8.0504,8.0348,6.9505,6.977,6.9637,0.5911,0.5936,0.5923
3/4/2013,5.35875,5.35875,5.35875,8.0302,8.0619,8.046,6.94,6.9671,6.9535,0.5869,0.5892,0.588
3/5/2013,5.363315789,5.363315789,5.363315789,8.0995,8.1309,8.1152,6.9682,6.9954,6.9818,0.5892,0.5916,0.5904
3/6/2013,5.367111111,5.36715,5.367130556,8.0675,8.1004,8.0839,6.9722,6.9999,6.986,0.5907,0.5947,0.5927
3/7/2013,5.370466667,5.3715,5.370983333,8.0538,8.0855,8.0696,6.9636,6.9902,6.9769,0.5836,0.5861,0.5848
3/8/2013,5.370466667,5.3715,5.370983333,8.0538,8.0855,8.0696,6.9636,6.9902,6.9769,0.5836,0.5861,0.5848
3/11/2013,5.374869565,5.376057143,5.375463354,7.9689,8.0009,7.9849,6.9584,6.9849,6.9716,0.5847,0.5872,0.5859
3/12/2013,5.374869565,5.376057143,5.375463354,7.9689,8.0009,7.9849,6.9584,6.9849,6.9716,0.5847,0.5872,0.5859
3/13/2013,5.381421053,5.381512821,5.381466937,8.0135,8.0461,8.0298,6.9584,6.9854,6.9719,0.5813,0.5836,0.5824
3/14/2013,5.389884615,5.390628571,5.390256593,8.0257,8.0572,8.0414,6.948,6.9744,6.9612,0.5818,0.5844,0.5831
3/15/2013,5.402277778,5.402305556,5.402291667,8.1488,8.1807,8.1647,7.0373,7.0645,7.0509,0.5844,0.5892,0.5868
3/18/2013,5.408469388,5.409895833,5.409182611,8.1497,8.1815,8.1656,6.987,7.0134,7.0002,0.5872,0.5895,0.5883
3/19/2013,5.404684211,5.405076923,5.404880567,8.1376,8.1695,8.1535,6.9696,6.996,6.9828,0.5836,0.5859,0.5847
3/20/2013,5.4015,5.402,5.40175,8.1526,8.184,8.1683,6.9593,6.9868,6.973,0.5814,0.5861,0.5837
3/21/2013,5.387288889,5.389189189,5.388239039,8.1543,8.1858,8.17,6.945,6.972,6.9585,0.5784,0.5808,0.5796
3/22/2013,5.385693878,5.386,5.385846939,8.1526,8.1851,8.1688,6.9513,6.9782,6.9647,0.5738,0.5788,0.5763
3/25/2013,5.385405405,5.385540541,5.385472973,8.1457,8.1771,8.1614,6.9408,6.9677,6.9542,0.5762,0.5814,0.5788
3/26/2013,5.411606061,5.414242424,5.412924242,8.1861,8.2175,8.2018,6.949,6.9764,6.9627,0.5831,0.5861,0.5846
3/27/2013,5.407473684,5.408263158,5.407868421,8.145,8.1768,8.1609,6.8916,6.9177,6.9046,0.5805,0.5829,0.5817
3/28/2013,5.40928,5.409519231,5.409399615,8.1607,8.192,8.1763,6.9051,6.9323,6.9187,0.5851,0.59,0.5875
3/29/2013,5.40928,5.409519231,5.409399615,8.1607,8.192,8.1763,6.9051,6.9323,6.9187,0.5851,0.59,0.5875
4/1/2013,5.40928,5.409519231,5.409399615,8.1607,8.192,8.1763,6.9051,6.9323,6.9187,0.5851,0.59,0.5875
4/2/2013,5.40995,5.410227273,5.410088636,8.1657,8.1976,8.1816,6.9206,6.9468,6.9337,0.5853,0.5876,0.5864
4/3/2013,5.405214286,5.405507143,5.405360714,8.1588,8.1902,8.1745,6.9181,6.9449,6.9315,0.5836,0.5861,0.5848
4/4/2013,5.396,5.396,5.396,8.1369,8.1698,8.1533,6.8698,6.8969,6.8833,0.5805,0.5852,0.5828
4/5/2013,5.391818182,5.393478261,5.392648221,8.2241,8.2563,8.2402,6.994,7.0206,7.0073,0.5873,0.5915,0.5894
4/8/2013,5.39,5.390652174,5.390326087,8.2292,8.2609,8.245,6.9994,7.0265,7.0129,0.5939,0.5983,0.5961
4/9/2013,5.38825,5.389,5.388625,8.2274,8.2591,8.2432,7.0096,7.0362,7.0229,0.5997,0.602,0.6008
4/10/2013,5.371888889,5.385909091,5.37889899,8.1996,8.2324,8.216,7.0053,7.032,7.0186,0.5987,0.6012,0.5999
4/11/2013,5.360958333,5.36136,5.361159167,8.2354,8.2678,8.2516,7.013,7.0398,7.0264,0.5995,0.602,0.6007
4/12/2013,5.32087561,5.391818182,5.356346896,8.1439,8.1768,8.1603,6.9182,6.9459,6.932,0.5916,0.5965,0.594
4/15/2013,5.323625,5.39,5.3568125,8.1353,8.1675,8.1514,6.9522,6.9794,6.9658,0.5862,0.5889,0.5875
4/16/2013,5.338533333,5.38825,5.363391667,8.1451,8.1784,8.1617,6.986,7.0128,6.9994,0.5813,0.5838,0.5825
4/17/2013,5.340333333,5.371888889,5.356111111,8.2216,8.2536,8.2376,6.9872,7.014,7.0006,0.5797,0.584,0.5818
4/18/2013,5.35452381,5.360958333,5.357741071,8.1488,8.1809,8.1648,6.9629,6.9895,6.9762,0.5809,0.5863,0.5836
4/19/2013,5.32087561,5.358133333,5.339504472,8.1849,8.2167,8.2008,6.9854,7.0121,6.9987,0.5813,0.584,0.5826
4/22/2013,5.323625,5.362068966,5.342846983,8.1451,8.1767,8.1609,6.9601,6.9878,6.9739,0.5754,0.5777,0.5765
4/23/2013,5.338533333,5.378678571,5.358605952,8.1706,8.2022,8.1864,6.9557,6.9822,6.9689,0.5784,0.5824,0.5804
4/24/2013,5.340333333,5.38195,5.361141667,8.1898,8.2214,8.2056,6.9699,6.9964,6.9831,0.5834,0.5859,0.5846
4/25/2013,5.35452381,5.3895625,5.372043155,8.2973,8.3298,8.3135,7.0141,7.0424,7.0282,0.589,0.5938,0.5914
4/26/2013,5.358133333,5.385464286,5.37179881,8.2983,8.3303,8.3143,6.9777,7.0042,6.9909,0.5874,0.5912,0.5893
4/29/2013,5.3401,5.362068966,5.351084483,8.2981,8.3318,8.3149,7.0001,7.0268,7.0134,0.5953,0.5979,0.5966
4/30/2013,5.294888889,5.296288889,5.295588889,8.1769,8.21,8.1934,6.9002,6.9279,6.914,0.5855,0.5881,0.5868
5/1/2013,5.294888889,5.296288889,5.295588889,8.1769,8.21,8.1934,6.9002,6.9279,6.914,0.5855,0.5881,0.5868
5/2/2013,n/a,n/a,n/a,8.267,8.2992,8.2831,7.0026,7.03,7.0163,0.589,0.5913,0.5901
5/3/2013,n/a,n/a,n/a,8.21,8.2421,8.226,6.913,6.9412,6.9271,0.5906,0.5935,0.592
5/6/2013,n/a,n/a,n/a,8.2417,8.2738,8.2577,6.9415,6.9693,6.9554,0.5899,0.5923,0.5911
5/7/2013,n/a,n/a,n/a,8.2305,8.2626,8.2465,6.9537,6.9805,6.9671,0.5856,0.5883,0.5869
5/8/2013,n/a,n/a,n/a,8.225,8.2571,8.241,6.9815,7.0084,6.9949,0.5854,0.5879,0.5866
5/9/2013,n/a,n/a,n/a,8.2514,8.2847,8.268,6.9652,6.992,6.9786,0.5912,0.5936,0.5924
5/10/2013,n/a,n/a,n/a,8.1597,8.1916,8.1756,6.8903,6.9173,6.9038,0.5832,0.5858,0.5845
5/13/2013,n/a,n/a,n/a,8.161,8.1944,8.1777,6.8951,6.9226,6.9088,0.5827,0.5872,0.5849
5/14/2013,n/a,n/a,n/a,8.1312,8.1623,8.1467,6.905,6.9315,6.9182,0.5777,0.5804,0.579
5/15/2013,n/a,n/a,n/a,8.1171,8.1481,8.1326,6.8641,6.8914,6.8777,0.5735,0.576,0.5747
5/16/2013,n/a,n/a,n/a,8.1516,8.1837,8.1676,6.8934,6.9208,6.9071,0.5721,0.5745,0.5733
5/17/2013,n/a,n/a,n/a,8.1234,8.1549,8.1391,6.8518,6.8791,6.8654,0.5689,0.5711,0.57
5/20/2013,n/a,n/a,n/a,8.1214,8.1529,8.1371,6.8665,6.8933,6.8799,0.5636,0.5682,0.5659
5/21/2013,n/a,n/a,n/a,8.091,8.124,8.1075,6.8683,6.8946,6.8814,0.5569,0.5618,0.5593
5/22/2013,n/a,n/a,n/a,8.0011,8.0329,8.017,6.8583,6.8847,6.8715,0.5588,0.5613,0.56
5/23/2013,n/a,n/a,n/a,7.9491,7.9803,7.9647,6.7946,6.8209,6.8077,0.5499,0.5522,0.551
5/24/2013,n/a,n/a,n/a,7.9442,7.9749,7.9595,6.8063,6.8337,6.82,0.5503,0.5526,0.5514
5/27/2013,n/a,n/a,n/a,8.015,8.0468,8.0309,6.8573,6.8848,6.871,0.5512,0.5535,0.5523
5/28/2013,n/a,n/a,n/a,8.0418,8.0737,8.0577,6.8827,6.9096,6.8961,0.548,0.5504,0.5492
5/29/2013,n/a,n/a,n/a,8.0266,8.0584,8.0425,6.8744,6.9008,6.8876,0.5423,0.5446,0.5434
5/30/2013,n/a,n/a,n/a,8.0425,8.0733,8.0579,6.8926,6.919,6.9058,0.5316,0.5358,0.5337
5/31/2013,n/a,n/a,n/a,8.1174,8.1495,8.1334,6.9321,6.9587,6.9454,0.5254,0.5276,0.5265
6/3/2013,n/a,n/a,n/a,8.1298,8.1614,8.1456,6.9277,6.9547,6.9412,0.5334,0.5375,0.5354
6/4/2013,n/a,n/a,n/a,8.1601,8.1918,8.1759,6.9807,7.0074,6.994,0.5487,0.551,0.5498
6/5/2013,n/a,n/a,n/a,8.1976,8.2294,8.2135,6.9853,7.012,6.9986,0.54,0.5437,0.5418
6/6/2013,n/a,n/a,n/a,8.2587,8.2902,8.2744,7.009,7.0373,7.0231,0.5389,0.5412,0.54
6/7/2013,n/a,n/a,n/a,8.3431,8.3754,8.3592,7.0962,7.1248,7.1105,0.5378,0.5426,0.5402
6/10/2013,n/a,n/a,n/a,8.3275,8.3597,8.3436,7.0824,7.111,7.0967,0.5276,0.5299,0.5287
6/11/2013,n/a,n/a,n/a,8.377,8.4091,8.393,7.1445,7.1715,7.158,0.5232,0.5276,0.5254
6/12/2013,n/a,n/a,n/a,8.4291,8.4609,8.445,7.1499,7.177,7.1634,0.5375,0.54,0.5387
6/13/2013,n/a,n/a,n/a,8.4733,8.5057,8.4895,7.2044,7.2316,7.218,0.5438,0.5461,0.5449
6/14/2013,n/a,n/a,n/a,8.4639,8.4973,8.4806,7.2053,7.2336,7.2194,0.5475,0.5501,0.5488
6/17/2013,n/a,n/a,n/a,8.5385,8.5711,8.5548,7.2425,7.2697,7.2561,0.5505,0.5529,0.5517
6/18/2013,n/a,n/a,n/a,8.4908,8.5226,8.5067,7.2661,7.2945,7.2803,0.5413,0.5437,0.5425
6/19/2013,n/a,n/a,n/a,8.5173,8.5497,8.5335,7.2902,7.3186,7.3044,0.5469,0.5493,0.5481
6/20/2013,n/a,n/a,n/a,8.4321,8.4647,8.4484,7.2056,7.2056,7.2056,0.5322,0.5346,0.5334
6/21/2013,n/a,n/a,n/a,8.3941,8.426,8.41,7.1626,7.1894,7.176,0.5329,0.5353,0.5341
6/24/2013,n/a,n/a,n/a,8.3729,8.4048,8.3888,7.1166,7.1444,7.1305,0.5391,0.5416,0.5403
6/25/2013,n/a,n/a,n/a,8.4223,8.4554,8.4388,7.1428,7.1707,7.1567,0.5441,0.5464,0.5452
6/26/2013,n/a,n/a,n/a,8.4182,8.4501,8.4341,7.1349,7.1621,7.1485,0.5434,0.5481,0.5457
6/27/2013,n/a,n/a,n/a,8.3298,8.3614,8.3456,7.1125,7.1402,7.1263,0.5476,0.5499,0.5487
6/28/2013,n/a,n/a,n/a,8.3281,8.3597,8.3439,7.1538,7.1805,7.1671,0.5457,0.5478,0.5467
7/1/2013,n/a,n/a,n/a,8.3281,8.3597,8.3439,7.1538,7.1805,7.1671,0.5457,0.5478,0.5467
7/2/2013,n/a,n/a,n/a,8.3281,8.3597,8.3439,7.1538,7.1805,7.1671,0.5457,0.5478,0.5467
7/3/2013,n/a,n/a,n/a,8.3449,8.3776,8.3612,7.0915,7.1186,7.105,0.5424,0.5447,0.5435
7/4/2013,n/a,n/a,n/a,8.2436,8.2748,8.2592,7.0591,7.0854,7.0722,0.5425,0.5448,0.5436
7/5/2013,n/a,n/a,n/a,8.1374,8.1699,8.1536,7.0163,7.0425,7.0294,0.5434,0.5473,0.5453
7/8/2013,n/a,n/a,n/a,8.2147,8.2456,8.2301,7.0722,7.099,7.0856,0.5403,0.5424,0.5413
7/9/2013,n/a,n/a,n/a,8.1668,8.1982,8.1825,7.0615,7.0883,7.0749,0.5454,0.5491,0.5472
7/10/2013,n/a,n/a,n/a,8.1746,8.2055,8.19,7.0344,7.0611,7.0477,0.5465,0.5486,0.5475
7/11/2013,n/a,n/a,n/a,8.2455,8.2763,8.2609,7.1153,7.1419,7.1286,0.548,0.5503,0.5491
7/12/2013,n/a,n/a,n/a,8.2367,8.268,8.2523,7.1109,7.1386,7.1247,0.5437,0.546,0.5448
7/15/2013,n/a,n/a,n/a,8.2263,8.2586,8.2424,7.1139,7.1405,7.1272,0.5506,0.553,0.5518
7/16/2013,n/a,n/a,n/a,8.2493,8.2811,8.2652,7.1701,7.1974,7.1837,0.5574,0.5597,0.5585
7/17/2013,n/a,n/a,n/a,8.3174,8.3484,8.3329,7.1729,7.2002,7.1865,0.5507,0.5532,0.5519
7/18/2013,5.4707,5.4907,5.4807,8.3297,8.3618,8.3457,7.17,7.1967,7.1833,0.5546,0.5587,0.5566
7/19/2013,5.4733,5.4926,5.4829,8.3446,8.3751,8.3598,7.1761,7.2019,7.189,0.5555,0.5577,0.5566
7/22/2013,5.4756,5.4952,5.4854,8.3953,8.427,8.4111,7.207,7.234,7.2205,0.5569,0.5592,0.558
7/23/2013,5.4679,5.4879,5.4779,8.3921,8.4233,8.4077,7.2099,7.2385,7.2242,0.5558,0.5596,0.5577
7/24/2013,5.4654,5.4854,5.4754,8.3926,8.4261,8.4093,7.2378,7.2654,7.2516,0.568,0.5702,0.5691
7/25/2013,5.4553,5.4753,5.4653,8.3424,8.374,8.3582,7.2055,7.2335,7.2195,0.5555,0.5581,0.5568
7/26/2013,5.4587,5.4787,5.4687,8.4059,8.4378,8.4218,7.2442,7.273,7.2586,0.5602,0.5625,0.5613
7/29/2013,5.4722,5.4922,5.4822,8.4026,8.435,8.4188,7.2556,7.2838,7.2697,0.5563,0.5586,0.5574
7/30/2013,5.4717,5.4917,5.4817,8.3795,8.4117,8.3956,7.2753,7.3024,7.2888,0.5535,0.5575,0.5555
7/31/2013,5.4682,5.4882,5.4782,8.315,8.3471,8.331,7.2514,7.2785,7.2649,0.5547,0.557,0.5558
8/1/2013,5.4673,5.4873,5.4773,8.3131,8.3451,8.3291,7.2398,7.2669,7.2533,0.5529,0.5555,0.5542
8/2/2013,5.4643,5.4843,5.4743,8.3233,8.3549,8.3391,7.2485,7.2766,7.2625,0.5509,0.5532,0.552
8/5/2013,5.4643,5.4843,5.4743,8.3233,8.3549,8.3391,7.2485,7.2766,7.2625,0.5509,0.5532,0.552
8/6/2013,5.4625,5.4825,5.4725,8.3828,8.4145,8.3986,7.2613,7.2895,7.2754,0.5535,0.5558,0.5546
8/7/2013,5.4617,5.4817,5.4717,8.4421,8.4747,8.4584,7.2613,7.289,7.2751,0.5501,0.5523,0.5512
8/8/2013,5.4454,5.4654,5.4554,8.4474,8.4795,8.4634,7.2766,7.3039,7.2902,0.5525,0.5548,0.5536
8/9/2013,5.4456,5.4656,5.4556,8.4435,8.4767,8.4601,7.2765,7.3043,7.2904,0.5558,0.5581,0.5569
8/12/2013,5.4292,5.4492,5.4392,8.3969,8.4289,8.4129,7.2084,7.2361,7.2222,0.5499,0.5522,0.551
8/13/2013,5.415,5.435,5.425,8.3678,8.4003,8.384,7.196,7.2237,7.2098,0.5436,0.5462,0.5449
8/14/2013,5.4157,5.4357,5.4257,8.4058,8.4379,8.4218,7.1818,7.2094,7.1956,0.5429,0.5471,0.545
8/15/2013,5.4136,5.4336,5.4236,8.4306,8.4634,8.447,7.1947,7.2218,7.2082,0.543,0.5468,0.5449
8/16/2013,5.419,5.439,5.429,8.4678,8.5002,8.484,7.2269,7.2552,7.241,0.5422,0.5447,0.5434
8/19/2013,5.4153,5.4353,5.4253,8.468,8.5004,8.4842,7.2268,7.2546,7.2407,0.5321,0.5344,0.5332
8/20/2013,5.3875,5.4075,5.3975,8.4422,8.4746,8.4584,7.2322,7.2601,7.2461,0.5324,0.5344,0.5334
8/21/2013,5.3993,5.4193,5.4093,8.4683,8.5007,8.4845,7.2248,7.2521,7.2384,0.5268,0.529,0.5279
8/22/2013,5.3707,5.3907,5.3807,8.3778,8.4112,8.3945,7.1619,7.1902,7.176,0.5204,0.5227,0.5215
8/23/2013,5.3577,5.3777,5.3677,8.3328,8.3655,8.3491,7.152,7.1803,7.1661,0.5235,0.5257,0.5246
8/26/2013,5.4034,5.4234,5.4134,8.4299,8.4622,8.446,7.2319,7.2598,7.2458,0.5285,0.5307,0.5296
8/27/2013,5.4104,5.4304,5.4204,8.3905,8.4232,8.4068,7.2176,7.2448,7.2312,0.5194,0.5216,0.5205
8/28/2013,5.3767,5.3967,5.3867,8.3463,8.3795,8.3629,7.1839,7.2117,7.1978,0.5172,0.5208,0.519
8/29/2013,5.3782,5.3982,5.3882,8.3395,8.3727,8.3561,7.1246,7.1527,7.1386,0.5206,0.5279,0.5242
8/30/2013,5.3675,5.3875,5.3775,8.311,8.3436,8.3273,7.0942,7.1217,7.1079,0.5236,0.5258,0.5247
9/2/2013,5.3611,5.3811,5.3711,8.3505,8.3838,8.3671,7.0799,7.1079,7.0939,0.5243,0.5267,0.5255
9/3/2013,5.3504,5.3704,5.3604,8.3198,8.3531,8.3364,7.0464,7.0744,7.0604,0.5181,0.5203,0.5192
9/4/2013,5.3515,5.3715,5.3615,8.3506,8.3834,8.367,7.048,7.0765,7.0622,0.5203,0.524,0.5221
9/5/2013,5.3471,5.3671,5.3571,8.3656,8.3996,8.3826,7.0614,7.0884,7.0749,0.5194,0.5216,0.5205
9/6/2013,5.3439,5.3639,5.3539,8.3521,8.385,8.3685,7.0156,7.0434,7.0295,0.529,0.5314,0.5302
9/9/2013,5.3433,5.3633,5.3533,8.3864,8.4194,8.4029,7.0565,7.0839,7.0702,0.5335,0.5358,0.5346
9/10/2013,5.3433,5.3633,5.3533,8.3842,8.4161,8.4001,7.0756,7.1032,7.0894,0.5337,0.5359,0.5348
9/11/2013,5.3391,5.3591,5.3491,8.4252,8.4584,8.4418,7.0819,7.1089,7.0954,0.5378,0.54,0.5389
9/12/2013,5.336,5.356,5.346,8.4277,8.4614,8.4445,7.0857,7.1128,7.0992,0.5366,0.5391,0.5378
9/13/2013,5.3393,5.3593,5.3493,8.4709,8.5042,8.4875,7.1056,7.1333,7.1194,0.537,0.5394,0.5382
9/16/2013,5.3421,5.3621,5.3521,8.5234,8.5574,8.5404,7.1462,7.1745,7.1603,0.5477,0.5501,0.5489
9/17/2013,5.3371,5.3571,5.3471,8.4898,8.5243,8.507,7.1272,7.1555,7.1413,0.5413,0.5455,0.5434
9/18/2013,5.2893,5.3093,5.2993,8.4418,8.4753,8.4585,7.0581,7.0853,7.0717,0.5389,0.5412,0.54
9/19/2013,5.2316,5.2516,5.2416,8.4115,8.4463,8.4289,7.0847,7.1123,7.0985,0.5432,0.5456,0.5444
9/20/2013,5.2663,5.2863,5.2763,8.4261,8.4597,8.4429,7.1232,7.1508,7.137,0.5366,0.5389,0.5377
9/23/2013,5.2921,5.3121,5.3021,8.4991,8.5333,8.5162,7.1528,7.1814,7.1671,0.5373,0.5414,0.5393
9/24/2013,5.3045,5.3245,5.3145,8.466,8.499,8.4825,7.1447,7.1732,7.1589,0.5365,0.5405,0.5385
9/25/2013,5.3068,5.3268,5.3168,8.517,8.5507,8.5338,7.1643,7.1923,7.1783,0.5312,0.5388,0.535
9/26/2013,5.2987,5.3187,5.3087,8.5002,8.5339,8.517,7.1554,7.1829,7.1691,0.5308,0.533,0.5319
9/27/2013,5.305,5.325,5.315,8.5469,8.5802,8.5635,7.1808,7.2085,7.1946,0.5229,0.5267,0.5248
9/30/2013,5.3221,5.3421,5.3321,8.6165,8.65,8.6332,6.9954,7.0222,7.0088,0.5314,0.5337,0.5325
10/1/2013,5.3102,5.3302,5.3202,8.6169,8.6509,8.6339,7.1884,7.216,7.2022,0.5277,0.5298,0.5287
10/2/2013,5.2997,5.3197,5.3097,8.6104,8.6451,8.6277,7.2007,7.23,7.2153,0.5256,0.5297,0.5276
10/3/2013,5.2632,5.2832,5.2732,8.5243,8.5589,8.5416,7.157,7.1863,7.1716,0.5216,0.5258,0.5237
10/4/2013,5.2749,5.2949,5.2849,8.4683,8.501,8.4846,7.1686,7.1968,7.1827,0.525,0.5272,0.5261
10/7/2013,5.2737,5.2937,5.2837,8.4785,8.5117,8.4951,7.1522,7.1809,7.1665,0.5259,0.5282,0.527
10/8/2013,5.2784,5.2984,5.2884,8.5014,8.5347,8.518,7.1665,7.1947,7.1806,0.5307,0.5329,0.5318
10/9/2013,5.2916,5.3116,5.3016,8.4289,8.4619,8.4454,7.1479,7.1749,7.1614,0.5302,0.5324,0.5313
10/10/2013,5.2801,5.3001,5.2901,8.4177,8.4506,8.4341,7.1346,7.1627,7.1486,0.5291,0.5314,0.5302
10/11/2013,5.2596,5.2796,5.2696,8.3981,8.4316,8.4148,7.1336,7.1629,7.1482,0.5302,0.5327,0.5314
10/14/2013,5.2606,5.2806,5.2706,8.4102,8.4443,8.4272,7.1361,7.1643,7.1502,0.5285,0.5327,0.5306
10/15/2013,5.2659,5.2859,5.2759,8.3907,8.4237,8.4072,7.1069,7.1344,7.1206,0.5291,0.5314,0.5302
10/16/2013,5.2683,5.2883,5.2783,8.4367,8.4693,8.453,7.1375,7.1662,7.1518,0.5314,0.5337,0.5325
10/17/2013,5.2738,5.2938,5.2838,8.4934,8.5267,8.51,7.1977,7.2266,7.2121,0.5353,0.5377,0.5365
10/18/2013,5.2746,5.2946,5.2846,8.5396,8.5725,8.556,7.2167,7.2446,7.2306,0.5385,0.5424,0.5404
10/21/2013,5.2756,5.2956,5.2856,8.5228,8.5562,8.5395,7.2134,7.2423,7.2278,0.5331,0.5406,0.5368
10/22/2013,5.2841,5.3041,5.2941,8.5249,8.5583,8.5416,7.2261,7.255,7.2405,0.533,0.5405,0.5367
10/23/2013,5.2977,5.3177,5.3077,8.557,8.5909,8.5739,7.2903,7.3183,7.3043,0.5419,0.544,0.5429
10/24/2013,5.2977,5.3177,5.3077,8.557,8.5909,8.5739,7.2903,7.3183,7.3043,0.5419,0.544,0.5429
10/25/2013,5.3342,5.3542,5.3442,8.6314,8.6643,8.6478,7.349,7.3771,7.363,0.5422,0.5445,0.5433
10/28/2013,5.3651,5.3851,5.3751,8.6707,8.7035,8.6871,7.3964,7.4256,7.411,0.5455,0.5477,0.5466
10/29/2013,5.4115,5.4315,5.4215,8.7,8.7338,8.7169,7.4505,7.4786,7.4645,0.5477,0.5501,0.5489
10/30/2013,5.467,5.487,5.477,8.7855,8.8198,8.8026,7.5193,7.5485,7.5339,0.5511,0.5587,0.5549
10/31/2013,5.4641,5.4841,5.4741,8.7627,8.7959,8.7793,7.453,7.4808,7.4669,0.5446,0.5521,0.5483
11/1/2013,5.4729,5.4929,5.4829,8.7387,8.7734,8.756,7.3967,7.4243,7.4105,0.5398,0.542,0.5409
11/4/2013,5.5006,5.5206,5.5106,8.786,8.8185,8.8022,7.4318,7.4594,7.4456,0.5381,0.5453,0.5417
11/5/2013,5.5112,5.5312,5.5212,8.851,8.8842,8.8676,7.4352,7.4638,7.4495,0.5382,0.542,0.5401
11/6/2013,5.5164,5.5364,5.5264,8.8742,8.908,8.8911,7.4548,7.4824,7.4686,0.5376,0.5448,0.5412
11/7/2013,5.5219,5.5419,5.5319,8.8705,8.9042,8.8873,7.4557,7.4844,7.47,0.5377,0.5408,0.5392
11/8/2013,5.5369,5.5569,5.5469,8.894,8.9272,8.9106,7.4261,7.4535,7.4398,0.5405,0.5427,0.5416
11/11/2013,5.5028,5.5228,5.5128,8.7945,8.8282,8.8113,7.3704,7.3983,7.3843,0.5305,0.5328,0.5316
11/12/2013,5.5053,5.5253,5.5153,8.7446,8.778,8.7613,7.3732,7.4017,7.3874,0.5255,0.5325,0.529
11/13/2013,5.5257,5.5457,5.5357,8.8252,8.8588,8.842,7.4166,7.444,7.4303,0.5316,0.5387,0.5351
11/14/2013,5.5356,5.5556,5.5456,8.8846,8.9178,8.9012,7.4376,7.465,7.4513,0.5329,0.5401,0.5365
11/15/2013,5.547,5.567,5.557,8.9141,8.9468,8.9304,7.463,7.4916,7.4773,0.543,0.545,0.544
11/18/2013,5.5492,5.5692,5.5592,8.9369,8.9703,8.9536,7.4986,7.5262,7.5124,0.5489,0.5533,0.5511
11/19/2013,5.5514,5.5714,5.5614,8.9311,8.9649,8.948,7.4949,7.5225,7.5087,0.525,0.553,0.539
11/20/2013,5.5253,5.5453,5.5353,8.92,8.9551,8.9375,7.4746,7.5028,7.4887,0.5448,0.5469,0.5458
11/21/2013,5.5012,5.5212,5.5112,8.8663,8.8996,8.8829,7.392,7.4199,7.4059,0.5391,0.5464,0.5427
11/22/2013,5.4818,5.5018,5.4918,8.8859,8.9195,8.9027,7.4174,7.4455,7.4314,0.5394,0.5468,0.5431
11/25/2013,5.4805,5.5005,5.4905,8.8751,8.9085,8.8918,7.4063,7.4339,7.4201,0.5453,0.5475,0.5464
11/26/2013,5.4894,5.5094,5.4994,8.8779,8.9119,8.8949,7.4342,7.4624,7.4483,0.5402,0.5475,0.5438
11/27/2013,5.4927,5.5127,5.5027,8.9481,8.9829,8.9655,7.4701,7.4984,7.4842,0.5423,0.5445,0.5434
11/28/2013,5.4957,5.5157,5.5057,8.9828,9.0171,8.9999,7.4698,7.4975,7.4836,0.5389,0.5414,0.54
11/29/2013,5.5107,5.5307,5.5207,9.0006,9.0343,9.0174,7.4995,7.5272,7.5133,0.5383,0.5405,0.5394
12/2/2013,5.5374,5.5574,5.5474,9.0736,9.108,9.0908,7.4999,7.5286,7.5142,0.5424,0.5447,0.5435
12/3/2013,5.5407,5.5607,5.5507,9.094,9.1274,9.1107,7.5171,7.5448,7.5309,0.5337,0.5359,0.5348
12/4/2013,5.5574,5.5774,5.5674,9.0953,9.1302,9.1127,7.5536,7.5825,7.568,0.5346,0.5368,0.5357
12/5/2013,5.5594,5.5794,5.5694,9.0801,9.115,9.0975,7.5513,7.5801,7.5657,0.5303,0.5327,0.5315
12/6/2013,5.5656,5.5856,5.5756,9.1015,9.1364,9.1189,7.6077,7.6356,7.6216,0.5317,0.5338,0.5327
12/9/2013,5.5786,5.5986,5.5886,9.1383,9.1733,9.1558,7.6533,7.6819,7.6676,0.5394,0.5416,0.5405
12/10/2013,5.593,5.613,5.603,9.1976,9.2316,9.2146,7.6909,7.7201,7.7055,0.5411,0.5433,0.5422
12/11/2013,5.5831,5.6031,5.5931,9.1445,9.1784,9.1614,7.684,7.7132,7.6986,0.5392,0.5414,0.5403
12/12/2013,5.5744,5.5944,5.5844,9.1337,9.1682,9.1509,7.6782,7.6896,7.6839,0.536,0.5405,0.5382
12/13/2013,5.5469,5.5669,5.5569,9.0258,9.0606,9.0432,7.6136,7.6427,7.6281,0.5369,0.5391,0.538
12/16/2013,5.5454,5.5654,5.5554,9.0573,9.091,9.0741,7.6448,7.6741,7.6594,0.5352,0.5423,0.5387
12/17/2013,5.4757,5.4957,5.4857,8.9052,8.9388,8.922,7.5302,7.5599,7.545,0.5284,0.5309,0.5296
12/18/2013,5.3672,5.3772,5.3722,8.8706,8.8875,8.879,7.4104,7.4246,7.4175,0.5217,0.5229,0.5223
12/19/2013,5.4241,5.4341,5.4291,8.8706,8.8875,8.879,7.4104,7.4246,7.4175,0.5217,0.5229,0.5223
12/20/2013,5.4371,5.4471,5.4421,8.8875,8.9055,8.8965,7.419,7.4337,7.4263,0.5191,0.5203,0.5197
12/23/2013,5.49,5.5,5.495,8.9783,8.9957,8.987,7.5202,7.536,7.5281,0.5286,0.5348,0.5317
12/24/2013,5.5113,5.5213,5.5163,9.021,9.0384,9.0297,7.539,7.5537,7.5463,0.533,0.5343,0.5336
12/25/2013,5.5113,5.5213,5.5163,9.021,9.0384,9.0297,7.539,7.5537,7.5463,0.533,0.5343,0.5336
12/26/2013,5.4982,5.5082,5.5032,9.0242,9.0428,9.0335,7.5237,7.538,7.5308,0.5295,0.5357,0.5326
12/27/2013,5.5059,5.5159,5.5109,9.0929,9.1111,9.102,7.6107,7.6251,7.6179,0.526,0.5275,0.5267
12/30/2013,5.515,5.525,5.52,9.0821,9.1008,9.0914,7.592,7.6068,7.5994,0.5258,0.527,0.5264
12/31/2013,5.5076,5.5176,5.5126,9.1063,9.124,9.1151,7.5846,7.5994,7.592,0.5214,0.5226,0.522
1/1/2014,5.5076,5.5176,5.5126,9.1063,9.124,9.1151,7.5846,7.5994,7.592,0.5214,0.5226,0.522
1/2/2014,5.5076,5.5176,5.5126,9.1063,9.124,9.1151,7.5846,7.5994,7.592,0.5214,0.5226,0.522
1/3/2014,5.5144,5.5244,5.5194,9.0524,9.0693,9.0608,7.5194,7.5336,7.5265,0.5188,0.5219,0.5203
1/6/2014,5.52,5.53,5.525,9.0423,9.0593,9.0508,7.5105,7.5247,7.5176,0.5123,0.5181,0.5152
1/7/2014,5.5203,5.5303,5.5253,9.0599,9.0775,9.0687,7.5319,7.5461,7.539,0.5195,0.5206,0.52
1/8/2014,5.5207,5.5307,5.5257,9.07,9.087,9.0785,7.5043,7.5185,7.5114,0.5148,0.5206,0.5177
1/9/2014,5.5201,5.5301,5.5251,9.0833,9.1014,9.0923,7.5133,7.5281,7.5207,0.5088,0.5145,0.5116
1/10/2014,5.5199,5.5299,5.5249,9.0577,9.0763,9.067,7.4983,7.513,7.5056,0.5102,0.5159,0.513
1/13/2014,5.4942,5.5042,5.4992,9.0205,9.038,9.0292,7.5068,7.5221,7.5144,0.5087,0.5144,0.5115
1/14/2014,5.4829,5.4929,5.4879,9.0118,9.0293,9.0205,7.4957,7.5111,7.5034,0.5025,0.5083,0.5054
1/15/2014,5.5063,5.5163,5.5113,9.0315,9.0496,9.0405,7.4931,7.5083,7.5007,0.5022,0.5078,0.505
1/16/2014,5.5073,5.5173,5.5123,8.995,9.013,9.004,7.491,7.5063,7.4986,0.5045,0.5058,0.5051
1/17/2014,5.5105,5.5205,5.5155,9.0598,9.0785,9.0691,7.486,7.5013,7.4936,0.504,0.5096,0.5068
1/20/2014,5.5246,5.5346,5.5296,9.0842,9.1023,9.0932,7.4909,7.5055,7.4982,0.5077,0.5133,0.5105
1/21/2014,5.5251,5.5351,5.5301,9.0795,9.097,9.0882,7.4755,7.4902,7.4828,0.5074,0.513,0.5102
1/22/2014,5.5213,5.5313,5.5263,9.1438,9.1626,9.1532,7.4941,7.5088,7.5014,0.5075,0.5132,0.5103
1/23/2014,5.5174,5.5274,5.5224,9.1594,9.1771,9.1682,7.5257,7.5416,7.5336,0.5034,0.5046,0.504
1/24/2014,5.5209,5.5309,5.5259,9.1134,9.1316,9.1225,7.5581,7.5724,7.5652,0.4965,0.4975,0.497
1/27/2014,5.5334,5.5434,5.5384,9.1556,9.1733,9.1644,7.5587,7.5729,7.5658,0.495,0.5004,0.4977
1/28/2014,5.5444,5.5544,5.5494,9.1916,9.2098,9.2007,7.5643,7.5796,7.5719,0.498,0.5035,0.5007
1/29/2014,5.5507,5.5607,5.5557,9.1842,9.2024,9.1933,7.5667,7.5815,7.5741,0.4966,0.4977,0.4971
1/30/2014,5.5546,5.5646,5.5596,9.1529,9.1705,9.1617,7.5493,7.5634,7.5563,0.4917,0.497,0.4943
1/31/2014,5.5729,5.5829,5.5779,9.1774,9.1955,9.1864,7.5394,7.5557,7.5475,0.4932,0.4947,0.4939
2/3/2014,5.5765,5.5865,5.5815,9.1121,9.129,9.1205,7.5239,7.539,7.5314,0.4988,0.5042,0.5015
2/4/2014,5.58,5.59,5.585,9.1077,9.1252,9.1164,7.5453,7.5594,7.5523,0.4983,0.5037,0.501
2/5/2014,5.5841,5.5941,5.5891,9.0855,9.1028,9.0941,7.5476,7.5628,7.5552,0.5008,0.5063,0.5035
2/6/2014,5.5938,5.6038,5.5988,9.1118,9.1292,9.1205,7.5467,7.5618,7.5542,0.5005,0.5059,0.5032
2/7/2014,5.5985,5.6085,5.6035,9.1446,9.1626,9.1536,7.5961,7.6113,7.6037,0.5045,0.5057,0.5051
2/10/2014,5.6056,5.6156,5.6106,9.1938,9.2119,9.2028,7.6438,7.658,7.6509,0.5016,0.5071,0.5043
2/11/2014,5.6209,5.6309,5.6259,9.2542,9.2735,9.2638,7.6866,7.7008,7.6937,0.4689,0.5128,0.4908
2/12/2014,5.6384,5.6484,5.6434,9.3238,9.342,9.3329,7.6745,7.6898,7.6821,0.511,0.5135,0.5122
2/13/2014,5.6622,5.6722,5.6672,9.4215,9.4398,9.4306,7.7364,7.7517,7.744,0.5084,0.5139,0.5111
2/14/2014,5.6932,5.7032,5.6982,9.5106,9.5284,9.5195,7.8014,7.8169,7.8091,0.5215,0.5226,0.522
2/17/2014,5.6922,5.7022,5.6972,9.5191,9.537,9.528,7.7983,7.8138,7.806,0.5228,0.5286,0.5257
2/18/2014,5.7045,5.7145,5.7095,9.5094,9.5272,9.5183,7.8334,7.8489,7.8411,0.5227,0.5285,0.5256
2/19/2014,5.7449,5.7549,5.7499,9.5665,9.5843,9.5754,7.8953,7.9102,7.9027,0.5223,0.528,0.5251
2/20/2014,5.7485,5.7585,5.7535,9.5794,9.5984,9.5889,7.8807,7.8956,7.8881,0.5188,0.52,0.5194
2/21/2014,5.7742,5.7842,5.7792,9.6319,9.6492,9.6405,7.9141,7.9296,7.9218,0.5206,0.5263,0.5234
2/24/2014,5.7803,5.7903,5.7853,9.6208,9.6392,9.63,7.9364,7.9519,7.9441,0.5265,0.5322,0.5293
2/25/2014,5.7581,5.7681,5.7631,9.6236,9.6415,9.6325,7.9221,7.9364,7.9292,0.5345,0.5404,0.5374
2/26/2014,5.7779,5.7879,5.7829,9.6381,9.6554,9.6467,7.9296,7.9456,7.9376,0.5344,0.5404,0.5374
2/27/2014,5.7865,5.7965,5.7915,9.6242,9.6426,9.6334,7.9027,7.9175,7.9101,0.5341,0.54,0.537
2/28/2014,5.8012,5.8112,5.8062,9.6921,9.7105,9.7013,8.0086,8.0241,8.0163,0.5408,0.542,0.5414
3/3/2014,5.8198,5.8298,5.8248,9.7384,9.7569,9.7476,8.0128,8.0277,8.0202,0.5367,0.5427,0.5397
3/4/2014,5.8919,5.9019,5.8969,9.8366,9.8551,9.8458,8.1067,8.1211,8.1139,0.5426,0.5486,0.5456
3/5/2014,5.9437,5.9537,5.9487,9.9303,9.9482,9.9392,8.1525,8.1668,8.1596,0.551,0.5571,0.554
3/6/2014,6.0262,6.0362,6.0312,10.0608,10.0787,10.0697,8.2861,8.3011,8.2936,0.5632,0.5695,0.5663
3/7/2014,5.9401,5.9501,5.9451,9.9681,9.9866,9.9773,8.2585,8.2736,8.266,0.556,0.5622,0.5591
3/10/2014,5.9356,5.9456,5.9406,9.8799,9.8977,9.8888,8.2411,8.2567,8.2489,0.5492,0.5553,0.5522
3/11/2014,5.9037,5.9137,5.9087,9.8072,9.825,9.8161,8.1772,8.1928,8.185,0.5441,0.5501,0.5471
3/12/2014,5.9037,5.9137,5.9087,9.8072,9.825,9.8161,8.1772,8.1928,8.185,0.5441,0.5501,0.5471
3/13/2014,5.9779,5.9879,5.9829,9.9742,9.9921,9.9831,8.3362,8.352,8.3441,0.5546,0.5608,0.5577
3/14/2014,6.0208,6.0308,6.0258,9.9935,10.0113,10.0024,8.357,8.3727,8.3648,0.5569,0.563,0.5599
3/17/2014,6.0838,6.0938,6.0888,10.1125,10.1316,10.122,8.4596,8.4741,8.4668,0.5669,0.5681,0.5675
3/18/2014,6.2019,6.2119,6.2069,10.2828,10.3,10.2914,8.6257,8.6414,8.6335,0.5777,0.5789,0.5783
3/19/2014,6.3858,6.3958,6.3908,10.6184,10.6369,10.6276,8.8865,8.9024,8.8944,0.5953,0.5965,0.5959
3/20/2014,6.3668,6.3768,6.3718,10.5015,10.5193,10.5104,8.7614,8.7765,8.7689,0.58,0.5862,0.5831
3/21/2014,6.2854,6.2954,6.2904,10.366,10.3838,10.3749,,,,0.5777,0.5792,0.5784
3/24/2014,6.0192,6.0292,6.0242,9.9281,9.9458,9.9369,8.289,8.304,8.2965,0.5545,0.5559,0.5552
3/25/2014,6.054,6.064,6.059,9.9988,10.0184,10.0086,8.3473,8.3631,8.3552,0.5617,0.5637,0.5627
3/26/2014,6.1972,6.2072,6.2022,10.249,10.268,10.2585,8.5472,8.5629,8.555,0.5795,0.5833,0.5814
3/27/2014,6.3627,6.3727,6.3677,10.5807,10.5986,10.5896,8.7577,8.7728,8.7652,0.5922,0.5987,0.5954
3/28/2014,6.2497,6.2597,6.2547,10.3939,10.4124,10.4031,8.599,8.614,8.6065,0.5894,0.5907,0.59
3/31/2014,6.0931,6.1131,6.1031,10.1341,10.1686,10.1513,8.3964,8.4251,8.4107,0.5741,0.5815,0.5778
4/1/2014,6.1539,6.1739,6.1639,10.2359,10.2704,10.2531,8.4937,8.5232,8.5084,0.5806,0.5849,0.5827
4/2/2014,6.1765,6.1965,6.1865,10.2784,10.313,10.2957,8.5119,8.5407,8.5263,0.5801,0.5875,0.5838
4/3/2014,6.1344,6.1544,6.1444,10.1666,10.2022,10.1844,8.4122,8.4414,8.4268,0.5728,0.5801,0.5764
4/4/2014,6.1404,6.1604,6.1504,10.1925,10.2282,10.2103,8.4241,8.4527,8.4384,0.5845,0.5875,0.586
4/7/2014,6.1378,6.1578,6.1478,10.1815,10.2165,10.199,8.4261,8.4554,8.4407,0.5795,0.587,0.5832
4/8/2014,6.1416,6.1616,6.1516,10.2818,10.3165,10.2991,8.473,8.5019,8.4874,0.5877,0.5899,0.5888
4/9/2014,6.1408,6.1608,6.1508,10.2828,10.3188,10.3008,8.4719,8.5013,8.4866,0.5846,0.5922,0.5884
4/10/2014,6.0998,6.1198,6.1098,10.2276,10.2629,10.2452,8.4574,8.4857,8.4715,0.583,0.5906,0.5868
4/11/2014,6.0575,6.0775,6.0675,10.136,10.1707,10.1533,8.4018,8.4307,8.4162,0.5756,0.5777,0.5766
4/14/2014,6.1167,6.1367,6.1267,10.2174,10.2521,10.2347,8.4521,8.4804,8.4662,0.5793,0.5868,0.583
4/15/2014,6.1911,6.2111,6.2011,10.3573,10.3913,10.3743,8.5476,8.5758,8.5617,0.5888,0.591,0.5899
4/16/2014,6.2286,6.2486,6.2386,10.4673,10.5034,10.4853,8.6174,8.6463,8.6318,0.5897,0.5919,0.5908
4/17/2014,6.1905,6.2105,6.2005,10.4055,10.4404,10.4229,8.5726,8.6015,8.587,0.5871,0.5896,0.5883
4/18/2014,6.1905,6.2105,6.2005,10.4055,10.4404,10.4229,8.5726,8.6015,8.587,0.5871,0.5896,0.5883
4/21/2014,6.2125,6.2325,6.2225,10.4513,10.4862,10.4687,8.5838,8.6133,8.5985,0.5881,0.5903,0.5892
4/22/2014,6.2125,6.2325,6.2225,10.4513,10.4862,10.4687,8.5838,8.6133,8.5985,0.5881,0.5903,0.5892
4/23/2014,6.2452,6.2652,6.2552,10.4877,10.5225,10.5051,8.6403,8.6699,8.6551,0.5886,0.5909,0.5897
4/24/2014,6.2178,6.2378,6.2278,10.4278,10.4632,10.4455,8.5774,8.6063,8.5918,0.5838,0.5912,0.5875
4/25/2014,6.2552,6.2752,6.2652,10.5176,10.5531,10.5353,8.6542,8.6837,8.6689,0.5847,0.5921,0.5884
4/28/2014,6.2862,6.3062,6.2962,10.5916,10.6266,10.6091,8.7152,8.7442,8.7297,0.5903,0.5927,0.5915
4/29/2014,6.3391,6.3591,6.3491,10.6618,10.6968,10.6793,8.7601,8.7903,8.7752,0.5988,0.601,0.5999
4/30/2014,6.3047,6.3247,6.3147,10.6304,10.6647,10.6475,8.7396,8.7686,8.7541,0.5947,0.6024,0.5985
5/1/2014,6.3047,6.3247,6.3147,10.6304,10.6647,10.6475,8.7396,8.7686,8.7541,0.5947,0.6024,0.5985
5/2/2014,6.3421,6.3621,6.3521,10.6859,10.7209,10.7034,8.7738,8.8021,8.7879,0.6006,0.6049,0.6027
5/5/2014,6.4015,6.4215,6.4115,10.7911,10.8268,10.8089,8.8822,8.9125,8.8973,0.6064,0.6141,0.6102
5/6/2014,6.445,6.465,6.455,10.9468,10.9827,10.9647,8.9856,9.0154,9.0005,0.6109,0.6187,0.6148
5/7/2014,6.4684,6.4884,6.4784,10.9756,11.0108,10.9932,9.0105,9.039,9.0247,0.6144,0.6169,0.6156
5/8/2014,6.4787,6.4987,6.4887,10.9867,11.022,11.0043,9.0632,9.0918,9.0775,0.6251,0.6277,0.6264
5/9/2014,6.4621,6.4821,6.4721,10.8861,10.9937,10.9399,8.9067,8.9356,8.9211,0.6233,0.6258,0.6245
5/12/2014,6.4849,6.5049,6.4949,10.9517,10.9868,10.9692,8.9207,8.9488,8.9347,0.627,0.6293,0.6281
5/13/2014,6.5358,6.5558,6.5458,11.0116,11.0466,11.0291,8.9688,8.9975,8.9831,0.6324,0.6406,0.6365
5/14/2014,6.5665,6.5865,6.5765,11.0062,11.0404,11.0233,8.9988,9.0275,9.0131,0.6344,0.6369,0.6356
5/15/2014,6.6123,6.6323,6.6223,11.0915,11.1284,11.1099,9.0377,9.0664,9.052,0.6387,0.6411,0.6399
5/16/2014,6.643,6.663,6.653,11.171,11.2059,11.1884,9.0977,9.1264,9.112,0.6375,0.6456,0.6415
5/19/2014,6.6204,6.6404,6.6304,11.1454,11.1811,11.1632,9.0831,9.1132,9.0981,0.6368,0.6392,0.638
5/20/2014,6.6732,6.6932,6.6832,11.2311,11.2667,11.2489,9.143,9.1711,9.157,0.6374,0.6396,0.6385
5/21/2014,6.6476,6.6676,6.6576,11.2251,11.2602,11.2426,9.0819,9.1106,9.0962,0.6384,0.6409,0.63965
5/22/2014,6.7145,6.7345,6.7245,11.3288,11.3632,11.346,9.1721,9.2014,9.1867,0.6444,0.6526,0.6485
5/23/2014,6.7631,6.7831,6.7731,11.3858,11.4208,11.4033,9.2161,9.2454,9.2307,0.6522,0.6547,0.65345
5/26/2014,6.7631,6.7831,6.7731,11.3858,11.4208,11.4033,9.2161,9.2454,9.2307,0.6522,0.6547,0.65345
5/27/2014,6.9055,6.9255,6.9155,11.6122,11.6472,11.6297,9.4184,9.4463,9.4323,0.6625,0.665,0.66375
5/28/2014,6.7787,6.7987,6.7887,11.3442,11.379,11.3616,9.2312,9.2598,9.2455,0.6449,0.6471,0.646
5/29/2014,6.795,6.815,6.805,11.3531,11.3879,11.3705,9.2473,9.2752,9.2612,0.6499,0.6523,0.6511
5/30/2014,6.8048,6.8248,6.8148,11.3913,11.4261,11.4087,9.2648,9.2934,9.2791,0.6493,0.6516,0.65045
6/2/2014,6.665,6.685,6.675,11.1652,11.2,11.1826,9.0751,9.103,9.089,0.6254,0.6277,0.6265
6/3/2014,6.4746,6.4946,6.4846,10.8457,10.8805,10.8631,8.8288,8.858,8.8434,0.6037,0.6059,0.6048
6/4/2014,6.7255,6.7455,6.7355,11.2767,11.3116,11.2941,9.1703,9.1982,9.1842,0.6271,0.6295,0.6283
6/5/2014,6.6471,6.6671,6.6571,11.1346,11.1694,11.152,8.9836,9.012,8.9978,0.6235,0.6257,0.6246
6/6/2014,6.4412,6.4612,6.4512,10.8277,10.8626,10.8451,8.7922,8.8208,8.8065,0.607,0.6094,0.6082
6/9/2014,6.4652,6.4852,6.4752,10.8635,10.8984,10.8809,8.7979,8.8258,8.8118,0.6094,0.6116,0.6105
6/10/2014,6.3499,6.3699,6.3599,10.6488,10.6836,10.6662,8.6022,8.6306,8.6164,0.5928,0.595,0.5939
6/11/2014,6.3248,6.3448,6.3348,10.6175,10.6529,10.6352,8.5689,8.5966,8.5827,0.5872,0.5894,0.5883
6/12/2014,6.2778,6.2978,6.2878,10.5705,10.6055,10.588,8.4957,8.5234,8.5095,0.5861,0.5882,0.5871
6/13/2014,6.2488,6.2688,6.2588,10.6075,10.6427,10.6251,8.4622,8.4906,8.4764,0.5794,0.5818,0.5806
6/16/2014,6.2722,6.2922,6.2822,10.649,10.6836,10.6663,8.4995,8.5285,8.514,0.5839,0.586,0.5849
6/17/2014,6.2152,6.2352,6.2252,10.5366,10.5711,10.5538,8.4172,8.4462,8.4317,0.5757,0.5778,0.5767
6/18/2014,6.1796,6.1996,6.1896,10.4708,10.5084,10.4896,8.3845,8.4135,8.399,0.5749,0.5771,0.576
6/19/2014,6.115,6.135,6.125,10.412,10.4485,10.4302,8.3292,8.3577,8.3434,0.5738,0.576,0.5749
6/20/2014,6.0702,6.0902,6.0802,10.334,10.3693,10.3516,8.2386,8.2663,8.2524,0.5659,0.568,0.5669
6/23/2014,6.0765,6.0965,6.0865,10.3344,10.3697,10.352,8.2641,8.292,8.278,0.5732,0.5754,0.5743
6/24/2014,6.0722,6.0922,6.0822,10.3191,10.3543,10.3367,8.2685,8.297,8.2827,0.5757,0.5781,0.5769
6/25/2014,6.0614,6.0814,6.0714,10.3007,10.3359,10.3183,8.2665,8.2956,8.281,0.5734,0.5758,0.5746
6/26/2014,6.0997,6.1197,6.1097,10.3787,10.4139,10.3963,8.2975,8.3253,8.3114,0.5711,0.5733,0.5722
6/27/2014,6.1641,6.1841,6.1741,10.4951,10.5304,10.5127,8.3974,8.4259,8.4116,0.581,0.5831,0.582
6/30/2014,6.2501,6.2701,6.2601,10.6552,10.6911,10.6731,8.5376,8.5656,8.5516,0.5888,0.5912,0.59
7/1/2014,6.2733,6.2933,6.2833,10.7569,10.7924,10.7746,8.5851,8.6131,8.5991,0.5885,0.5909,0.5897
7/2/2014,6.2474,6.2674,6.2574,10.7112,10.7486,10.7299,8.5252,8.5531,8.5391,0.5811,0.5834,0.5822
7/3/2014,6.2183,6.2383,6.2283,10.652,10.6881,10.67,8.4874,8.5153,8.5013,0.5767,0.5791,0.5779
7/4/2014,6.1703,6.1903,6.1803,10.5791,10.6165,10.5978,8.3843,8.4121,8.3982,0.5735,0.5757,0.5746
7/7/2014,6.1703,6.1903,6.1803,10.5791,10.6165,10.5978,8.3843,8.4121,8.3982,0.5735,0.5757,0.5746
7/8/2014,6.1703,6.1903,6.1803,10.5791,10.6165,10.5978,8.3843,8.4121,8.3982,0.5735,0.5757,0.5746
7/9/2014,6.137,6.157,6.147,10.4974,10.5328,10.5151,8.3525,8.3803,8.3664,0.5732,0.5753,0.5742
7/10/2014,6.0626,6.0826,6.0726,10.3744,10.4092,10.3918,8.2512,8.2809,8.266,0.5643,0.5664,0.5653
7/11/2014,6.0796,6.0996,6.0896,10.4029,10.4389,10.4209,8.2653,8.2937,8.2795,0.567,0.5691,0.568
7/14/2014,6.1108,6.1308,6.1208,10.4556,10.4905,10.473,8.3236,8.3526,8.3381,0.5709,0.573,0.5719
7/15/2014,6.1234,6.1434,6.1334,10.5097,10.5471,10.5284,8.3365,8.3643,8.3504,0.5732,0.5753,0.5742
7/16/2014,6.1159,6.1359,6.1259,10.4809,10.5164,10.4986,8.2748,8.3037,8.2892,0.5722,0.5745,0.5733
7/17/2014,6.1182,6.1382,6.1282,10.4646,10.5,10.4823,8.2785,8.3062,8.2923,0.571,0.5734,0.5722
7/18/2014,6.1208,6.1408,6.1308,10.4569,10.4923,10.4746,8.2772,8.3061,8.2916,0.5739,0.576,0.5749
7/21/2014,6.1229,6.1429,6.1329,10.455,10.4903,10.4726,8.2789,8.3065,8.2927,0.5759,0.5781,0.577
7/22/2014,6.1111,6.1311,6.1211,10.4323,10.4689,10.4506,8.2414,8.2703,8.2558,0.5778,0.5799,0.5788
7/23/2014,6.109,6.129,6.119,10.4019,10.4378,10.4198,8.2259,8.2552,8.2405,0.5803,0.5825,0.5814
7/24/2014,6.1102,6.1302,6.1202,10.3922,10.4274,10.4098,8.2329,8.2604,8.2466,0.582,0.5843,0.5831
7/25/2014,6.1248,6.1448,6.1348,10.403,10.4376,10.4203,8.2348,8.2635,8.2491,0.5815,0.5837,0.5826
7/28/2014,6.1371,6.1571,6.1471,10.4288,10.4647,10.4467,8.2458,8.2733,8.2595,0.5819,0.584,0.5829
7/29/2014,6.1479,6.1679,6.1579,10.4151,10.4502,10.4326,8.2492,8.2767,8.2629,0.5804,0.5825,0.5814
7/30/2014,6.1483,6.1683,6.1583,10.395,10.43,10.4125,8.2222,8.2501,8.2361,0.5769,0.5789,0.5779
7/31/2014,6.1288,6.1488,6.1388,10.3437,10.3799,10.3618,8.2011,8.2284,8.2147,0.5742,0.5763,0.5752
8/1/2014,6.1202,6.1402,6.1302,10.3064,10.3425,10.3244,8.2133,8.242,8.2276,0.5733,0.5754,0.5743
8/4/2014,6.1202,6.1402,6.1302,10.3064,10.3425,10.3244,8.2133,8.242,8.2276,0.5733,0.5754,0.5743
8/5/2014,6.1399,6.1599,6.1499,10.3507,10.3868,10.3687,8.2177,8.245,8.2313,0.5728,0.575,0.5739
8/6/2014,6.1479,6.1679,6.1579,10.3569,10.3918,10.3743,8.2075,8.2355,8.2215,0.572,0.574,0.573
8/7/2014,6.1502,6.1702,6.1602,10.3532,10.3881,10.3706,8.2296,8.2569,8.2432,0.5739,0.576,0.5749
8/8/2014,6.1509,6.1709,6.1609,10.3311,10.3665,10.3488,8.2349,8.2629,8.2489,0.5735,0.5758,0.5746
8/11/2014,6.1542,6.1742,6.1642,10.3348,10.3697,10.3522,8.2418,8.2704,8.2561,0.5771,0.5793,0.5782
8/12/2014,6.1834,6.2034,6.1934,10.3764,10.4112,10.3938,8.2555,8.2828,8.2691,0.5797,0.5819,0.5808
8/13/2014,6.1797,6.1997,6.1897,10.3356,10.3703,10.3529,8.2882,8.3157,8.3019,0.5842,0.5866,0.5854
8/14/2014,6.162,6.182,6.172,10.2857,10.3215,10.3036,8.2534,8.2808,8.2671,0.5846,0.5866,0.5856
8/15/2014,6.117,6.137,6.127,10.2063,10.2427,10.2245,8.1864,8.215,8.2007,0.5793,0.5814,0.5803
8/18/2014,6.1029,6.1229,6.1129,10.2084,10.2443,10.2263,8.167,8.1944,8.1807,0.5748,0.577,0.5759
8/19/2014,6.0966,6.1166,6.1066,10.1351,10.1702,10.1526,8.1214,8.1498,8.1356,0.5742,0.5762,0.5752
8/20/2014,6.0566,6.0766,6.0666,10.0789,10.1152,10.097,8.0457,8.0729,8.0593,0.5663,0.5684,0.5673
8/21/2014,6.0458,6.0658,6.0558,10.0288,10.0626,10.0457,8.0174,8.0457,8.0315,0.5652,0.5673,0.5662
8/22/2014,6.0641,6.0841,6.0741,10.058,10.093,10.0755,8.0478,8.0767,8.0622,0.5656,0.5679,0.5667
8/25/2014,6.0559,6.0759,6.0659,10.0401,10.0745,10.0573,7.9878,8.0148,8.0013,0.5656,0.5677,0.5666
8/26/2014,6.0402,6.0602,6.0502,10.0122,10.0478,10.03,7.9688,7.9958,7.9823,0.5653,0.5674,0.5663
8/27/2014,6.0072,6.0272,6.0172,9.9708,10.0052,9.988,7.9187,7.9457,7.9322,0.5641,0.5662,0.5651
8/28/2014,6.005,6.025,6.015,9.9509,9.9864,9.9686,7.911,7.9385,7.9247,0.563,0.5651,0.564
8/29/2014,5.9881,6.0081,5.9981,9.9325,9.9669,9.9497,7.893,7.9211,7.907,0.563,0.5654,0.5642
9/1/2014,6.0282,6.0482,6.0382,10.0159,10.0528,10.0343,7.9199,7.9474,7.9336,0.5653,0.5676,0.5664
9/2/2014,6.0439,6.0639,6.0539,9.9859,10.0219,10.0039,7.9321,7.9596,7.9458,0.563,0.5652,0.5641
9/3/2014,6.0692,6.0892,6.0792,9.9961,10.0302,10.0131,7.9817,8.0098,7.9957,0.568,0.5701,0.569
9/4/2014,6.0412,6.0612,6.0512,9.9245,9.9586,9.9415,7.8626,7.8893,7.8759,0.5671,0.5693,0.5682
9/5/2014,6.045,6.065,6.055,9.8594,9.8932,9.8763,7.8355,7.8621,7.8488,0.5656,0.5678,0.5667
9/8/2014,6.0517,6.0717,6.0617,9.7748,9.8095,9.7921,7.837,7.8641,7.8505,0.5623,0.5644,0.5633
9/9/2014,6.0544,6.0744,6.0644,9.7428,9.7762,9.7595,7.8018,7.8294,7.8156,0.5537,0.5557,0.5547
9/10/2014,6.1303,6.1503,6.1403,9.8857,9.9192,9.9024,7.9081,7.9351,7.9216,0.5582,0.5603,0.5592
9/11/2014,6.1505,6.1705,6.1605,9.9805,10.0167,9.9986,7.9508,7.9785,7.9646,0.5622,0.5643,0.5632
9/12/2014,6.1496,6.1696,6.1596,9.9882,10.0213,10.0047,7.9564,7.9841,7.9702,0.5601,0.5621,0.5611
9/15/2014,6.1794,6.1994,6.1894,10.0323,10.0673,10.0498,7.982,8.0097,7.9958,0.5614,0.5634,0.5624
9/16/2014,6.1431,6.1631,6.1531,9.9525,9.988,9.9702,7.9517,7.9782,7.9649,0.5602,0.5625,0.5613
9/17/2014,6.1551,6.1751,6.1651,10.052,10.0872,10.0696,7.9771,8.0049,7.991,0.5632,0.5653,0.5642
9/18/2014,6.1784,6.1984,6.1884,10.1141,10.1487,10.1314,7.9628,7.9892,7.976,0.5599,0.5621,0.561
9/19/2014,6.1803,6.2003,6.1903,10.1043,10.1388,10.1215,7.9455,7.9724,7.9589,0.5608,0.5631,0.5619
9/22/2014,6.1779,6.1979,6.1879,10.0911,10.1262,10.1086,7.9412,7.9675,7.9543,0.5556,0.5579,0.55675
9/23/2014,6.1811,6.2011,6.1911,10.137,10.1704,10.1537,7.9644,7.992,7.9782,0.5566,0.5589,0.55775
9/24/2014,6.1642,6.1842,6.1742,10.0971,10.1317,10.1144,7.9063,7.9325,7.9194,0.5539,0.556,0.55495
9/25/2014,6.1773,6.1973,6.1873,10.0894,10.1252,10.1073,7.86,7.8879,7.8739,0.5515,0.5538,0.55265
9/26/2014,6.2026,6.2226,6.2126,10.1034,10.1366,10.12,7.8878,7.9139,7.9008,0.5523,0.5545,0.5534
9/29/2014,6.2465,6.2665,6.2565,10.1493,10.183,10.1661,7.9393,7.9666,7.9529,0.5534,0.5554,0.5544
9/30/2014,6.2509,6.2709,6.2609,10.1478,10.1821,10.1649,7.9143,7.9415,7.9279,0.5556,0.5576,0.5566
10/1/2014,6.2606,6.2806,6.2706,10.1217,10.1571,10.1394,7.8822,7.9093,7.8957,0.5523,0.5545,0.5534
10/2/2014,6.267,6.287,6.277,10.1244,10.1599,10.1421,7.9378,7.9657,7.9517,0.5587,0.5608,0.55975
10/3/2014,6.2716,6.2916,6.2816,10.042,10.0753,10.0586,7.8577,7.8833,7.8705,0.5536,0.5559,0.55475
10/6/2014,6.2794,6.2994,6.2894,10.0358,10.0697,10.0527,7.8807,7.9064,7.8935,0.5568,0.559,0.5579
10/7/2014,6.2919,6.3119,6.3019,10.1211,10.1564,10.1387,7.9378,7.9649,7.9513,0.5608,0.5629,0.56185
10/8/2014,6.3067,6.3267,6.3167,10.1468,10.1815,10.1641,7.9912,8.0178,8.0045,0.5637,0.5657,0.5647
10/9/2014,6.3091,6.3291,6.3191,10.2101,10.245,10.2275,8.0272,8.0539,8.0405,0.5721,0.5744,0.57325
10/10/2014,6.3014,6.3214,6.3114,10.1006,10.1352,10.1179,7.9581,7.9853,7.9717,0.5655,0.5678,0.56665
10/13/2014,6.3053,6.3253,6.3153,10.1422,10.1763,10.1592,8.0009,8.0269,8.0139,0.5709,0.5732,0.57205
10/14/2014,6.2971,6.3171,6.3071,10.0294,10.0638,10.0466,7.9665,7.9931,7.9798,0.5687,0.571,0.56985
10/15/2014,6.3115,6.3315,6.3215,10.0404,10.0747,10.0575,7.9929,8.0195,8.0062,0.5701,0.5721,0.5711
10/16/2014,6.3352,6.3552,6.3452,10.1426,10.1772,10.1599,8.0881,8.1149,8.1015,0.5674,0.5694,0.5684
10/17/2014,6.344,6.364,6.354,10.1924,10.227,10.2097,8.1426,8.1695,8.156,0.571,0.5731,0.57205
10/20/2014,6.3567,6.3767,6.3667,10.256,10.2895,10.2727,8.11,8.1361,8.123,0.5753,0.5773,0.5763
10/21/2014,6.3653,6.3853,6.3753,10.2864,10.3226,10.3045,8.1197,8.1471,8.1334,0.5801,0.5823,0.5812
10/22/2014,6.3681,6.3881,6.3781,10.215,10.2477,10.2313,8.0696,8.0956,8.0826,0.5779,0.58,0.57895
10/23/2014,6.3565,6.3765,6.3665,10.1869,10.2202,10.2035,8.0498,8.0758,8.0628,0.5813,0.5834,0.58235
10/24/2014,6.3565,6.3765,6.3665,10.1869,10.2202,10.2035,8.0498,8.0758,8.0628,0.5813,0.5834,0.58235
10/27/2014,6.3496,6.3696,6.3596,10.2267,10.2621,10.2444,8.0488,8.0748,8.0618,0.5786,0.5807,0.57965
10/28/2014,6.3495,6.3695,6.3595,10.2704,10.304,10.2872,8.0938,8.1212,8.1075,0.5825,0.5848,0.58365
10/29/2014,6.3895,6.4095,6.3995,10.3012,10.3341,10.3176,8.1415,8.1677,8.1546,0.5885,0.5906,0.58955
10/30/2014,6.3905,6.4105,6.4005,10.2235,10.2568,10.2401,8.0488,8.0753,8.062,0.5855,0.5878,0.58665
10/31/2014,6.2825,6.3025,6.2925,10.0388,10.072,10.0554,7.8757,7.9021,7.8889,0.5729,0.575,0.57395
11/3/2014,6.3138,6.3338,6.3238,10.1008,10.1353,10.118,7.884,7.9103,7.8971,0.5722,0.5741,0.57315
11/4/2014,6.3516,6.3716,6.3616,10.1665,10.1998,10.1831,7.9485,7.9754,7.9619,0.5742,0.5765,0.57535
11/5/2014,6.3728,6.3928,6.3828,10.1367,10.1698,10.1532,7.9489,7.9745,7.9617,0.5714,0.5735,0.57245
11/6/2014,6.318,6.338,6.328,10.0647,10.0997,10.0822,7.9108,7.9378,7.9243,0.5678,0.5699,0.56885
11/7/2014,6.3489,6.3689,6.3589,10.039,10.0719,10.0554,7.8677,7.8931,7.8804,0.5612,0.5635,0.56235
11/10/2014,6.3569,6.3769,6.3669,10.1031,10.1362,10.1196,7.9354,7.9616,7.9485,0.5675,0.5698,0.56865
11/11/2014,6.3569,6.3769,6.3669,10.1031,10.1362,10.1196,7.9354,7.9616,7.9485,0.5675,0.5698,0.56865
11/12/2014,6.3589,6.3789,6.3689,10.0567,10.0896,10.0731,7.9246,7.9501,7.9373,0.5659,0.5681,0.567
11/13/2014,6.3526,6.3726,6.3626,9.9972,10.0319,10.0145,7.9116,7.9372,7.9244,0.5662,0.5682,0.5672
11/14/2014,6.3533,6.3733,6.3633,9.943,9.9775,9.9602,7.9035,7.9291,7.9163,0.5679,0.57,0.56895
11/17/2014,6.3612,6.3812,6.3712,9.9534,9.9866,9.97,7.9502,7.9765,7.9633,0.5725,0.5745,0.5735
11/18/2014,6.3556,6.3756,6.3656,9.9446,9.9785,9.9615,7.9483,7.974,7.9611,0.5753,0.5773,0.5763
11/19/2014,6.3315,6.3515,6.3415,9.9203,9.9536,9.9369,7.936,7.9617,7.9488,0.5723,0.5746,0.57345
11/20/2014,6.3247,6.3447,6.3347,9.9279,9.9618,9.9448,7.9312,7.9569,7.944,0.5756,0.5779,0.57675
11/21/2014,6.3427,6.3627,6.3527,9.9379,9.9717,9.9548,7.8834,7.9102,7.8968,0.5802,0.5823,0.58125
11/24/2014,6.2992,6.3192,6.3092,9.8519,9.8857,9.8688,7.7984,7.8244,7.8114,0.5731,0.5752,0.57415
11/25/2014,6.2921,6.3121,6.3021,9.8755,9.9094,9.8924,7.8173,7.8435,7.8304,0.571,0.5728,0.5719
11/26/2014,6.3306,6.3506,6.3406,9.9879,10.022,10.0049,7.9038,7.9301,7.9169,0.5745,0.5766,0.57555
11/27/2014,6.3056,6.3256,6.3156,9.9553,9.9894,9.9723,7.8505,7.8766,7.8635,0.576,0.5781,0.57705
11/28/2014,6.2956,6.3156,6.3056,9.8772,9.9111,9.8941,7.8368,7.8642,7.8505,0.5713,0.5734,0.57235
12/1/2014,6.3363,6.3563,6.3463,9.9563,9.989,9.9726,7.9001,7.9263,7.9132,0.5739,0.5761,0.575
12/2/2014,6.351,6.371,6.361,9.9527,9.9853,9.969,7.9,7.9255,7.9127,0.5749,0.577,0.57595
12/3/2014,6.3578,6.3778,6.3678,9.9621,9.996,9.979,7.8361,7.862,7.849,0.5693,0.5713,0.5703
12/4/2014,6.3513,6.3713,6.3613,9.962,9.9959,9.9789,7.8242,7.8507,7.8374,0.5677,0.5699,0.5688
12/5/2014,6.3433,6.3633,6.3533,9.9514,9.9841,9.9677,7.8448,7.8714,7.8581,0.5647,0.5669,0.5658
12/8/2014,6.3486,6.3686,6.3586,9.9121,9.9465,9.9293,7.7802,7.8066,7.7934,0.5519,0.5541,0.553
12/9/2014,6.343,6.363,6.353,9.9262,9.9601,9.9431,7.8432,7.8686,7.8559,0.5533,0.5554,0.55435
12/10/2014,6.3426,6.3626,6.3526,9.9453,9.9786,9.9619,7.8459,7.8713,7.8586,0.5508,0.5528,0.5518
12/11/2014,6.3428,6.3628,6.3528,9.948,9.98,9.964,7.8917,7.9178,7.9047,0.55,0.552,0.551
12/12/2014,6.3438,6.3638,6.3538,9.9675,10.0002,9.9838,7.8987,7.9249,7.9118,0.5465,0.5487,0.5476
12/15/2014,6.3344,6.3544,6.3444,9.914,9.9466,9.9303,7.8699,7.896,7.8829,0.543,0.5451,0.54405
12/16/2014,6.3215,6.3415,6.3315,9.945,9.9777,9.9613,7.9126,7.9383,7.9254,0.5419,0.5438,0.54285
12/17/2014,6.3012,6.3212,6.3112,9.8905,9.9232,9.9068,7.8476,7.8732,7.8604,0.5378,0.5397,0.53875
12/18/2014,6.2518,6.2718,6.2618,9.7685,9.801,9.7847,7.6848,7.71,7.6974,0.5409,0.5431,0.542
12/19/2014,6.2535,6.2735,6.2635,9.7824,9.8149,9.7986,7.6762,7.7014,7.6888,0.5385,0.5404,0.53945
12/22/2014,6.2939,6.3139,6.3039,9.8311,9.8636,9.8473,7.7163,7.7427,7.7295,0.5429,0.5449,0.5439
12/23/2014,6.3126,6.3326,6.3226,9.8029,9.8359,9.8194,7.7096,7.7347,7.7221,0.5448,0.547,0.5459
12/24/2014,6.3252,6.3452,6.3352,9.827,9.8593,9.8431,7.7194,7.7444,7.7319,0.5416,0.5436,0.5426
12/25/2014,6.3252,6.3452,6.3352,9.827,9.8593,9.8431,7.7194,7.7444,7.7319,0.5416,0.5436,0.5426
12/26/2014,6.3252,6.3452,6.3352,9.827,9.8593,9.8431,7.7194,7.7444,7.7319,0.5416,0.5436,0.5426
12/29/2014,6.3359,6.3559,6.3459,9.8549,9.8873,9.8711,7.7273,7.7536,7.7404,0.5454,0.5475,0.54645
12/30/2014,6.3664,6.3864,6.3764,9.8878,9.922,9.9049,7.7385,7.7634,7.7509,0.5472,0.5493,0.54825
12/31/2014,6.3756,6.3956,6.3856,9.9473,9.9798,9.9635,7.7471,7.7726,7.7598,0.5516,0.5536,0.5526
1/1/2015,6.3756,6.3956,6.3856,9.9473,9.9798,9.9635,7.7471,7.7726,7.7598,0.5516,0.5536,0.5526
1/2/2015,6.3756,6.3956,6.3856,9.9473,9.9798,9.9635,7.7471,7.7726,7.7598,0.5516,0.5536,0.5526
1/5/2015,6.3962,6.4162,6.4062,9.737,9.7687,9.7528,7.6173,7.643,7.6301,0.5445,0.5465,0.5455
1/6/2015,6.4714,6.4914,6.4814,9.8287,9.8604,9.8445,7.7074,7.7325,7.7199,0.5517,0.5536,0.5526
1/7/2015,6.5411,6.5611,6.5511,9.8974,9.9316,9.9145,7.7467,7.771,7.7588,0.559,0.5611,0.56
1/8/2015,6.5056,6.5256,6.5156,9.8053,9.8374,9.8213,7.6598,7.6853,7.6725,0.5592,0.5611,0.5601
1/9/2015,6.46,6.48,6.47,9.7888,9.8217,9.8052,7.628,7.6535,7.6407,0.5573,0.5593,0.5583
1/12/2015,6.4631,6.4831,6.4731,9.7807,9.8135,9.7971,7.6181,7.643,7.6305,0.5612,0.5633,0.5622
1/13/2015,6.5115,6.5315,6.5215,9.8781,9.9104,9.8942,7.6771,7.7014,7.6892,0.5655,0.5674,0.5664
1/14/2015,6.5372,6.5572,6.5472,9.9274,9.9611,9.9442,7.6917,7.7159,7.7038,0.5674,0.5694,0.5684
1/15/2015,6.5287,6.5487,6.5387,9.9524,9.9842,9.9683,7.6288,7.6541,7.6414,0.5695,0.5715,0.5705
1/16/2015,6.4528,6.4728,6.4628,9.7929,9.8245,9.8087,7.4815,7.5066,7.494,0.5576,0.5598,0.5587
1/19/2015,6.4246,6.4446,6.4346,9.732,9.7636,9.7478,7.4616,7.4867,7.4741,0.5511,0.5531,0.5521
1/20/2015,6.4611,6.4811,6.4711,9.7686,9.7994,9.784,7.5143,7.5382,7.5262,0.5583,0.5606,0.5594
1/21/2015,6.4611,6.4811,6.4711,9.7686,9.7994,9.784,7.5143,7.5382,7.5262,0.5583,0.5606,0.5594
1/22/2015,6.4197,6.4397,6.4297,9.758,9.7897,9.7738,7.4681,7.492,7.48,0.5589,0.5609,0.5599
1/23/2015,6.3672,6.3872,6.3772,9.526,9.5572,9.5416,7.1052,7.1294,7.1173,0.5574,0.5593,0.5583
1/26/2015,6.3735,6.3935,6.3835,9.5673,9.5999,9.5836,7.1536,7.178,7.1658,0.5556,0.5577,0.5566
1/27/2015,6.4216,6.4416,6.4316,9.7076,9.7392,9.7234,7.2533,7.2772,7.2652,0.5541,0.556,0.555
1/28/2015,6.4707,6.4907,6.4807,9.8381,9.8724,9.8552,7.3521,7.3754,7.3637,0.5605,0.5625,0.5615
1/29/2015,6.4653,6.4853,6.4753,9.7833,9.8148,9.799,7.309,7.3323,7.3206,0.5558,0.5578,0.5568
1/30/2015,6.4711,6.4911,6.4811,9.7481,9.7795,9.7638,7.3363,7.3596,7.3479,0.5582,0.5602,0.5592
2/2/2015,6.5044,6.5244,6.5144,9.7625,9.7938,9.7781,7.3604,7.3843,7.3723,0.5618,0.5637,0.5627
2/3/2015,6.5283,6.5483,6.5383,9.8336,9.8651,9.8493,7.4097,7.433,7.4213,0.5706,0.5726,0.5716
2/4/2015,6.5568,6.5768,6.5668,9.9743,10.0073,9.9908,7.5076,7.5312,7.5194,0.5737,0.5757,0.5747
2/5/2015,6.5476,6.5676,6.5576,9.9785,10.0123,9.9954,7.4688,7.4936,7.4812,0.5747,0.5767,0.5757
2/6/2015,6.5454,6.5654,6.5554,10.0295,10.0621,10.0458,7.4971,7.5219,7.5095,0.5785,0.5808,0.5796
2/9/2015,6.5501,6.5701,6.5601,9.9561,9.9898,9.9729,7.3846,7.4078,7.3962,0.5655,0.5677,0.5666
2/10/2015,6.5611,6.5811,6.5711,9.9926,10.0257,10.0091,7.4049,7.4294,7.4171,0.5633,0.5653,0.5643
2/11/2015,6.601,6.621,6.611,10.0963,10.1282,10.1122,7.4677,7.491,7.4793,0.5586,0.5607,0.5596
2/12/2015,6.6537,6.6737,6.6637,10.2254,10.2595,10.2424,7.542,7.5653,7.5536,0.5636,0.5656,0.5646
2/13/2015,6.6544,6.6744,6.6644,10.2352,10.2686,10.2519,7.5741,7.5995,7.5868,0.5663,0.5682,0.5672
2/16/2015,6.6686,6.6886,6.6786,10.2537,10.2857,10.2697,7.6096,7.633,7.6213,0.5734,0.5755,0.5744
2/17/2015,6.7662,6.7862,6.7762,10.3869,10.421,10.4039,7.7251,7.75,7.7375,0.5834,0.5854,0.5844
2/18/2015,6.9462,6.9662,6.9562,10.7159,10.7481,10.732,7.9054,7.9296,7.9175,0.5936,0.5957,0.5946
2/19/2015,7.006,7.026,7.016,10.8195,10.8532,10.8363,7.9806,8.0041,7.9923,0.6046,0.6067,0.6056
2/20/2015,6.9736,6.9936,6.9836,10.7233,10.7569,10.7401,7.8865,7.9098,7.8981,0.5986,0.6006,0.5996
2/23/2015,6.9651,6.9851,6.9751,10.7033,10.7354,10.7193,7.8761,7.9001,7.8881,0.5947,0.5967,0.5896
2/24/2015,6.969,6.989,6.979,10.749,10.7833,10.7661,7.8938,7.9171,7.9054,0.6007,0.6028,0.5903
2/25/2015,6.9776,6.9976,6.9876,10.7994,10.8345,10.8169,7.9169,7.9403,7.9286,0.6077,0.6096,0.5884
2/26/2015,6.957,6.977,6.967,10.7771,10.8095,10.7933,7.874,7.8973,7.8856,0.6078,0.6101,0.5906
2/27/2015,6.8507,6.8707,6.8607,10.5796,10.6146,10.5971,7.7023,7.7255,7.7139,0.5895,0.5917,0.6089
3/2/2015,6.8783,6.8983,6.8883,10.5851,10.6165,10.6008,7.7237,7.7468,7.7352,0.5874,0.5894,0.6086
3/3/2015,6.9548,6.9748,6.9648,10.6742,10.7077,10.6909,7.7644,7.7874,7.7759,0.5893,0.5913,0.6017
3/4/2015,6.9473,6.9673,6.9573,10.6641,10.6976,10.6808,7.7372,7.7602,7.7487,0.5886,0.5907,0.5957
3/5/2015,6.9649,6.9849,6.9749,10.6257,10.6583,10.642,7.7081,7.7316,7.7198,0.5919,0.5938,0.5996
3/6/2015,6.98,7,6.99,10.5873,10.6197,10.6035,7.6564,7.679,7.6677,0.5913,0.5933,0.6056
3/9/2015,7.0914,7.1114,7.1014,10.6867,10.719,10.7028,7.6452,7.6696,7.6574,0.581,0.5828,0.5819
3/10/2015,7.0914,7.1114,7.1014,10.6867,10.719,10.7028,7.6452,7.6696,7.6574,0.581,0.5828,0.5819
3/11/2015,7.1766,7.1966,7.1866,10.8038,10.8367,10.8202,7.6173,7.64,7.6286,0.584,0.5858,0.5849
3/12/2015,7.1766,7.1966,7.1866,10.8038,10.8367,10.8202,7.6173,7.64,7.6286,0.584,0.5858,0.5849
3/13/2015,7.3018,7.3218,7.3118,10.8009,10.8319,10.8164,7.7261,7.7487,7.7374,0.5857,0.5878,0.5867
3/16/2015,7.3337,7.3537,7.3437,10.8597,10.8938,10.8767,7.7459,7.7692,7.7575,0.5924,0.5943,0.5933
3/17/2015,7.4274,7.4474,7.4374,10.9621,10.9924,10.9772,7.8946,7.9181,7.9063,0.5991,0.6012,0.6001
3/18/2015,7.4559,7.4759,7.4659,10.917,10.9507,10.9338,7.8958,7.9178,7.9068,0.6025,0.6047,0.6036
3/19/2015,7.581,7.601,7.591,11.2548,11.286,11.2704,8.0852,8.1088,8.097,0.6176,0.6197,0.6186
3/20/2015,7.6918,7.7118,7.7018,11.4062,11.4382,11.4222,8.2757,8.298,8.2868,0.6313,0.6334,0.6323
3/23/2015,7.6495,7.6695,7.6595,11.3863,11.4176,11.4019,8.3196,8.3429,8.3312,0.6371,0.6392,0.6381
3/24/2015,7.6696,7.6896,7.6796,11.4277,11.4606,11.4441,8.3875,8.4109,8.3992,0.6477,0.6497,0.6487
3/25/2015,7.6062,7.6262,7.6162,11.3249,11.36,11.3424,8.3448,8.3675,8.3561,0.6441,0.646,0.645
3/26/2015,7.5416,7.5616,7.5516,11.265,11.2986,11.2818,8.3079,8.3307,8.3193,0.6366,0.6386,0.6376
3/27/2015,7.5762,7.5962,7.5862,11.2901,11.3214,11.3057,8.2315,8.254,8.2427,0.6313,0.6332,0.6322
3/30/2015,7.5601,7.5801,7.5701,11.1746,11.2079,11.1912,8.1967,8.2206,8.2086,0.6235,0.6254,0.6244
3/31/2015,7.5667,7.5867,7.5767,11.1875,11.2208,11.2041,8.1297,8.1542,8.1419,0.6211,0.6232,0.6221
4/1/2015,7.6043,7.6243,7.6143,11.2446,11.2757,11.2601,8.1884,8.2122,8.2003,0.6318,0.6338,0.6328
4/2/2015,7.5646,7.5846,7.5746,11.1972,11.2298,11.2135,8.2137,8.2361,8.2249,0.6314,0.6333,0.6323
4/3/2015,7.5646,7.5846,7.5746,11.1972,11.2298,11.2135,8.2137,8.2361,8.2249,0.6314,0.6333,0.6323
4/6/2015,7.5646,7.5846,7.5746,11.1972,11.2298,11.2135,8.2137,8.2361,8.2249,0.6314,0.6333,0.6323
4/7/2015,7.5039,7.5239,7.5139,11.1688,11.2023,11.1855,8.1417,8.1664,8.154,0.6334,0.6355,0.6344
4/8/2015,7.2714,7.2914,7.2814,10.8678,10.9014,10.8846,7.8931,7.9155,7.9043,0.6158,0.618,0.6169
4/9/2015,7.4126,7.4326,7.4226,10.9669,11.0017,10.9843,7.9671,7.9893,7.9782,0.6269,0.6288,0.6278
4/10/2015,7.3043,7.3243,7.3143,10.725,10.7573,10.7411,7.758,7.7821,7.77,0.6088,0.6107,0.6097
4/13/2015,7.2099,7.2299,7.2199,10.5596,10.5911,10.5753,7.631,7.6529,7.6419,0.5954,0.5972,0.5963
4/14/2015,7.1874,7.2074,7.1974,10.6057,10.6389,10.6223,7.6625,7.6853,7.6739,0.5973,0.5994,0.5983
4/15/2015,7.3019,7.3219,7.3119,10.793,10.8255,10.8092,7.7693,7.7913,7.7803,0.6041,0.6062,0.6051
4/16/2015,7.4191,7.4391,7.4291,11.0687,11.1015,11.0851,7.9645,7.9867,7.9756,0.6166,0.6185,0.6175
4/17/2015,7.3676,7.3876,7.3776,11.0285,11.0629,11.0457,7.9526,7.9756,7.9641,0.6161,0.6183,0.6172
4/20/2015,7.4084,7.4284,7.4184,11.0423,11.075,11.0586,7.9552,7.9781,7.9666,0.6121,0.6142,0.6131
4/21/2015,7.3382,7.3582,7.3482,10.931,10.9623,10.9466,7.8585,7.8829,7.8707,0.6062,0.6084,0.6073
4/22/2015,7.3425,7.3625,7.3525,11.0461,11.0776,11.0618,7.8726,7.8948,7.8837,0.6038,0.6057,0.6047
4/23/2015,7.3359,7.3559,7.3459,11.0134,11.0442,11.0288,7.8905,7.9128,7.9016,0.5986,0.6007,0.5996
4/24/2015,7.4141,7.4341,7.4241,11.2325,11.2657,11.2491,8.0429,8.0661,8.0545,0.6097,0.6118,0.6107
4/27/2015,7.415,7.435,7.425,11.2315,11.2648,11.2481,8.0542,8.0781,8.0661,0.6138,0.6158,0.6148
4/28/2015,7.422,7.442,7.432,11.3409,11.3729,11.3569,8.1086,8.1327,8.1206,0.6232,0.6251,0.6241
4/29/2015,7.4003,7.4203,7.4103,11.3801,11.4146,11.3973,8.1655,8.1883,8.1769,0.6246,0.6265,0.6255
4/30/2015,7.4196,7.4396,7.4296,11.398,11.4295,11.4137,8.2729,8.2959,8.2844,0.6234,0.6256,0.6245
5/1/2015,7.4196,7.4396,7.4296,11.398,11.4295,11.4137,8.2729,8.2959,8.2844,0.6234,0.6256,0.6245
5/4/2015,7.4029,7.4229,7.4129,11.2125,11.2443,11.2284,8.2795,8.3033,8.2914,0.6156,0.6175,0.6165
5/5/2015,7.3798,7.3998,7.3898,11.1636,11.1961,11.1798,8.205,8.228,8.2165,0.6129,0.615,0.6139
5/6/2015,7.3199,7.3399,7.3299,11.1299,11.1611,11.1455,8.2517,8.2772,8.2644,0.6112,0.6132,0.6122
5/7/2015,7.3327,7.3527,7.3427,11.1589,11.1923,11.1756,8.2793,8.3027,8.291,0.6103,0.6122,0.6112
5/8/2015,7.3475,7.3675,7.3575,11.3631,11.3977,11.3804,8.2536,8.2782,8.2659,0.6118,0.6137,0.6127
5/11/2015,7.3464,7.3664,7.3564,11.3994,11.4319,11.4156,8.1956,8.2187,8.2071,0.6137,0.6156,0.6146
5/12/2015,7.334,7.354,7.344,11.4822,11.515,11.4986,8.2391,8.2638,8.2514,0.6049,0.607,0.6059
5/13/2015,7.3102,7.3302,7.3202,11.4764,11.5093,11.4928,8.2672,8.292,8.2796,0.6157,0.6178,0.6167
5/14/2015,7.248,7.268,7.258,11.4396,11.4726,11.4561,8.2657,8.2892,8.2774,0.6143,0.6164,0.6153
5/15/2015,7.2206,7.2406,7.2306,11.3509,11.3859,11.3684,8.1839,8.2073,8.1956,0.6085,0.6104,0.6094
5/18/2015,7.2211,7.2411,7.2311,11.3234,11.357,11.3402,8.2248,8.2491,8.2369,0.6088,0.6109,0.6098
5/19/2015,7.1707,7.1907,7.1807,11.1032,11.137,11.1201,7.9861,8.0105,7.9983,0.6015,0.6034,0.6024
5/20/2015,7.1057,7.1257,7.1157,11.0516,11.0848,11.0682,7.9023,7.9252,7.9137,0.5985,0.6006,0.5995
5/21/2015,7.0501,7.0701,7.0601,11.0427,11.0769,11.0598,7.8419,7.8649,7.8534,0.599,0.601,0.6
5/22/2015,7.0862,7.1062,7.0962,10.9999,11.0338,11.0168,7.8232,7.8474,7.8353,0.5974,0.5994,0.5984
5/25/2015,7.0862,7.1062,7.0962,10.9999,11.0338,11.0168,7.8232,7.8474,7.8353,0.5974,0.5994,0.5984
5/26/2015,7.1435,7.1635,7.1535,10.9999,11.0282,11.0117,7.8,7.8226,7.8113,0.5938,0.5957,0.5947
5/27/2015,7.1888,7.2088,7.1988,10.9999,11.0468,11.03,7.779,7.8014,7.7902,0.591,0.5931,0.592
5/28/2015,7.2595,7.2795,7.2695,10.9999,11.126,11.1096,7.9078,7.9318,7.9198,0.5958,0.5976,0.5967
5/29/2015,7.2745,7.2945,7.2845,10.9999,11.1424,11.1253,7.9874,8.0101,7.9987,0.5992,0.6011,0.6001
6/1/2015,7.2331,7.2531,7.2431,11.0327,11.0661,11.0494,7.9304,7.9545,7.9424,0.5912,0.5934,0.5923
6/2/2015,7.1914,7.2114,7.2014,10.9978,11.0313,11.0145,7.9968,8.0198,8.0083,0.5873,0.5893,0.5883
6/3/2015,7.1914,7.2114,7.2014,10.9729,11.0048,10.9888,7.9761,7.9997,7.9879,0.5841,0.5863,0.5852
6/4/2015,7.1995,7.2195,7.2095,11.0837,11.1159,11.0998,8.1312,8.1545,8.1428,0.5836,0.5855,0.5845
6/5/2015,7.2335,7.2535,7.2435,11.0094,11.0435,11.0264,8.0184,8.0427,8.0305,0.5738,0.5756,0.5747
6/8/2015,7.2358,7.2558,7.2458,11.0549,11.0869,11.0709,8.0955,8.12,8.1077,0.5761,0.5781,0.5771
6/9/2015,7.2475,7.2675,7.2575,11.0837,11.1158,11.0997,8.1332,8.1571,8.1451,0.5814,0.5833,0.5823
6/10/2015,7.2505,7.2705,7.2605,11.2369,11.2715,11.2542,8.1859,8.2092,8.1975,0.5872,0.5892,0.5882
6/11/2015,7.2657,7.2857,7.2757,11.2495,11.2834,11.2664,8.1667,8.1899,8.1783,0.5857,0.5878,0.5867
6/12/2015,7.2956,7.3156,7.3056,11.3002,11.3349,11.3175,8.1864,8.2111,8.1987,0.5873,0.5893,0.5883
6/15/2015,7.329351852,7.349351852,7.339351852,11.37588701,11.40913381,11.39251041,8.186446787,8.211083481,8.198765134,0.590486276,0.592517644,0.59150196
6/16/2015,7.388703704,7.408703704,7.398703704,11.53376648,11.56646822,11.55011735,8.232328,8.256996806,8.244662403,0.593694303,0.595722567,0.594708435
6/17/2015,7.398888889,7.418888889,7.408888889,11.64511122,11.68029867,11.66270494,8.344801963,8.368871704,8.356836833,0.59507692,0.596925525,0.596001223
6/18/2015,7.411481481,7.431481481,7.421481481,11.78277326,11.818285,11.80052913,8.338547778,8.361829667,8.350188722,0.608895948,0.611041069,0.609968509
6/19/2015,7.405925926,7.425925926,7.415925926,11.76135096,11.79534074,11.77834585,8.449830037,8.474861481,8.462345759,0.605583751,0.607716085,0.606649918
6/22/2015,7.388425926,7.408425926,7.398425926,11.69292287,11.72753824,11.71023056,8.387951704,8.411346296,8.399649,0.608656956,0.610510756,0.609583856
6/23/2015,7.388425926,7.4084,7.3984,11.6929,11.7275,11.7102,8.3947,8.4189,8.4068,0.6087,0.6105,0.6096
6/24/2015,7.369444444,7.3894,7.3794,11.5973,11.6325,11.6149,8.2265,8.2518,8.2392,0.6027,0.6048,0.6038
6/25/2015,7.354907407,7.3749,7.3649,11.5729,11.6074,11.5902,8.2162,8.24,8.2281,0.6046,0.6065,0.6056
6/26/2015,7.338518519,7.3585,7.3485,11.5479,11.583,11.5655,8.2213,8.2445,8.2329,0.6068,0.6089,0.6078
6/29/2015,7.364166667,7.3842,7.3742,11.5809,11.6138,11.5974,8.2331,8.2577,8.2454,0.6032,0.6051,0.6041
6/30/2015,7.449166667,7.4692,7.4592,11.6937,11.7266,11.7101,8.2708,8.2953,8.283,0.607,0.6087,0.6079
7/1/2015,7.501666667,7.5217,7.5117,11.8286,11.8632,11.8459,8.4274,8.4521,8.4397,0.6163,0.6182,0.6172
7/2/2015,7.501388889,7.5214,7.5114,11.7344,11.7695,11.7519,8.322,8.3457,8.3339,0.6133,0.6152,0.6143
7/3/2015,7.512685185,7.5327,7.5227,11.7266,11.7608,11.7437,8.3323,8.3568,8.3445,0.6127,0.6146,0.6136
7/6/2015,7.512685185,7.5327,7.5227,11.7266,11.7608,11.7437,8.3323,8.3568,8.3445,0.6127,0.6146,0.6136
7/7/2015,7.512685185,7.5327,7.5227,11.7266,11.7608,11.7437,8.3323,8.3568,8.3445,0.6127,0.6146,0.6136
7/8/2015,7.544444444,7.5644,7.5544,11.7799,11.8149,11.7974,8.3698,8.3943,8.382,0.6136,0.6157,0.6147
7/9/2015,7.712494553,7.7325,7.7225,11.8518,11.8841,11.8679,8.5308,8.556,8.5434,0.6161,0.6181,0.6171
7/10/2015,7.745185185,7.7652,7.7552,11.9183,11.9506,11.9345,8.5453,8.5697,8.5575,0.6208,0.6226,0.6217
7/13/2015,7.7983,7.8183,7.8083,12.11,12.1442,12.1271,8.6281,8.651,8.6395,0.6238,0.6257,0.6247
7/14/2015,7.8272,7.8472,7.8372,12.2175,12.2527,12.2351,8.6608,8.6837,8.6722,0.6338,0.6358,0.6348
7/15/2015,7.8609,7.8809,7.8709,12.2591,12.2935,12.2763,8.6211,8.6446,8.6328,0.6338,0.6358,0.6348
7/16/2015,7.7856,7.8056,7.7956,12.1417,12.1745,12.1581,8.4755,8.498,8.4867,0.6268,0.6289,0.6278
7/17/2015,7.6631,7.6831,7.6731,11.94,11.9742,11.9571,8.3306,8.3547,8.3426,0.6198,0.6217,0.6207
7/20/2015,7.6374,7.6574,7.6474,11.8808,11.9157,11.8982,8.2812,8.3052,8.2932,0.6137,0.6155,0.6146
7/21/2015,7.5233,7.5433,7.5333,11.701,11.7344,11.7177,8.1891,8.2117,8.2004,0.6078,0.6097,0.6087
7/22/2015,7.6441,7.6641,7.6541,11.9501,11.9822,11.9661,8.3344,8.3585,8.3464,0.6186,0.6204,0.6195
7/23/2015,7.5834,7.6034,7.5934,11.7998,11.8347,11.8172,8.3167,8.341,8.3288,0.6082,0.6102,0.6092
7/24/2015,7.5311,7.5511,7.5411,11.6649,11.6997,11.6823,8.2413,8.2647,8.253,0.596,0.598,0.597
7/27/2015,7.6545,7.6745,7.6645,11.8837,11.9163,11.9,8.4728,8.4972,8.485,0.6044,0.6062,0.6053
7/28/2015,7.6592,7.6792,7.6692,11.9278,11.9628,11.9453,8.4512,8.4741,8.4626,0.6097,0.6116,0.6106
7/29/2015,7.6328,7.6528,7.6428,11.9424,11.9775,11.95995,8.432,8.4564,8.4442,0.6083,0.6102,0.6092
7/30/2015,7.6317,7.6517,7.6417,11.9239,11.9574,11.94065,8.3499,8.3741,8.362,0.6001,0.6023,0.6012
7/31/2015,7.652,7.672,7.662,11.9747,12.009,11.99185,8.4578,8.4814,8.4696,0.6052,0.6073,0.6062
8/3/2015,7.652,7.672,7.662,11.9747,12.009,11.99185,8.4578,8.4814,8.4696,0.6052,0.6073,0.6062
8/4/2015,7.8443,7.8643,7.8543,12.2419,12.277,12.25945,8.6013,8.6264,8.6138,0.6193,0.6212,0.6202
8/5/2015,7.8321,7.8521,7.8421,12.2408,12.2752,12.258,8.5315,8.5565,8.544,0.6135,0.6153,0.6144
8/6/2015,7.8354,7.8554,7.8454,12.1668,12.2017,12.18425,8.5374,8.5608,8.5491,0.6139,0.6159,0.6149
8/7/2015,7.8362,7.8562,7.8462,12.1282,12.1631,12.14565,8.5188,8.5437,8.5312,0.6138,0.6157,0.6147
8/10/2015,7.8366,7.8566,7.8466,12.146,12.1802,12.1631,8.5749,8.5983,8.5866,0.6151,0.6169,0.616
8/11/2015,7.8025,7.8225,7.8125,12.1579,12.1929,12.1754,8.6405,8.6634,8.6519,0.6125,0.6145,0.6135
8/12/2015,7.7834,7.8034,7.7934,12.1453,12.1772,12.16125,8.6816,8.7047,8.6931,0.61,0.6118,0.6109
8/13/2015,7.8405,7.8605,7.8505,12.2305,12.2648,12.24765,8.7109,8.7362,8.7235,0.6117,0.6137,0.6127
8/14/2015,7.867,7.887,7.877,12.3017,12.3345,12.3181,8.7717,8.7948,8.7832,0.614,0.616,0.615
8/17/2015,7.938,7.958,7.948,12.4079,12.4431,12.4255,8.8183,8.8421,8.8302,0.6154,0.6172,0.6163
8/18/2015,7.9562,7.9762,7.9662,12.4801,12.5147,12.4974,8.7733,8.7962,8.7847,0.6146,0.6164,0.6155
8/19/2015,7.9743,7.9943,7.9843,12.4869,12.523,12.50495,8.802,8.8249,8.8134,0.6167,0.6184,0.6175
8/20/2015,8.0638,8.0838,8.0738,12.6361,12.6691,12.6526,9.0066,9.0297,9.0181,0.6233,0.6253,0.6243
8/21/2015,8.1686,8.1886,8.1786,12.8149,12.8504,12.83265,9.2264,9.2499,9.2381,0.6312,0.633,0.6321
8/24/2015,8.4457,8.4657,8.4557,13.3257,13.3598,13.3427,9.7743,9.7991,9.7867,0.6385,0.6403,0.6394
8/25/2015,8.466,8.486,8.476,13.3611,13.396,13.3785,9.7114,9.7369,9.7241,0.65,0.6519,0.6509
8/26/2015,8.4579,8.4779,8.4679,13.1733,13.2061,13.1897,9.6192,9.6454,9.6323,0.6458,0.6477,0.6467
8/27/2015,8.4452,8.4652,8.4552,13.0133,13.0467,13.03,9.4908,9.5158,9.5033,0.643,0.645,0.644
8/28/2015,8.5722,8.5922,8.5822,13.1558,13.1899,13.1728,9.6352,9.6594,9.6473,0.6454,0.6473,0.6463
8/31/2015,8.7106,8.7306,8.7206,13.423,13.4565,13.4397,9.7785,9.8045,9.7915,0.653,0.6548,0.6539
9/1/2015,8.9508,8.9708,8.9608,13.7189,13.7541,13.7365,10.0912,10.1146,10.1029,0.6703,0.6723,0.6713
9/2/2015,9.3053,9.3253,9.3153,14.2242,14.2557,14.2399,10.4546,10.4789,10.4667,0.6934,0.6953,0.6943
9/3/2015,9.7284,9.7484,9.7384,14.8504,14.8829,14.8666,10.8229,10.848,10.8354,0.7149,0.7168,0.7158
9/4/2015,9.9241,9.9441,9.9341,15.0876,15.12,15.1038,11.0336,11.0568,11.0452,0.7248,0.7265,0.7256
9/7/2015,9.9098,9.9298,9.9198,15.1156,15.1481,15.1318,11.0525,11.0758,11.0641,0.7114,0.7134,0.7124
9/8/2015,9.8039,9.8239,9.8139,15.0893,15.123,15.1061,10.9501,10.9763,10.9632,0.712,0.7139,0.7129
9/9/2015,9.8476,9.8676,9.8576,15.1357,15.1695,15.1526,10.9692,10.9925,10.9808,0.7209,0.7229,0.7219
9/10/2015,9.8495,9.8695,9.8595,15.1604,15.1971,15.1787,11.0394,11.0628,11.0511,0.7119,0.7139,0.7129
9/11/2015,9.7728,9.7928,9.7828,15.0745,15.1073,15.0909,11.0227,11.0463,11.0345,0.7208,0.7227,0.7217
9/14/2015,9.8073,9.8273,9.8173,15.1121,15.1449,15.1285,11.0862,11.1108,11.0985,0.7217,0.7237,0.7227
9/15/2015,9.8688,9.8888,9.8788,15.1861,15.2198,15.2029,11.1488,11.1734,11.1611,0.7309,0.7327,0.7318
9/16/2015,9.9413,9.9613,9.9513,15.3614,15.3973,15.3793,11.201,11.2265,11.2137,0.7448,0.7465,0.7456
9/17/2015,9.9572,9.9772,9.9672,15.4576,15.4926,15.4751,11.2775,11.3032,11.2903,0.7446,0.7465,0.7455
9/18/2015,9.9674,9.9874,9.9774,15.5902,15.6264,15.6083,11.3749,11.4007,11.3878,0.7539,0.756,0.7549
9/21/2015,9.9844,10.0044,9.9944,15.5098,15.5429,15.5263,11.2235,11.249,11.2362,0.7462,0.7483,0.7472
9/22/2015,10.0353,10.0553,10.0453,15.4925,15.5264,15.5094,11.1964,11.2197,11.208,0.734,0.7358,0.7349
9/23/2015,10.3908,10.4108,10.4008,15.8606,15.8942,15.8774,11.5733,11.5987,11.586,0.7602,0.7622,0.7612
9/24/2015,10.536,10.556,10.546,16.0169,16.0515,16.0342,11.8456,11.8713,11.8584,0.7505,0.7521,0.7513
9/25/2015,10.6998,10.7198,10.7098,16.2541,16.2866,16.2703,11.9538,11.9772,11.9655,0.7727,0.7747,0.7737
9/28/2015,11.5972,11.6172,11.6072,17.5872,17.6198,17.6035,12.9332,12.959,12.9461,0.8265,0.8283,0.8274
9/29/2015,12.2818,12.3018,12.2918,18.6045,18.641,18.6227,13.7655,13.7891,13.7773,0.8832,0.8849,0.884
9/30/2015,12.0006,12.0206,12.0106,18.2158,18.251,18.2334,13.4311,13.4559,13.4435,0.8668,0.8689,0.8678
10/1/2015,11.6545,11.6745,11.6645,17.7429,17.7757,17.7593,12.9739,12.9985,12.9862,0.8422,0.8439,0.843
10/2/2015,12.06,12.08,12.07,18.3614,18.3942,18.3778,13.6326,13.6576,13.6451,0.8704,0.8732,0.8718
10/5/2015,12.2373,12.2573,12.2473,18.5677,18.6005,18.5841,13.8135,13.8385,13.826,0.8946,0.8975,0.896
10/6/2015,12.1756,12.1956,12.1856,18.4765,18.5093,18.4929,13.6489,13.6738,13.6613,0.8898,0.8926,0.8912
10/7/2015,11.9199,11.9399,11.9299,18.2315,18.2645,18.248,13.4492,13.473,13.4611,0.8895,0.8925,0.891
10/8/2015,11.8634,11.8834,11.8734,18.1226,18.1555,18.139,13.3618,13.3867,13.3742,0.88,0.8818,0.8809
10/9/2015,11.7776,11.7976,11.7876,18.0645,18.1919,18.1282,13.3841,13.4091,13.3966,0.8867,0.8888,0.8877
10/12/2015,11.7308,11.7508,11.7408,18.0244,18.0587,18.0415,13.3391,13.3642,13.3516,0.8835,0.8854,0.8844
10/13/2015,11.6707,11.6907,11.6807,17.7559,17.791,17.7734,13.2941,13.3204,13.3072,0.8665,0.8683,0.8674
10/14/2015,11.6652,11.6852,11.6752,17.9774,18.0152,17.9963,13.3462,13.3715,13.3588,0.8733,0.8752,0.8742
10/15/2015,11.6458,11.6658,11.6558,18.0464,18.0809,18.0636,13.3275,13.3539,13.3407,0.8851,0.8871,0.8861
10/16/2015,11.7079,11.7279,11.7179,18.0935,18.1303,18.1119,13.2991,13.3253,13.3122,0.89,0.8919,0.8909
10/19/2015,11.9974,12.0174,12.0074,18.5744,18.6078,18.5911,13.6027,13.6265,13.6146,0.9075,0.9094,0.9084
10/20/2015,12.0739,12.0939,12.0839,18.6916,18.7274,18.7095,13.7159,13.7411,13.7285,0.9118,0.9138,0.9128
10/21/2015,12.0892,12.1092,12.0992,18.6646,18.7028,18.6837,13.7225,13.7501,13.7363,0.8955,0.8973,0.8964
10/22/2015,12.1256,12.1456,12.1356,18.7596,18.793,18.7763,13.7214,13.7489,13.7351,0.8967,0.8989,0.8978
10/23/2015,12.0884,12.1084,12.0984,18.5956,18.63,18.6128,13.3444,13.3701,13.3572,0.8957,0.8978,0.8967
10/26/2015,12.0751,12.0951,12.0851,18.5113,18.5431,18.5272,13.2996,13.3228,13.3112,0.8892,0.891,0.8901
10/27/2015,12.1536,12.1736,12.1636,18.6497,18.6828,18.6662,13.4553,13.4823,13.4688,0.8878,0.8895,0.8886
10/28/2015,12.4024,12.4224,12.4124,18.9831,19.0199,19.0015,13.7084,13.7342,13.7213,0.9111,0.9132,0.9121
10/29/2015,12.4955,12.5155,12.5055,19.0757,19.1125,19.0941,13.6551,13.682,13.6685,0.9026,0.9043,0.9034
10/30/2015,12.536,12.556,12.546,19.2365,19.2722,19.2543,13.836,13.8618,13.8489,0.9056,0.9074,0.9065
11/2/2015,12.5586,12.5786,12.5686,19.4056,19.444,19.4248,13.8459,13.8704,13.8581,0.9125,0.9143,0.9134
11/3/2015,12.5231,12.5431,12.5331,19.2744,19.3089,19.2916,13.7492,13.7724,13.7608,0.9015,0.9033,0.9024
11/4/2015,12.5754,12.5954,12.5854,19.3901,19.4247,19.4074,13.7513,13.7769,13.7641,0.912,0.914,0.913
11/5/2015,12.6915,12.7115,12.7015,19.4041,19.4424,19.4232,13.7983,13.8251,13.8117,0.9149,0.9166,0.9157
11/6/2015,12.9581,12.9781,12.9681,19.7456,19.7826,19.7641,14.0946,14.1202,14.1074,0.9325,0.9344,0.9334
11/9/2015,13.4873,13.5073,13.4973,20.3457,20.3799,20.3628,14.5327,14.5569,14.5448,0.9462,0.9478,0.947
11/10/2015,14.0823,14.1023,14.0923,21.2882,21.3241,21.3061,15.0765,15.1022,15.0893,0.9938,0.9966,0.9952
11/11/2015,13.6906,13.7106,13.7006,20.7715,20.8045,20.788,14.6695,14.6937,14.6816,0.9628,0.9646,0.9637
11/12/2015,12.7067,12.7267,12.7167,19.2965,19.3294,19.3129,13.6242,13.6736,13.6489,0.8908,0.8923,0.8915
11/13/2015,12.0067,12.0267,12.0167,18.2731,18.3059,18.2895,12.9313,12.9564,12.9438,0.8366,0.8386,0.8376
11/16/2015,12.2041,12.2241,12.2141,18.5441,18.5757,18.5599,13.0913,13.114,13.1026,0.849,0.8509,0.8499
11/17/2015,12.7007,12.7207,12.7107,19.314,19.3521,19.333,13.5453,13.5705,13.5579,0.8896,0.8916,0.8906
11/18/2015,11.7393,11.7593,11.7493,17.8556,17.8907,17.8731,11.8121,11.8346,11.8233,0.8288,0.8305,0.8296
11/19/2015,11.2766,11.2966,11.2866,17.2093,17.2444,17.2268,12.0593,12.0852,12.0722,0.7949,0.7966,0.7957
11/20/2015,11.693,11.713,11.703,17.8694,17.907,17.8882,12.5058,12.5283,12.517,0.838,0.8396,0.8388
11/23/2015,11.7442,11.7642,11.7542,17.7715,17.8064,17.7889,12.476,12.4996,12.4878,0.8377,0.8394,0.8385
11/24/2015,11.6701,11.6901,11.6801,17.602,17.6369,17.6194,12.4205,12.4453,12.4329,0.8284,0.8304,0.8294
11/25/2015,11.5851,11.6051,11.5951,17.4553,17.4877,17.4715,12.2732,12.2956,12.2844,0.8235,0.8252,0.8243
11/26/2015,11.314,11.334,11.324,17.0694,17.1064,17.0879,12.0132,12.0378,12.0255,0.7948,0.7966,0.7957
11/27/2015,9.973,9.993,9.983,15.0085,15.0405,15.0245,10.5515,10.5757,10.5636,0.6963,0.6982,0.6972
11/30/2015,10.3085,10.3285,10.3185,15.4793,15.5124,15.4958,10.9064,10.9317,10.919,0.7139,0.7155,0.7147
12/1/2015,10.3509,10.3709,10.3609,15.603,15.6373,15.6201,10.972,10.9973,10.9846,0.7165,0.7181,0.7173
12/2/2015,10.4047,10.4247,10.4147,15.6373,15.6694,15.6533,11.0259,11.0502,11.038,0.7264,0.728,0.7272
12/3/2015,10.465,10.485,10.475,15.6452,15.6793,15.6622,11.096,11.1193,11.1076,0.7296,0.7313,0.7304
12/4/2015,10.5695,10.5895,10.5795,15.9917,16.0283,16.01,11.5092,11.532,11.5206,0.7325,0.7343,0.7334
12/7/2015,10.6455,10.6655,10.6555,16.046,16.0794,16.0627,11.5047,11.5273,11.516,0.7353,0.7372,0.7362
12/8/2015,10.7554,10.7754,10.7654,16.1074,16.1395,16.1234,11.6826,11.7054,11.694,0.7343,0.7361,0.7352
12/9/2015,10.8689,10.8889,10.8789,16.3959,16.4326,16.4142,11.8885,11.9136,11.901,0.7448,0.7465,0.7456
12/10/2015,10.9011,10.9211,10.9111,16.5109,16.5434,16.5271,11.9379,11.9609,11.9494,0.7178,0.7194,0.7186
12/11/2015,10.9234,10.9434,10.9334,16.5566,16.5935,16.575,11.9797,12.0038,11.9917,0.6891,0.6905,0.6898
12/14/2015,10.9273,10.9473,10.9373,16.5276,16.5622,16.5449,12.0058,12.0322,12.019,0.7116,0.7131,0.7123
12/15/2015,10.9304,10.9504,10.9404,16.554,16.5909,16.5724,12.0179,12.041,12.0294,0.7299,0.7315,0.7307
12/16/2015,10.939,10.959,10.949,16.4283,16.4627,16.4455,11.9564,11.9794,11.9679,0.7279,0.7295,0.7287
12/17/2015,10.9424,10.9624,10.9524,16.3381,16.3745,16.3563,11.867,11.892,11.8795,0.7323,0.7338,0.733
12/18/2015,10.9511,10.9711,10.9611,16.3423,16.3777,16.36,11.8622,11.8872,11.8747,0.7255,0.7271,0.7263
12/21/2015,10.9506,10.9706,10.9606,16.323,16.3583,16.3406,11.8979,11.9229,11.9104,0.7261,0.7277,0.7269
12/22/2015,10.9519,10.9719,10.9619,16.2899,16.323,16.3064,11.9781,12.0033,11.9907,0.7231,0.7246,0.7238
12/23/2015,10.9497,10.9697,10.9597,16.3009,16.3361,16.3185,11.967,11.9921,11.9795,0.7179,0.7194,0.7186
12/24/2015,10.9504,10.9704,10.9604,16.3226,16.3546,16.3386,11.9896,12.0126,12.0011,0.7221,0.7236,0.7228
12/25/2015,10.9504,10.9704,10.9604,16.3226,16.3546,16.3386,11.9896,12.0126,12.0011,0.7221,0.7236,0.7228
12/28/2015,10.954,10.974,10.964,16.3249,16.3569,16.3409,12.0254,12.0484,12.0369,0.7195,0.721,0.7202
12/29/2015,10.9614,10.9814,10.9714,16.2559,16.2866,16.2712,12.0215,12.0467,12.0341,0.7167,0.7183,0.7175
12/30/2015,10.9689,10.9889,10.9789,16.2307,16.2647,16.2477,11.989,12.012,12.0005,0.7109,0.7125,0.7117
12/31/2015,10.9706,10.9906,10.9806,16.2585,16.2936,16.276,11.9416,11.9644,11.953,0.7045,0.706,0.7052
1/1/2016,10.9706,10.9906,10.9806,16.2585,16.2936,16.276,11.9416,11.9644,11.953,0.7045,0.706,0.7052
1/4/2016,10.9795,10.9995,10.9895,16.2025,16.2386,16.2205,11.9556,11.9807,11.9681,0.7058,0.7073,0.7065
1/5/2016,10.988,11.008,10.998,16.1228,16.1565,16.1396,11.8177,11.8425,11.8301,0.703,0.7045,0.7037
1/6/2016,10.9919,11.0119,11.0019,16.1021,16.1347,16.1184,11.8163,11.8389,11.8276,0.6947,0.6964,0.6955
1/7/2016,11.0012,11.0212,11.0112,16.0387,16.0744,16.0565,11.9462,11.9701,11.9581,0.6829,0.6844,0.6836
1/8/2016,11.0103,11.0303,11.0203,16.075,16.1075,16.0912,11.9682,11.9921,11.9801,0.6882,0.6897,0.6889
1/11/2016,11.0303,11.0503,11.0403,16.0711,16.1058,16.0884,12.0296,12.0559,12.0427,0.6646,0.6661,0.6653
1/12/2016,11.0493,11.0693,11.0593,15.9332,15.9642,15.9487,11.9952,12.0202,12.0077,0.6628,0.6643,0.6635
1/13/2016,11.0681,11.0881,11.0781,15.937,15.9703,15.9536,11.9791,12.0018,11.9904,0.67,0.6714,0.6707
1/14/2016,11.0765,11.0965,11.0865,15.9602,15.9957,15.9779,12.0934,12.1186,12.106,0.6682,0.6697,0.6689
1/15/2016,11.0859,11.1059,11.0959,15.9216,15.9548,15.9382,12.0947,12.1188,12.1067,0.6675,0.6689,0.6682
1/18/2016,11.1105,11.1305,11.1205,15.8792,15.9122,15.8957,12.1072,12.1312,12.1192,0.6628,0.6642,0.6635
1/19/2016,11.1728,11.1928,11.1828,15.8744,15.9095,15.8919,12.1404,12.1655,12.1529,0.6705,0.672,0.6712
1/20/2016,11.2001,11.2201,11.2101,15.8605,15.8933,15.8769,12.2227,12.249,12.2358,0.667,0.6686,0.6678
1/21/2016,11.2111,11.2311,11.2211,15.7965,15.828,15.8122,12.2224,12.2475,12.2349,0.6729,0.6743,0.6736
1/22/2016,11.2191,11.2391,11.2291,16.0758,16.1101,16.0929,12.1368,12.1607,12.1487,0.6813,0.6827,0.682
1/25/2016,11.2312,11.2512,11.2412,15.9741,16.006,15.99,12.1533,12.1761,12.1647,0.6814,0.6829,0.6821
1/26/2016,11.2334,11.2534,11.2434,16.0177,16.053,16.0353,12.1613,12.1863,12.1738,0.6822,0.6836,0.6829
1/27/2016,11.2313,11.2513,11.2413,16.0989,16.1321,16.1155,12.2286,12.2515,12.24,0.6874,0.689,0.6882
1/28/2016,11.2392,11.2592,11.2492,16.0686,16.1006,16.0846,12.2608,12.286,12.2734,0.6883,0.6897,0.689
1/29/2016,11.2443,11.2643,11.2543,16.0513,16.0855,16.0684,12.2755,12.2995,12.2875,0.7009,0.7027,0.7018
2/1/2016,11.2501,11.2701,11.2601,16.0753,16.1083,16.0918,12.2322,12.2585,12.2453,0.7001,0.7016,0.7008
2/2/2016,11.2579,11.2779,11.2679,16.2137,16.2493,16.2315,12.2824,12.3088,12.2956,0.6987,0.7003,0.6995
2/3/2016,11.2611,11.2811,11.2711,16.3342,16.3678,16.351,12.3084,12.3336,12.321,0.6963,0.6979,0.6971
2/4/2016,11.2689,11.2889,11.2789,16.4368,16.4694,16.4531,12.6009,12.6266,12.6137,0.7113,0.7132,0.7122
2/5/2016,11.2746,11.2946,11.2846,16.3877,16.4224,16.405,12.6186,12.6432,12.6309,0.7108,0.7123,0.7115
2/8/2016,11.2788,11.2988,11.2888,16.2596,16.2906,16.2751,12.5454,12.5699,12.5576,0.6988,0.7003,0.6995
2/9/2016,11.2843,11.3043,11.2943,16.2539,16.2873,16.2706,12.6565,12.6834,12.6699,0.6982,0.6997,0.6989
2/10/2016,11.2945,11.3145,11.3045,16.4098,16.4422,16.426,12.7142,12.7401,12.7271,0.7115,0.7132,0.7123
2/11/2016,11.3182,11.3382,11.3282,16.3062,16.3384,16.3223,12.8156,12.8428,12.8292,0.7115,0.7131,0.7123
2/12/2016,11.3323,11.3523,11.3423,16.4534,16.4915,16.4724,12.7659,12.7918,12.7788,0.7156,0.7171,0.7163
2/15/2016,11.3403,11.3603,11.3503,16.4128,16.4451,16.4289,12.6807,12.7053,12.693,0.7183,0.7203,0.7193
2/16/2016,11.3412,11.3612,11.3512,16.3597,16.3919,16.3758,12.6591,12.6825,12.6708,0.7202,0.7217,0.7209
2/17/2016,11.3443,11.3643,11.3543,16.2236,16.2556,16.2396,12.641,12.6678,12.6544,0.6795,0.7246,0.702
2/18/2016,11.349,11.369,11.359,16.2971,16.3293,16.3132,12.5747,12.6014,12.588,0.7365,0.7384,0.7374
2/19/2016,11.3499,11.3699,11.3599,16.1975,16.2305,16.214,12.6154,12.6422,12.6288,0.7334,0.7355,0.7344
2/22/2016,11.3547,11.3747,11.3647,15.9874,16.0213,16.0043,12.5231,12.5486,12.5358,0.7416,0.7434,0.7425
2/23/2016,11.3622,11.3822,11.3722,16.031,16.0626,16.0468,12.5064,12.5318,12.5191,0.7515,0.7536,0.7525
2/24/2016,11.3651,11.3851,11.3751,15.777,15.8093,15.7931,12.455,12.4815,12.4682,0.7298,0.7316,0.7307
2/25/2016,11.367,11.387,11.377,15.8707,15.9009,15.8858,12.5333,12.5588,12.546,0.73,0.7317,0.7308
2/26/2016,11.3668,11.3868,11.3768,15.8795,15.9405,15.91,12.5274,12.5529,12.5401,0.7253,0.7274,0.7263
2/29/2016,11.3642,11.3842,11.3742,15.744,15.7786,15.7613,12.3768,12.402,12.3894,0.7074,0.7094,0.7084
3/1/2016,11.3664,11.3864,11.3764,15.8948,15.9261,15.9104,12.3621,12.3884,12.3752,0.7202,0.7218,0.721
3/2/2016,11.367,11.387,11.377,15.9377,15.9703,15.954,12.3389,12.364,12.3514,0.7246,0.7261,0.7253
3/3/2016,11.3699,11.3899,11.3799,16.0088,16.0404,16.0246,12.3932,12.4173,12.4052,0.7251,0.7267,0.7259
3/4/2016,11.3695,11.3895,11.3795,16.0936,16.1264,16.11,12.469,12.4955,12.4822,0.7281,0.73,0.729
3/7/2016,11.3693,11.3893,11.3793,16.0899,16.125,16.1074,12.4517,12.4759,12.4638,0.7409,0.7425,0.7417
3/8/2016,11.3693,11.3893,11.3793,16.0899,16.125,16.1074,12.4517,12.4759,12.4638,0.7409,0.7425,0.7417
3/9/2016,11.3689,11.3889,11.3789,16.1677,16.2018,16.1847,12.4648,12.4879,12.4763,0.7386,0.7403,0.7394
3/10/2016,11.3671,11.3871,11.3771,16.1095,16.1424,16.1259,12.3424,12.3676,12.355,0.7559,0.7577,0.7568
3/11/2016,11.3681,11.3881,11.3781,16.2563,16.2906,16.2734,12.6254,12.6521,12.6387,0.7494,0.7509,0.7501
3/14/2016,11.3685,11.3885,11.3785,16.3275,16.3619,16.3447,12.6452,12.6697,12.6574,0.7382,0.7397,0.7389
3/15/2016,11.3682,11.3882,11.3782,16.1156,16.1474,16.1315,12.6335,12.6592,12.6463,0.7173,0.719,0.7181
3/16/2016,11.3676,11.3876,11.3776,15.9852,16.0156,16.0004,12.584,12.6073,12.5956,0.7023,0.7037,0.703
3/17/2016,11.3621,11.3821,11.3721,16.3717,16.4051,16.3884,12.8392,12.8641,12.8516,0.7368,0.7386,0.7377
3/18/2016,11.3473,11.3673,11.3573,16.4468,16.4792,16.463,12.8009,12.828,12.8144,0.7442,0.7463,0.7452
3/21/2016,11.3387,11.3587,11.3487,16.3199,16.3521,16.336,12.7732,12.8002,12.7867,0.7397,0.7415,0.7406
3/22/2016,11.3243,11.3443,11.3343,16.1247,16.1578,16.1412,12.7071,12.7329,12.72,0.7389,0.7413,0.7401
3/23/2016,11.3163,11.3363,11.3263,16.0171,16.0477,16.0324,12.6426,12.6694,12.656,0.7394,0.7414,0.7404
3/24/2016,11.3091,11.3291,11.3191,15.9718,16.0057,15.9887,12.6198,12.6432,12.6315,0.7298,0.7315,0.7306
3/25/2016,11.3091,11.3291,11.3191,15.9718,16.0057,15.9887,12.6198,12.6432,12.6315,0.7298,0.7315,0.7306
3/28/2016,11.3091,11.3291,11.3191,15.9718,16.0057,15.9887,12.6198,12.6432,12.6315,0.7298,0.7315,0.7306
3/29/2016,11.2826,11.3026,11.2926,16.1388,16.1719,16.1553,12.6603,12.6839,12.6721,0.7306,0.7321,0.7313
3/30/2016,11.2307,11.2507,11.2407,16.1779,16.2112,16.1945,12.7143,12.7381,12.7262,0.7513,0.7539,0.7526
3/31/2016,11.1253,11.1453,11.1353,16.0004,16.0358,16.0181,12.6728,12.6989,12.6858,0.7544,0.757,0.7557
4/1/2016,10.9655,10.9855,10.9755,15.5941,15.6281,15.6111,12.4942,12.5202,12.5072,0.7372,0.739,0.7381
4/4/2016,10.9183,10.9383,10.9283,15.5783,15.609,15.5936,12.4251,12.45,12.4375,0.7443,0.7464,0.745
4/5/2016,10.7546,10.7746,10.7646,15.2565,15.2914,15.2739,12.2183,12.2432,12.2307,0.7172,0.7193,0.7182
4/6/2016,10.5418,10.5618,10.5518,14.7818,14.8109,14.7963,11.9576,11.9835,11.9705,0.6908,0.6924,0.6916
4/7/2016,10.2771,10.2971,10.2871,14.4743,14.5087,14.4915,11.6974,11.7243,11.7108,0.6768,0.6786,0.6777
4/8/2016,9.808,9.828,9.818,13.8304,13.8616,13.846,11.1518,11.1755,11.1636,0.6519,0.6539,0.6529
4/11/2016,9.7833,9.8033,9.7933,13.9315,13.9658,13.9486,11.1491,11.1758,11.1624,0.6629,0.6648,0.6638
4/12/2016,9.6815,9.7015,9.6915,13.8629,13.8945,13.8787,11.0466,11.0704,11.0585,0.6599,0.6619,0.6609
4/13/2016,9.3811,9.4011,9.3911,13.3587,13.39,13.3743,10.6082,10.6345,10.6213,0.6383,0.6405,0.6394
4/14/2016,9.1813,9.2013,9.1913,13.0128,13.0439,13.0283,10.3676,10.393,10.3803,0.6341,0.6359,0.635
4/15/2016,9.1747,9.1947,9.1847,13.0015,13.0326,13.017,10.3445,10.3689,10.3567,0.6283,0.6301,0.6292
4/18/2016,9.1981,9.2181,9.2081,13.0329,13.064,13.0484,10.4003,10.4257,10.413,0.6296,0.632,0.6308
4/19/2016,9.2311,9.2511,9.2411,13.2753,13.3077,13.2915,10.4727,10.4963,10.4845,0.6466,0.6483,0.6474
4/20/2016,9.2786,9.2986,9.2886,13.35,13.3807,13.3653,10.5516,10.5781,10.5648,0.6509,0.6527,0.6518
4/21/2016,9.3298,9.3498,9.3398,13.4573,13.489,13.4731,10.6024,10.6279,10.6151,0.6551,0.6567,0.6559
4/22/2016,9.3665,9.3865,9.3765,13.4589,13.4885,13.4737,10.5402,10.5656,10.5529,0.6508,0.6527,0.6517
4/25/2016,9.4158,9.4358,9.4258,13.6369,13.6678,13.6523,10.5984,10.6238,10.6111,0.6497,0.6515,0.6506
4/26/2016,9.4581,9.4781,9.4681,13.8193,13.8504,13.8348,10.6981,10.7245,10.7113,0.6538,0.6557,0.6547
4/27/2016,9.4986,9.5186,9.5086,13.8366,13.8696,13.8531,10.742,10.7684,10.7552,0.6572,0.6592,0.6582
4/28/2016,9.5642,9.5842,9.5742,13.9321,13.9651,13.9486,10.8161,10.8426,10.8293,0.6617,0.6638,0.6627
4/29/2016,9.5867,9.6067,9.5967,14.0331,14.0662,14.0496,10.9644,10.9901,10.9772,0.6777,0.6796,0.6786
5/2/2016,9.5867,9.6067,9.5967,14.0331,14.0662,14.0496,10.9644,10.9901,10.9772,0.6777,0.6796,0.6786
5/3/2016,9.6174,9.6374,9.6274,14.0626,14.0937,14.0781,11.1081,11.1399,11.124,0.6636,0.6658,0.6647
5/4/2016,9.6704,9.6904,9.6804,14.0202,14.0541,14.0371,11.1143,11.1392,11.1267,0.6518,0.6538,0.6528
5/5/2016,9.7095,9.7295,9.7195,14.0837,14.1146,14.0991,11.099,11.1257,11.1123,0.6507,0.6525,0.6516
5/6/2016,9.764,9.784,9.774,14.15,14.1829,14.1664,11.1749,11.2007,11.1878,0.6492,0.6516,0.6504
5/9/2016,9.8193,9.8393,9.8293,14.1615,14.1923,14.1769,11.1941,11.2188,11.2064,0.6209,0.6482,0.6345
5/10/2016,9.8804,9.9004,9.8904,14.2674,14.2992,14.2833,11.238,11.2647,11.2513,0.6493,0.6517,0.6505
5/11/2016,9.9166,9.9366,9.9266,14.3316,14.3644,14.348,11.3179,11.3447,11.3313,0.6561,0.658,0.657
5/12/2016,9.9458,9.9658,9.9558,14.3876,14.4206,14.4041,11.3303,11.3571,11.3437,0.6636,0.6656,0.6646
5/13/2016,9.9825,10.0025,9.9925,14.3488,14.3806,14.3647,11.2932,11.3198,11.3065,0.6589,0.6608,0.6598
5/16/2016,10.0273,10.0473,10.0373,14.4002,14.434,14.4171,11.3509,11.3776,11.3642,0.6437,0.6453,0.6445
5/17/2016,10.0708,10.0908,10.0808,14.5654,14.5984,14.5819,11.3881,11.4148,11.4014,0.6429,0.6447,0.6438
5/18/2016,10.112,10.132,10.122,14.7241,14.7573,14.7407,11.4094,11.434,11.4217,0.6367,0.6385,0.6376
5/19/2016,10.1626,10.1831,10.1728,14.8232,14.8562,14.8397,11.3628,11.3888,11.3758,0.6401,0.642,0.641
5/20/2016,10.1957,10.2279,10.2118,14.846,14.897,14.8715,11.4417,11.4799,11.4608,0.6469,0.6497,0.6483
5/23/2016,10.2403,10.2798,10.26,14.8096,14.8708,14.8402,11.46,11.5083,11.4841,0.6506,0.6537,0.6521
5/24/2016,10.2705,10.3126,10.2915,15.0032,15.0698,15.0365,11.466,11.5171,11.4915,0.6562,0.6592,0.6577
5/25/2016,10.2705,10.3126,10.2915,15.0032,15.0698,15.0365,11.466,11.5171,11.4915,0.6562,0.6592,0.6577
5/26/2016,10.2967,10.3406,10.3186,15.1362,15.2049,15.1705,11.5077,11.5577,11.5327,0.6616,0.6651,0.6633
5/27/2016,10.324,10.3698,10.3469,15.1062,15.1773,15.1417,11.5155,11.5706,11.543,0.6596,0.663,0.6613
5/30/2016,10.3748,10.4214,10.3981,15.169,15.2404,15.2047,11.5565,11.6116,11.584,0.6566,0.6598,0.6582
5/31/2016,10.4045,10.4517,10.4281,15.2385,15.3118,15.2751,11.6063,11.661,11.6336,0.6599,0.6632,0.6615
6/1/2016,10.4525,10.4988,10.4756,15.083,15.155,15.119,11.6786,11.7335,11.706,0.6652,0.6686,0.6669
6/2/2016,10.4869,10.5332,10.51,15.1599,15.23,15.1949,11.7443,11.7993,11.7718,0.6707,0.6741,0.6724
6/3/2016,10.5132,10.5589,10.536,15.2526,15.3221,15.2873,11.8589,11.9148,11.8868,0.6827,0.6866,0.6846
6/6/2016,10.5326,10.5797,10.5561,15.1671,15.239,15.203,11.9493,12.0069,11.9781,0.7045,0.7083,0.7064
6/7/2016,10.5519,10.5989,10.5754,15.3626,15.4332,15.3979,11.9912,12.0468,12.019,0.7103,0.7137,0.712
6/8/2016,10.6105,10.6565,10.6335,15.4596,15.5329,15.4962,12.0865,12.1431,12.1148,0.721,0.7245,0.7227
6/9/2016,10.6722,10.719,10.6956,15.4587,15.5319,15.4953,12.0938,12.1511,12.1224,0.7181,0.7221,0.7201
6/10/2016,10.7206,10.7675,10.744,15.4367,15.5074,15.472,12.1186,12.1759,12.1472,0.7119,0.7158,0.7138
6/13/2016,10.7643,10.8105,10.7874,15.266,15.3379,15.3019,12.1196,12.1737,12.1466,0.7083,0.7116,0.7099
6/14/2016,10.8075,10.8539,10.8307,15.2818,15.353,15.3174,12.1303,12.1858,12.158,0.706,0.7092,0.7076
6/15/2016,10.8251,10.8718,10.8484,15.3317,15.4022,15.3669,12.1567,12.2102,12.1834,0.7096,0.7137,0.7116
6/16/2016,10.8646,10.9116,10.8881,15.3495,15.4204,15.3849,12.1401,12.196,12.168,0.702,0.7061,0.704
6/17/2016,10.8974,10.9422,10.9198,15.5441,15.6124,15.5782,12.2563,12.31,12.2831,0.7152,0.7187,0.7169
6/20/2016,10.9448,10.9925,10.9686,16.032,16.1096,16.0708,12.4202,12.4788,12.4495,0.7368,0.7404,0.7386
6/21/2016,10.9634,11.0097,10.9865,16.1053,16.1777,16.1415,12.3777,12.4333,12.4055,0.743,0.7468,0.7449
6/22/2016,10.9465,10.9919,10.9692,16.1046,16.1768,16.1407,12.3882,12.444,12.4161,0.7459,0.7496,0.7477
6/23/2016,10.8785,10.9248,10.9016,16.1894,16.2616,16.2255,12.3895,12.4445,12.417,0.754,0.7578,0.7559
6/24/2016,10.8281,10.8742,10.8511,14.8735,14.9478,14.9106,11.9998,12.053,12.0264,0.7188,0.7223,0.7205
6/27/2016,10.7676,10.8137,10.7906,14.1992,14.2698,14.2345,11.8207,11.8767,11.8487,0.7015,0.7049,0.7032
6/28/2016,10.6686,10.7145,10.6915,14.2991,14.3618,14.3304,11.8112,11.8663,11.8387,0.7039,0.7071,0.7055
6/29/2016,10.3595,10.408,10.3837,13.975,14.0436,14.0093,11.5136,11.5686,11.5411,0.6931,0.6965,0.6948
6/30/2016,9.9044,9.9522,9.9283,13.2759,13.3439,13.3099,10.9929,11.049,11.0209,0.6718,0.6764,0.6741
7/1/2016,9.5557,9.6012,9.5784,12.7388,12.8043,12.7715,10.6652,10.7189,10.692,0.6563,0.6599,0.6581
7/4/2016,9.5557,9.6012,9.5784,12.7388,12.8043,12.7715,10.6652,10.7189,10.692,0.6563,0.6599,0.6581
7/5/2016,9.5557,9.6012,9.5784,12.7388,12.8043,12.7715,10.6652,10.7189,10.692,0.6563,0.6599,0.6581
7/6/2016,9.5628,9.6128,9.5878,12.381,12.4506,12.4158,10.588,10.6472,10.6176,0.6434,0.6472,0.6453
7/7/2016,9.7037,9.7537,9.7287,12.6255,12.6925,12.659,10.7566,10.8139,10.7852,0.6617,0.6656,0.6636
7/8/2016,9.9527,10.0006,9.9766,12.9086,12.9748,12.9417,11.0077,11.0627,11.0352,0.681,0.6848,0.6829
7/11/2016,10.1697,10.2169,10.1933,13.2115,13.2769,13.2442,11.2508,11.3061,11.2784,0.7043,0.708,0.7061
7/12/2016,10.4421,10.4893,10.4657,13.7429,13.8092,13.776,11.2508,11.3061,11.2784,0.7297,0.7335,0.7316
7/13/2016,10.3901,10.4379,10.414,13.7691,13.8334,13.8012,11.2508,11.3061,11.2784,0.7262,0.7297,0.7279
7/14/2016,10.0976,10.144,10.1208,13.4663,13.5321,13.4992,11.2508,11.3061,11.2784,0.7083,0.712,0.7101
7/15/2016,10.0727,10.1206,10.0966,13.4319,13.4979,13.4649,11.2508,11.3061,11.2784,0.7034,0.7072,0.7053
7/18/2016,9.9347,9.983,9.9588,13.1575,13.2285,13.193,11.2508,11.3061,11.2784,0.6944,0.698,0.6962
7/19/2016,9.7575,9.8038,9.7806,12.8077,12.8724,12.84,11.2508,11.3061,11.2784,0.6849,0.6884,0.6866
7/20/2016,9.6324,9.6785,9.6554,12.6984,12.7602,12.7293,11.2508,11.3061,11.2784,0.674,0.6775,0.6757
7/21/2016,9.4291,9.4778,9.4534,12.4248,12.4928,12.4588,11.2508,11.3061,11.2784,0.6609,0.665,0.6629
7/22/2016,9.2911,9.3405,9.3158,12.1732,12.2399,12.2065,11.2508,11.3061,11.2784,0.6502,0.6539,0.652
7/25/2016,9.5064,9.5533,9.5298,12.4601,12.5235,12.4918,11.2508,11.3061,11.2784,0.6604,0.6671,0.6637
7/26/2016,9.7569,9.8047,9.7808,12.8079,12.8736,12.8407,11.2508,11.3061,11.2784,0.6766,0.6809,0.6787
7/27/2016,10.0134,10.0606,10.037,13.1316,13.1966,13.1641,11.2508,11.3061,11.2784,0.6998,0.704,0.7019
7/28/2016,10.2076,10.2523,10.2299,13.4199,13.4828,13.4513,11.2508,11.3061,11.2784,0.7173,0.721,0.7191
7/29/2016,10.226,10.2734,10.2497,13.5239,13.5897,13.5568,11.2508,11.3061,11.2784,0.7294,0.7333,0.7313
8/1/2016,10.226,10.2734,10.2497,13.5239,13.5897,13.5568,11.2508,11.3061,11.2784,0.7294,0.7333,0.7313
8/2/2016,10.248,10.2969,10.2724,13.6033,13.6702,13.6367,11.2508,11.3061,11.2784,0.7337,0.738,0.7358
8/3/2016,10.1011,10.1494,10.1252,13.4537,13.5201,13.4869,11.2508,11.3061,11.2784,0.7199,0.7238,0.7218
8/4/2016,10.0457,10.0942,10.0699,13.402,13.4708,13.4364,11.2508,11.3061,11.2784,0.7146,0.7192,0.7169
8/5/2016,9.9671,10.014,9.9905,13.03,13.0953,13.0626,11.2508,11.3061,11.2784,0.7275,0.732,0.7297
8/8/2016,9.9322,9.9805,9.9563,12.9635,13.0306,12.997,11.0089,11.0644,11.0366,0.7276,0.7322,0.7299
8/9/2016,10.1754,10.2217,10.1985,13.1986,13.2647,13.2316,11.2683,11.3225,11.2954,0.7498,0.7538,0.7518
8/10/2016,10.3963,10.4448,10.4205,13.5942,13.6608,13.6275,11.6293,11.6877,11.6585,0.7844,0.7887,0.7865
8/11/2016,10.3963,10.4448,10.4205,13.5942,13.6608,13.6275,11.6293,11.6877,11.6585,0.7844,0.7887,0.7865
8/12/2016,10.4748,10.5226,10.4987,13.6288,13.6973,13.663,11.7423,11.7979,11.7701,0.7838,0.7883,0.786
8/15/2016,10.4158,10.4636,10.4397,13.4114,13.4771,13.4442,11.6418,11.6994,11.6706,0.7796,0.7844,0.782
8/16/2016,10.061,10.1075,10.0842,13.0391,13.1034,13.0712,11.3287,11.3851,11.3569,0.7559,0.76,0.7579
8/17/2016,9.9641,10.0119,9.988,12.9704,13.0356,13.003,11.2316,11.2875,11.2595,0.7399,0.7437,0.7418
8/18/2016,9.8806,9.9286,9.9046,12.9851,13.0531,13.0191,11.175,11.2332,11.2041,0.7393,0.7438,0.7415
8/19/2016,9.8758,9.9203,9.898,12.9215,12.9856,12.9535,11.1814,11.2337,11.2075,0.7317,0.7356,0.7336
8/22/2016,9.857,9.8998,9.8784,12.9176,12.9747,12.9461,11.1404,11.1908,11.1656,0.725,0.7287,0.7268
8/23/2016,9.8654,9.9065,9.8859,13.0066,13.0648,13.0357,11.1835,11.2331,11.2083,0.733,0.7368,0.7349
8/24/2016,9.9191,9.9637,9.9414,13.135,13.198,13.1665,11.162,11.2152,11.1886,0.7042,0.7076,0.7059
8/25/2016,9.9639,10.0086,9.9862,13.1325,13.1964,13.1644,11.2463,11.2977,11.272,0.7046,0.7085,0.7065
8/26/2016,9.8646,9.909,9.8868,13.0292,13.0909,13.06,11.1391,11.1923,11.1657,0.7014,0.705,0.7032
8/29/2016,9.6982,9.7438,9.721,12.6766,12.739,12.7078,10.8291,10.8838,10.8564,0.6677,0.6713,0.6695
8/30/2016,9.5598,9.6042,9.582,12.5291,12.5912,12.5601,10.6745,10.726,10.7002,0.662,0.6674,0.6647
8/31/2016,9.5086,9.5552,9.5319,12.462,12.5241,12.493,10.5878,10.6436,10.6157,0.6497,0.6531,0.6514
9/1/2016,9.6135,9.6596,9.6365,12.7398,12.8019,12.7708,10.7056,10.7608,10.7332,0.6532,0.6566,0.6549
9/2/2016,9.7127,9.7601,9.7364,12.8957,12.9625,12.9291,10.8676,10.9226,10.8951,0.6685,0.6722,0.6703
9/5/2016,9.7896,9.8357,9.8126,13.0398,13.1042,13.072,10.9135,10.9688,10.9411,0.6808,0.6845,0.682
9/6/2016,9.9336,9.9803,9.9569,13.2644,13.3307,13.2975,11.0899,11.144,11.1169,0.6978,0.7018,0.6998
9/7/2016,10.1152,10.1628,10.139,13.524,13.5897,13.5568,11.3776,11.4352,11.4064,0.722,0.7264,0.7242
9/8/2016,10.2021,10.2493,10.2257,13.5943,13.6624,13.6283,11.5325,11.5889,11.5607,0.7308,0.7347,0.7327
9/9/2016,10.2089,10.2539,10.2314,13.5778,13.6407,13.6092,11.4666,11.5213,11.4939,0.71,0.7138,0.7119
9/12/2016,10.0814,10.1286,10.105,13.3921,13.4599,13.426,11.3164,11.3724,11.3444,0.6947,0.6986,0.6966
9/13/2016,10.0814,10.1286,10.105,13.3921,13.4599,13.426,11.3164,11.3724,11.3444,0.6947,0.6986,0.6966
9/14/2016,10.0038,10.0495,10.0266,13.189,13.2543,13.2216,11.2243,11.2796,11.2519,0.6984,0.7019,0.7001
9/15/2016,9.9349,9.9798,9.9573,13.1141,13.1765,13.1453,11.1708,11.2234,11.1971,0.6996,0.7033,0.7014
9/16/2016,10.0996,10.1448,10.1222,13.2729,13.3384,13.3056,11.3096,11.3612,11.3354,0.7111,0.7151,0.7131
9/19/2016,10.1227,10.1694,10.146,13.2325,13.2945,13.2635,11.3031,11.3593,11.3312,0.7208,0.7249,0.7228
9/20/2016,9.9487,9.9916,9.9701,12.8905,12.9502,12.9203,11.1187,11.1707,11.1447,0.7174,0.7208,0.7191
9/21/2016,9.9347,9.9786,9.9566,12.9002,12.9622,12.9312,11.0732,11.1252,11.0992,0.721,0.725,0.723
9/22/2016,10.0024,10.0472,10.0248,13.0761,13.1357,13.1059,11.2487,11.3001,11.2744,0.7419,0.7458,0.7438
9/23/2016,10.0097,10.0558,10.0327,12.9786,13.0394,13.009,11.2379,11.2927,11.2653,0.7369,0.7406,0.7387
9/26/2016,9.9812,10.0285,10.0048,12.9187,12.9859,12.9523,11.2418,11.2971,11.2694,0.7312,0.7351,0.7331
9/27/2016,9.8813,9.9282,9.9047,12.8083,12.8749,12.8416,11.0681,11.1216,11.0948,0.7267,0.731,0.7288
9/28/2016,9.7841,9.8291,9.8066,12.7369,12.7965,12.7667,10.9856,11.04,11.0128,0.7167,0.7205,0.7186
9/29/2016,9.8037,9.85,9.8268,12.7527,12.8139,12.7833,10.9811,11.034,11.0075,0.7104,0.7138,0.7121
9/30/2016,9.9159,9.9624,9.9391,12.8629,12.9262,12.8945,11.0751,11.13,11.1025,0.7157,0.7199,0.7178
10/3/2016,10.0029,10.0497,10.0263,12.8617,12.926,12.8938,11.2362,11.2909,11.2635,0.7353,0.7396,0.7374
10/4/2016,9.9326,9.9773,9.9549,12.6731,12.734,12.7035,11.0918,11.1427,11.1172,0.7281,0.732,0.73
10/5/2016,9.8234,9.8699,9.8466,12.5013,12.5644,12.5328,11.0091,11.0622,11.0356,0.7147,0.7183,0.7165
10/6/2016,9.8313,9.8781,9.8547,12.4248,12.4899,12.4573,10.9914,11.0457,11.0185,0.7098,0.7137,0.7117
10/7/2016,9.9369,9.983,9.9599,12.295,12.356,12.3255,11.1075,11.1631,11.1353,0.7211,0.725,0.723
10/10/2016,9.9091,9.9569,9.933,12.3052,12.3675,12.3363,11.0586,11.1139,11.0862,0.7147,0.7189,0.7168
10/11/2016,9.8974,9.9455,9.9214,12.1441,12.2052,12.1746,10.9653,11.0207,10.993,0.6916,0.6955,0.6935
10/12/2016,9.9272,9.9731,9.9501,12.1072,12.1652,12.1362,10.9418,10.9934,10.9676,0.6898,0.6933,0.6915
10/13/2016,9.9166,9.9644,9.9405,12.0964,12.1556,12.126,10.9321,10.9858,10.9589,0.6915,0.6952,0.6933
10/14/2016,9.9,9.9446,9.9223,12.1186,12.1762,12.1474,10.9029,10.954,10.9284,0.6977,0.7013,0.6995
10/17/2016,9.8981,9.9442,9.9211,12.0203,12.0793,12.0498,10.881,10.9337,10.9073,0.6922,0.6964,0.6943
10/18/2016,9.8981,9.9442,9.9211,12.0203,12.0793,12.0498,10.881,10.9337,10.9073,0.6922,0.6964,0.6943
10/19/2016,9.8872,9.9311,9.9091,12.1474,12.2024,12.1749,10.8483,10.9004,10.8743,0.7086,0.712,0.7103
10/20/2016,9.8026,9.8489,9.8257,11.9837,12.0442,12.0139,10.8074,10.8623,10.8348,0.7012,0.7052,0.7032
10/21/2016,9.8022,9.8475,9.8248,11.9685,12.0278,11.9981,10.6727,10.723,10.6978,0.698,0.7019,0.6999
10/24/2016,9.8022,9.8475,9.8248,11.9685,12.0278,11.9981,10.6727,10.723,10.6978,0.698,0.7019,0.6999
10/25/2016,9.861,9.9071,9.884,12.0373,12.0966,12.0669,10.7189,10.77,10.7444,0.7137,0.7173,0.7155
10/26/2016,9.8013,9.8488,9.825,11.9675,12.0303,11.9989,10.7061,10.7588,10.7324,0.7077,0.7121,0.7099
10/27/2016,9.7492,9.7953,9.7722,11.9116,11.969,11.9403,10.6462,10.6995,10.6728,0.7049,0.709,0.7069
10/28/2016,9.7866,9.832,9.8093,11.8849,11.943,11.9139,10.688,10.7395,10.7137,0.7043,0.7081,0.7062
10/31/2016,9.6767,9.725,9.7008,11.7621,11.8257,11.7939,10.5912,10.648,10.6196,0.7123,0.7164,0.7143
11/1/2016,9.6744,9.7211,9.6977,11.8309,11.8889,11.8599,10.6603,10.7127,10.6865,0.716,0.7201,0.718
11/2/2016,9.7866,9.8329,9.8097,12.0464,12.1044,12.0754,10.8554,10.9097,10.8825,0.7313,0.7354,0.7333
11/3/2016,9.7868,9.834,9.8104,12.1523,12.2159,12.1841,10.8429,10.8971,10.87,0.7242,0.7287,0.7264
11/4/2016,9.7948,9.8403,9.8175,12.2043,12.2641,12.2342,10.8713,10.9248,10.898,0.7263,0.7303,0.7283
11/7/2016,9.7348,9.7826,9.7587,12.0916,12.1558,12.1237,10.7696,10.8235,10.7965,0.7226,0.7264,0.7245
11/8/2016,9.6164,9.6653,9.6408,11.9119,11.9764,11.9441,10.6166,10.6744,10.6455,0.7207,0.7252,0.7229
11/9/2016,9.7443,9.7921,9.7682,12.0703,12.1334,12.1018,10.7578,10.8144,10.7861,0.7303,0.7347,0.7325
11/10/2016,9.8216,9.8685,9.845,12.1985,12.2616,12.23,10.6997,10.7557,10.7277,0.7071,0.711,0.709
11/11/2016,9.8075,9.8528,9.8301,12.3712,12.4294,12.4003,10.6647,10.715,10.6898,0.6852,0.6891,0.6871
11/14/2016,9.7963,9.8436,9.8199,12.2759,12.34,12.3079,10.5458,10.5996,10.5727,0.6812,0.6847,0.6829
11/15/2016,9.7934,9.8412,9.8173,12.1683,12.2316,12.1999,10.5407,10.5941,10.5674,0.6903,0.6942,0.6922
11/16/2016,9.8329,9.8802,9.8565,12.2263,12.288,12.2571,10.5291,10.5817,10.5554,0.6852,0.6891,0.6871
11/17/2016,9.8888,9.9326,9.9107,12.3392,12.398,12.3686,10.6156,10.6667,10.6411,0.6925,0.6965,0.6945
11/18/2016,9.8625,9.9104,9.8864,12.2512,12.3157,12.2834,10.4779,10.5328,10.5053,0.6774,0.6812,0.6793
11/21/2016,9.7503,9.7981,9.7742,12.0905,12.1507,12.1206,10.3637,10.4164,10.39,0.6856,0.6892,0.6874
11/22/2016,9.7949,9.8404,9.8176,12.1888,12.2504,12.2196,10.4022,10.4525,10.4273,0.6974,0.701,0.6992
11/23/2016,9.8032,9.8499,9.8265,12.1492,12.208,12.1786,10.4218,10.4734,10.4476,0.6933,0.6972,0.6952
11/24/2016,9.8122,9.8583,9.8352,12.2074,12.2697,12.2385,10.3509,10.4005,10.3757,0.6886,0.6923,0.6904
11/25/2016,9.8287,9.8731,9.8509,12.2279,12.2881,12.258,10.3683,10.4162,10.3922,0.6897,0.6933,0.6915
11/28/2016,9.8587,9.9042,9.8814,12.2189,12.2793,12.2491,10.4394,10.4886,10.464,0.7078,0.7113,0.7095
11/29/2016,9.8662,9.9104,9.8883,12.3013,12.3602,12.3307,10.4346,10.4862,10.4604,0.7068,0.7104,0.7086
11/30/2016,9.8815,9.9266,9.904,12.3243,12.3845,12.3544,10.5041,10.554,10.529,0.7054,0.7089,0.7071
12/1/2016,9.8497,9.8928,9.8712,12.449,12.5075,12.4782,10.4564,10.5052,10.4808,0.6994,0.7033,0.7013
12/2/2016,9.7967,9.8408,9.8187,12.3635,12.4231,12.3933,10.4287,10.4786,10.4536,0.6936,0.697,0.6953
12/5/2016,9.7736,9.8189,9.7962,12.4262,12.4877,12.4569,10.4461,10.4964,10.4712,0.7056,0.7094,0.7075
12/6/2016,9.809,9.8555,9.8322,12.4967,12.5608,12.5287,10.5408,10.5917,10.5662,0.7195,0.7237,0.7216
12/7/2016,9.8356,9.8796,9.8576,12.4008,12.4602,12.4305,10.5557,10.6038,10.5797,0.7257,0.7297,0.7277
12/8/2016,9.84,9.8837,9.8618,12.0658,12.1234,12.0946,10.6124,10.6626,10.6375,0.7209,0.7246,0.7227
12/9/2016,9.8232,9.8673,9.8452,12.3733,12.4339,12.4036,10.3871,10.4357,10.4114,0.717,0.7207,0.7188
12/12/2016,9.8232,9.8673,9.8452,12.3733,12.4339,12.4036,10.3871,10.4357,10.4114,0.717,0.7207,0.7188
12/13/2016,9.8371,9.8834,9.8602,12.3929,12.4541,12.4235,10.4353,10.4873,10.4613,0.7154,0.7193,0.7173
12/14/2016,9.845,9.8914,9.8682,12.51,12.5701,12.54,10.4426,10.4949,10.4687,0.719,0.7229,0.7209
12/15/2016,9.8489,9.8954,9.8721,12.4815,12.5444,12.5129,10.4783,10.5327,10.5055,0.7205,0.7244,0.7224
12/16/2016,9.8606,9.9072,9.8839,12.2794,12.3385,12.3089,10.2668,10.3174,10.2921,0.7013,0.7056,0.7034
12/19/2016,9.8364,9.8841,9.8602,12.2415,12.3047,12.2731,10.2673,10.322,10.2946,0.7035,0.7071,0.7053
12/20/2016,9.8096,9.8566,9.8331,12.1512,12.2134,12.1823,10.2246,10.2746,10.2496,0.6968,0.7004,0.6986
12/21/2016,9.8125,9.8576,9.835,12.1087,12.1653,12.137,10.1609,10.2115,10.1862,0.6959,0.7001,0.698
12/22/2016,9.7999,9.8488,9.8243,12.1265,12.1899,12.1582,10.2116,10.2635,10.2375,0.7025,0.7061,0.7043
12/23/2016,9.7933,9.8363,9.8148,12.0899,12.1468,12.1183,10.2301,10.2779,10.254,0.6962,0.6998,0.698
12/26/2016,9.7933,9.8363,9.8148,12.0899,12.1468,12.1183,10.2301,10.2779,10.254,0.6962,0.6998,0.698
12/27/2016,9.799,9.8478,9.8234,11.995,12.0587,12.0268,10.2302,10.2851,10.2576,0.7017,0.706,0.7038
12/28/2016,9.812,9.8591,9.8355,11.9815,12.0419,12.0117,10.1996,10.2515,10.2255,0.7068,0.7108,0.7088
12/29/2016,9.8103,9.8585,9.8344,12.0088,12.0708,12.0398,10.2498,10.3041,10.2769,0.7169,0.7207,0.7188
12/30/2016,9.8737,9.9208,9.8972,12.1664,12.2284,12.1974,10.4069,10.4595,10.4332,0.7204,0.7241,0.7222
1/2/2017,9.8737,9.9208,9.8972,12.1664,12.2284,12.1974,10.4069,10.4595,10.4332,0.7204,0.7241,0.7222
1/3/2017,9.8927,9.9384,9.9155,12.1463,12.2064,12.1763,10.2697,10.3211,10.2954,0.7179,0.7223,0.7201
1/4/2017,9.8971,9.9431,9.9201,12.1595,12.2191,12.1893,10.3286,10.3796,10.3541,0.7255,0.7298,0.7276
1/5/2017,9.914,9.9583,9.9361,12.1734,12.2318,12.2026,10.4216,10.4702,10.4459,0.7297,0.7337,0.7317
1/6/2017,9.9762,10.0238,10,12.3216,12.3835,12.3525,10.5499,10.6033,10.5766,0.7303,0.7344,0.7323
1/9/2017,10.0816,10.1289,10.1052,12.226,12.2854,12.2557,10.6019,10.6536,10.6277,0.7357,0.7396,0.7376
1/10/2017,10.1093,10.1561,10.1327,12.2818,12.3408,12.3113,10.6805,10.731,10.7057,0.7369,0.7411,0.739
1/11/2017,10.0424,10.0877,10.065,12.1745,12.2324,12.2034,10.5566,10.6052,10.5809,0.7293,0.7332,0.7312
1/12/2017,9.9868,10.0309,10.0088,12.2838,12.3421,12.3129,10.664,10.7151,10.6895,0.7413,0.7448,0.743
1/13/2017,9.9443,9.9892,9.9667,12.0983,12.1549,12.1266,10.5907,10.6425,10.6166,0.7362,0.7405,0.7383
1/16/2017,9.9067,9.9532,9.9299,11.9555,12.0155,11.9855,10.4942,10.5445,10.5193,0.7274,0.7321,0.7297
1/17/2017,9.8981,9.9452,9.9216,12.2173,12.2773,12.2473,10.5811,10.6364,10.6087,0.7344,0.7389,0.7366
1/18/2017,9.8858,9.9325,9.9091,12.1913,12.2528,12.222,10.5384,10.5891,10.5637,0.7265,0.7307,0.7286
1/19/2017,9.8632,9.9073,9.8852,12.1199,12.1771,12.1485,10.5182,10.5662,10.5422,0.7272,0.7314,0.7293
1/20/2017,9.8431,9.8896,9.8663,12.0913,12.1524,12.1218,10.478,10.5285,10.5032,0.7246,0.7283,0.7264
1/23/2017,9.8238,9.8695,9.8466,12.2336,12.2944,12.264,10.5302,10.5801,10.5551,0.725,0.7289,0.7269
1/24/2017,9.8268,9.8721,9.8494,12.2295,12.2889,12.2592,10.555,10.6076,10.5813,0.7347,0.7388,0.7367
1/25/2017,9.7786,9.8256,9.8021,12.3074,12.3686,12.338,10.5032,10.5577,10.5304,0.7367,0.7411,0.7389
1/26/2017,9.7969,9.8436,9.8202,12.3305,12.3921,12.3613,10.5082,10.5612,10.5347,0.7339,0.738,0.7359
1/27/2017,9.7983,9.8452,9.8217,12.2783,12.341,12.3096,10.4764,10.5294,10.5029,0.7338,0.7381,0.7359
1/30/2017,9.8598,9.9073,9.8835,12.3316,12.395,12.3633,10.4928,10.5443,10.5185,0.7251,0.7294,0.7272
1/31/2017,9.9243,9.9717,9.948,12.3964,12.4567,12.4265,10.6765,10.7286,10.7025,0.7394,0.7432,0.7413
2/1/2017,9.9243,9.9717,9.948,12.3964,12.4567,12.4265,10.6765,10.7286,10.7025,0.7394,0.7432,0.7413
2/2/2017,9.877083333,9.925,9.901041667,12.47673167,12.54123,12.50898083,10.66527458,10.7180075,10.69164104,0.735449243,0.740119314,0.737784278
2/3/2017,9.852892157,9.899362745,9.876127451,12.40774709,12.47022725,12.43898717,10.64703526,10.69824132,10.67263829,0.734742144,0.738758414,0.736750279
2/6/2017,9.877058824,9.923333333,9.900196078,12.34237271,12.40118967,12.37178119,10.60203494,10.65567533,10.62885514,0.734353816,0.738343254,0.736348535
2/7/2017,9.859117647,9.902058824,9.880588235,12.18685532,12.24389574,12.21537553,10.52460809,10.571438,10.54802304,0.732910916,0.736732921,0.734821919
2/8/2017,9.810980392,9.854313725,9.832647059,12.24900902,12.30902327,12.27901615,10.45458071,10.50174214,10.47816142,0.730527207,0.734848153,0.73268768
2/9/2017,9.80127451,9.845784314,9.823529412,12.03988561,12.09849976,12.06919269,10.43345672,10.48182198,10.45763935,0.721504252,0.725047632,0.723275942
2/10/2017,9.806764706,9.853823529,9.830294118,12.23590032,12.29757176,12.26673604,10.436359,10.48939515,10.46287707,0.734715697,0.738933314,0.736824505
2/13/2017,9.841764706,9.888823529,9.865294118,12.31795271,12.37882929,12.348391,10.46278006,10.51478606,10.48878306,0.737288158,0.741263336,0.739275747
2/14/2017,9.825784314,9.873627451,9.849705882,12.25570077,12.32031233,12.28800655,10.43105263,10.48579235,10.45842249,0.748996411,0.753504949,0.75125068
2/15/2017,9.754803922,9.804019608,9.779411765,12.08717754,12.1491411,12.11815932,10.27278401,10.32755425,10.30016913,0.743325098,0.747605183,0.74546514
2/16/2017,9.712058824,9.757156863,9.734607843,12.13715991,12.19547036,12.16631514,10.33265938,10.38356633,10.35811286,0.748232575,0.752286574,0.750259574
2/17/2017,9.721960784,9.768,9.744980392,12.08050847,12.141624,12.11106624,10.35583263,10.407804,10.38181831,0.742985157,0.746788991,0.744887074
2/20/2017,9.75745098,9.805490196,9.781470588,12.16656563,12.23038792,12.19847677,10.35753422,10.41146949,10.38450185,0.743730829,0.747734428,0.745732628
2/21/2017,9.735098039,9.784705882,9.759901961,12.08904475,12.15260471,12.12082473,10.25397876,10.31014459,10.28206168,0.739277212,0.743134693,0.741205953
2/22/2017,9.68754902,9.734607843,9.711078431,12.05421725,12.11569292,12.08495508,10.18064526,10.2320463,10.20634578,0.73894348,0.743099835,0.741021658
2/23/2017,9.570784314,9.619803922,9.595294118,11.95486669,12.019945,11.98740584,10.11631902,10.17005671,10.14318786,0.743240661,0.747558257,0.745399459
2/24/2017,9.511764706,9.558823529,9.535294118,11.93821588,11.99919118,11.96870353,10.08722647,10.13808824,10.11265735,0.736347181,0.74027675,0.738311965
2/27/2017,9.490833333,9.539656863,9.515245098,11.77337875,11.83966813,11.80652344,10.04225075,10.09772679,10.06998877,0.731189009,0.736084634,0.733636822
2/28/2017,9.453578431,9.503578431,9.478578431,11.73661762,11.79964298,11.7681303,10.00850349,10.0633392,10.03592134,0.725551896,0.729669349,0.727610622
3/1/2017,9.532598039,9.58004902,9.556323529,11.73272167,11.79304034,11.762881,10.03305944,10.0849176,10.05898852,0.729349506,0.733541273,0.731445389
3/2/2017,9.629215686,9.676078431,9.652647059,11.83623192,11.89577082,11.86600137,10.12415737,10.17536408,10.14976073,0.734774184,0.739196213,0.736985199
3/3/2017,9.697156863,9.745588235,9.721372549,11.8567137,11.91690529,11.8868095,10.23340964,10.28744294,10.26042629,0.739394347,0.743654196,0.741524271
3/6/2017,9.75745098,9.805490196,9.781470588,11.96946512,12.03133647,12.00040079,10.32923761,10.38205302,10.35564531,0.750659767,0.754802645,0.752731206
3/7/2017,9.75745098,9.805490196,9.781470588,11.96946512,12.03133647,12.00040079,10.32923761,10.38205302,10.35564531,0.750659767,0.754802645,0.752731206
3/8/2017,9.687352941,9.735196078,9.71127451,11.81275818,11.87304514,11.84290166,10.23759459,10.29010225,10.26384842,0.746329194,0.751172537,0.748750866
3/9/2017,9.607843137,9.656862745,9.632352941,11.69466667,11.75626471,11.72546569,10.13435294,10.18895588,10.16165441,0.723754662,0.727995684,0.725875173
3/10/2017,9.607843137,9.656862745,9.632352941,11.69466667,11.75626471,11.72546569,10.13435294,10.18895588,10.16165441,0.723754662,0.727995684,0.725875173
3/13/2017,9.591813725,9.63995098,9.615882353,11.66460467,11.72892836,11.69676651,10.19609799,10.25112387,10.22361093,0.726102477,0.730852993,0.728477735
3/14/2017,9.592745098,9.641568627,9.617156863,11.64559255,11.7096851,11.67763882,10.19900659,10.25380824,10.22640741,0.727571947,0.731780094,0.729676021
3/15/2017,9.565098039,9.613333333,9.589215686,11.6684631,11.73018933,11.69932622,10.15909063,10.21416667,10.18662865,0.732082571,0.736789397,0.734435984
3/16/2017,9.507254902,9.557058824,9.532156863,11.74811488,11.81252471,11.78031979,10.20318596,10.25759124,10.2303886,0.748160921,0.752417675,0.750289298
3/17/2017,9.548039216,9.59745098,9.572745098,11.79755725,11.86724814,11.8324027,10.2498201,10.30574286,10.27778148,0.747546621,0.751833157,0.749689889
3/20/2017,9.573921569,9.623333333,9.598627451,11.85060012,11.914649,11.88262456,10.29292308,10.34797033,10.32044671,0.752146437,0.75680125,0.754473843
3/21/2017,9.479901961,9.529117647,9.504509804,11.81290583,11.87804515,11.84547549,10.24493005,10.30097618,10.27295311,0.755521176,0.759794737,0.757657956
3/22/2017,9.526764706,9.576176471,9.551470588,11.85129529,11.91755162,11.88442346,10.29176391,10.34897391,10.32036891,0.754320383,0.758545077,0.75643273
3/23/2017,9.507058824,9.556666667,9.531862745,11.89903482,11.96590233,11.93246858,10.25146153,10.30877633,10.28011893,0.761387004,0.76566652,0.763526762
3/24/2017,9.510686275,9.560098039,9.535392157,11.87028754,11.93482639,11.90255697,10.26678583,10.32299386,10.29488985,0.762697579,0.767232297,0.764964938
3/27/2017,9.519117647,9.56872549,9.543921569,12.00646309,12.07190408,12.03918358,10.37583824,10.4327814,10.40430982,0.751578512,0.756420987,0.75399975
3/28/2017,9.514705882,9.563921569,9.539313725,11.94285882,12.00845992,11.97565937,10.33011618,10.38737522,10.3587457,0.731900452,0.736252623,0.734076538
3/29/2017,9.524411765,9.573333333,9.548872549,11.82646209,11.89103733,11.85874971,10.2492195,10.30569333,10.27745642,0.733578139,0.737687022,0.735632581
3/30/2017,9.55245098,9.60245098,9.57745098,11.89948819,11.96561417,11.93255118,10.24213794,10.29862868,10.27038331,0.739302292,0.743799456,0.741550874
3/31/2017,9.627291667,9.676666667,9.651979167,11.99945633,12.06583567,12.032646,10.2752084,10.33080933,10.30300886,0.721145443,0.725931483,0.723538463
4/3/2017,9.649583333,9.69875,9.674166667,12.04653983,12.10985925,12.07819954,10.28645583,10.34177713,10.31411648,0.713462723,0.717894152,0.715678438
4/4/2017,9.6184375,9.6678125,9.643125,11.97399284,12.03642656,12.0052097,10.24748331,10.302021,10.27475216,0.703102156,0.70722842,0.705165288
4/5/2017,9.503958333,9.55375,9.528854167,11.84763446,11.91257088,11.88010267,10.13121958,10.18525288,10.15823623,0.689742241,0.693456485,0.691599363
4/6/2017,9.4459375,9.4953125,9.470625,11.77908406,11.84445281,11.81176844,10.07031397,10.12485172,10.09758284,0.682017148,0.686573572,0.68429536
4/7/2017,9.46375,9.51265625,9.488203125,11.7312645,11.79474248,11.76300349,10.04955613,10.1033922,10.07647416,0.685709421,0.689917846,0.687813633
4/10/2017,9.4940625,9.543229167,9.518645833,11.77643513,11.8393301,11.80788261,10.04946516,10.10437104,10.0769181,0.683985627,0.687775516,0.685880571
4/11/2017,9.452916667,9.502916667,9.477916667,11.75281129,11.82067804,11.78674467,10.03238046,10.08734604,10.05986325,0.684894701,0.689266459,0.68708058
4/12/2017,9.433802083,9.482552083,9.458177083,11.78659232,11.85034534,11.81846883,9.997943448,10.05150521,10.02472433,0.686594038,0.690644726,0.688619382
4/13/2017,9.408072917,9.458072917,9.433072917,11.78831536,11.85380279,11.82105908,9.997018281,10.05109409,10.02405618,0.692279096,0.696984003,0.694631549
4/14/2017,9.408072917,9.458072917,9.433072917,11.78831536,11.85380279,11.82105908,9.997018281,10.05109409,10.02405618,0.692279096,0.696984003,0.694631549
4/17/2017,9.408072917,9.458072917,9.433072917,11.78831536,11.85380279,11.82105908,9.997018281,10.05109409,10.02405618,0.692279096,0.696984003,0.694631549
4/18/2017,9.383802083,9.43109375,9.407447917,11.94651843,12.00955478,11.97803661,10.02377739,10.07618056,10.04997897,0.702380395,0.706978542,0.704679469
4/19/2017,9.36109375,9.40984375,9.38546875,12.01402772,12.07941642,12.04672207,10.03602861,10.08923447,10.06263154,0.703444956,0.708839454,0.706142205
4/20/2017,9.3259375,9.3746875,9.3503125,11.92880666,11.99397519,11.96139092,10.03564134,10.09091363,10.06327748,0.709169803,0.713148035,0.711158919
4/21/2017,9.374427083,9.423802083,9.399114583,11.98801735,12.05210048,12.02005892,10.03157442,10.08629537,10.0589349,0.712884189,0.717730547,0.715307368
4/24/2017,9.37265625,9.42203125,9.39734375,11.98200375,12.04795136,12.01497755,10.18620281,10.24174797,10.21397539,0.720973558,0.72532958,0.723151569
4/25/2017,9.314427083,9.36296875,9.338697917,11.94295841,12.00707113,11.97501477,10.14061677,10.19627297,10.16844487,0.71123128,0.71549509,0.713363185
4/26/2017,9.31890625,9.368489583,9.343697917,11.94404214,12.0094668,11.97675447,10.13990189,10.19666406,10.16828298,0.702200757,0.706336154,0.704268456
4/27/2017,9.315885417,9.365677083,9.34078125,12.00072359,12.07142119,12.03607239,10.14593081,10.20671489,10.17632285,0.698080586,0.702532918,0.700306752
4/28/2017,9.309947917,9.359947917,9.334947917,12.01448779,12.08182077,12.04815428,10.14877422,10.20608721,10.17743072,0.699733026,0.704550088,0.702141557
5/1/2017,9.326364583,9.375822917,9.35109375,11.97684314,12.04354625,12.01019469,10.1522853,10.20949742,10.18089136,0.706443841,0.710848766,0.708646304
5/2/2017,9.2975,9.346875,9.3221875,12.00214275,12.06961969,12.03588122,10.13892375,10.19463656,10.16678016,0.698089124,0.702059939,0.700074532
5/3/2017,9.293854167,9.342604167,9.318229167,12.00580081,12.0725131,12.03915696,10.14331244,10.19838671,10.17084957,0.696127136,0.699935882,0.698031509
5/4/2017,9.260208333,9.308333333,9.284270833,11.9391866,12.00309583,11.97114122,10.11955567,10.17400833,10.146782,0.683637247,0.687443841,0.685540544
5/5/2017,9.2371875,9.2853125,9.26125,11.95569178,12.01983703,11.98776441,10.13781328,10.19248753,10.16515041,0.680205265,0.684252948,0.682229106
5/8/2017,9.215208333,9.263958333,9.239583333,11.94383152,12.01164838,11.97773995,10.08420248,10.1394024,10.11180244,0.679843328,0.684166636,0.682004982
5/9/2017,9.162395833,9.211770833,9.187083333,11.83140174,11.89700203,11.86420189,9.969602906,10.02424902,9.996925964,0.67090848,0.674934119,0.672921299
5/10/2017,9.1282,9.1759,9.15205,11.8183,11.8838,11.85105,9.9279,9.9834,9.95565,0.6755,0.6797,0.6776
5/11/2017,9.186458333,9.236458333,9.211458333,11.81562271,11.88085635,11.84823953,9.977412396,10.03356469,10.00548854,0.686555684,0.691067175,0.68881143
5/12/2017,9.1990625,9.2490625,9.2240625,11.85023231,11.91649213,11.88336222,10.03341747,10.09072719,10.06207233,0.689223234,0.693749062,0.691486148
5/15/2017,9.17875,9.228125,9.2034375,11.85343775,11.92181469,11.88762622,10.07551388,10.13155844,10.10353616,0.696785091,0.700740749,0.69876292
5/16/2017,9.196145833,9.246145833,9.221145833,11.85934967,11.92752813,11.8934389,10.18197267,10.23825728,10.21011497,0.700626702,0.704973149,0.702799925
5/17/2017,9.203958333,9.25375,9.228854167,11.93017079,12.000263,11.9652169,10.23112008,10.29017,10.26064504,0.699761144,0.704349977,0.702055561
5/18/2017,9.240416667,9.290416667,9.265416667,12.02732633,12.09798058,12.06265346,10.26979908,10.32629813,10.2980486,0.683589175,0.688051595,0.685820385
5/19/2017,9.293645833,9.3434375,9.318541667,12.09475069,12.16235259,12.12855164,10.38657858,10.44596313,10.41627085,0.700746151,0.705207673,0.702976912
5/22/2017,9.3009375,9.3490625,9.325,12.10610025,12.17434919,12.14022472,10.33706194,10.39148297,10.36427245,0.688066395,0.692394927,0.690230661
5/23/2017,9.294270833,9.341770833,9.318020833,12.07697552,12.14056538,12.10877045,10.44861927,10.50295295,10.47578611,0.711087627,0.714825676,0.712956652
5/24/2017,9.2903125,9.3390625,9.3146875,12.04396113,12.10902844,12.07649478,10.40050484,10.45601438,10.42825961,0.717271257,0.721837586,0.719554421
5/25/2017,9.2903125,9.3390625,9.3146875,12.04396113,12.10902844,12.07649478,10.40050484,10.45601438,10.42825961,0.717271257,0.721837586,0.719554421
5/26/2017,9.241666667,9.289791667,9.265729167,11.89217667,11.95596188,11.92406927,10.363605,10.41850135,10.39105318,0.714304117,0.719135444,0.716719781
5/29/2017,9.209895833,9.259895833,9.234895833,11.80432349,11.87026047,11.83729198,10.02128766,10.07847063,10.04987914,0.693986575,0.698148742,0.696067658
5/30/2017,9.201875,9.251875,9.226875,11.83361125,11.89883644,11.86622384,10.26745213,10.32416731,10.29580972,0.700625485,0.70508204,0.702853763
5/31/2017,9.230208333,9.278958333,9.254583333,11.85897167,11.92531725,11.89214446,10.35721677,10.41284704,10.38503191,0.703521977,0.707518097,0.705520037
6/1/2017,9.280520833,9.329895833,9.305208333,11.93289369,12.00011202,11.96650285,10.40346385,10.4616122,10.43253803,0.712242581,0.716581861,0.714412221
6/2/2017,9.3103125,9.3584375,9.334375,11.98609631,12.05179581,12.01894606,10.47968775,10.53666478,10.50817627,0.724064619,0.72819807,0.726131345
6/5/2017,9.320625,9.36875,9.3446875,12.05250019,12.12035188,12.08642603,10.48849931,10.54452813,10.51651372,0.731735321,0.736039313,0.733887317
6/6/2017,9.310833333,9.358958333,9.334895833,12.02401017,12.09083827,12.05742422,10.22050175,10.27520035,10.24785105,0.706811913,0.710675622,0.708743768
6/7/2017,9.2759375,9.323854167,9.299895833,11.97987328,12.04455481,12.01221405,10.41687781,10.47628254,10.44658018,0.722003308,0.726015508,0.724009408
6/8/2017,9.2328125,9.2809375,9.256875,11.0055125,11.06566178,11.03558714,10.35736906,10.41599616,10.38668261,0.717139501,0.721482738,0.719311119
6/9/2017,9.214791667,9.263333333,9.2390625,11.73780163,11.80056033,11.76918098,10.29660821,10.35362767,10.32511794,0.716351822,0.720405439,0.718378631
6/12/2017,9.165416667,9.214166667,9.189791667,11.61533254,11.67987767,11.6476051,10.27718171,10.33368792,10.30543481,0.713900897,0.717977689,0.715939293
6/13/2017,9.171666667,9.221041667,9.196354167,11.6636085,11.73193131,11.69776991,10.27776967,10.3349435,10.30635658,0.715977101,0.72039388,0.718185491
6/14/2017,9.23,9.279375,9.2546875,11.810708,11.87945588,11.84508194,10.40221,10.46156738,10.43188869,0.732237489,0.73703158,0.734634535
6/15/2017,9.207916667,9.257291667,9.232604167,11.72628188,11.79286385,11.75957286,10.26774788,10.32650885,10.29712836,0.714622947,0.719012945,0.716817946
6/16/2017,9.179375,9.229166667,9.204270833,11.72206188,11.78749167,11.75477677,10.25427981,10.31174792,10.28301386,0.712988854,0.718251034,0.715619944
6/19/2017,9.171458333,9.221458333,9.196458333,11.71745517,11.78686804,11.7521616,10.25460756,10.31235685,10.28348221,0.704007548,0.708389348,0.706198448
6/20/2017,9.197395833,9.247395833,9.222395833,11.63838469,11.70350417,11.67094443,10.25601609,10.31454531,10.2852807,0.702493476,0.706582299,0.704537887
6/21/2017,9.2034375,9.2528125,9.228125,11.68560459,11.75199716,11.71880088,10.25907178,10.31596066,10.28751622,0.706050395,0.710192384,0.70812139
6/22/2017,9.2240625,9.2740625,9.2490625,11.6739735,11.74281794,11.70839572,10.29128653,10.34799894,10.31964273,0.707502397,0.711610397,0.709556397
6/23/2017,9.256666667,9.306666667,9.281666667,11.77818267,11.84552533,11.811854,10.33691967,10.39368533,10.3653025,0.714817074,0.719372559,0.717094816
6/26/2017,9.224791667,9.274375,9.249583333,11.74408227,11.81091656,11.77749942,10.34191394,10.39935669,10.37063531,0.716588856,0.721084693,0.718836775
6/27/2017,9.2403125,9.2896875,9.265,11.79248681,11.85921506,11.82585094,10.42492056,10.48248338,10.45370197,0.713289783,0.717383624,0.715336704
6/28/2017,9.288854167,9.342604167,9.315729167,11.92874652,12.00150931,11.96512792,10.53077397,10.59544739,10.56311068,0.715440806,0.720413017,0.717926912
6/29/2017,9.218854167,9.267395833,9.243125,11.95685385,12.02537283,11.99111334,10.51318129,10.57131843,10.54224986,0.707759774,0.711967475,0.709863625
6/30/2017,9.116041667,9.165833333,9.1409375,11.71229033,11.779929,11.74610967,10.22911035,10.28589817,10.25750426,0.694820249,0.698892346,0.696856297
7/3/2017,9.116041667,9.165833333,9.1409375,11.71229033,11.779929,11.74610967,10.22911035,10.28589817,10.25750426,0.694820249,0.698892346,0.696856297
7/4/2017,9.116041667,9.165833333,9.1409375,11.71229033,11.779929,11.74610967,10.22911035,10.28589817,10.25750426,0.694820249,0.698892346,0.696856297
7/5/2017,9.057916667,9.106666667,9.082291667,11.69739358,11.763992,11.73069279,10.25809063,10.316032,10.28706131,0.676691121,0.680958826,0.678824973
7/6/2017,9.0759375,9.1259375,9.1009375,11.74698591,11.81443869,11.7807123,10.33113966,10.39170503,10.36142234,0.676859213,0.680791166,0.678825189
7/7/2017,9.070416667,9.120416667,9.095416667,11.68451075,11.75256892,11.71853983,10.33483275,10.39271479,10.36377377,0.677543972,0.682043094,0.679793533
7/10/2017,9.03625,9.085,9.060625,11.63055738,11.694212,11.66238469,10.2904815,10.347815,10.31914825,0.675264165,0.679160935,0.67721255
7/11/2017,8.96625,9.015,8.990625,11.54942663,11.614926,11.58217631,10.22600813,10.282509,10.25425856,0.662116558,0.666208487,0.664162522
7/12/2017,8.909479167,8.959479167,8.934479167,11.47273632,11.53801727,11.5053768,10.17729805,10.235309,10.20630353,0.668909948,0.673245153,0.671077551
7/13/2017,8.855,8.903333333,8.879166667,11.4592555,11.525365,11.49231025,10.1079825,10.165826,10.13690425,0.669935011,0.674132348,0.67203368
7/14/2017,8.8484375,8.898020833,8.873229167,11.49589,11.56386788,11.52987894,10.13234578,10.19268286,10.16251432,0.6784571,0.68304451,0.680750805
7/17/2017,8.8409375,8.889479167,8.865208333,11.55775759,11.62477191,11.59126475,10.13701894,10.1962326,10.16662577,0.682782236,0.686897127,0.684839681
7/18/2017,8.843020833,8.893020833,8.868020833,11.51715033,11.58582754,11.55148894,10.22341639,10.28211069,10.25276354,0.682821842,0.686958467,0.684890155
7/19/2017,8.848020833,8.896770833,8.872395833,11.53074075,11.59694078,11.56384077,10.20176802,10.2606458,10.23120691,0.683852134,0.687891106,0.68587162
7/20/2017,8.797708333,8.847708333,8.822708333,11.40710863,11.47901679,11.44306271,10.17630923,10.23591377,10.2061115,0.67801416,0.682330267,0.680172213
7/21/2017,8.807291667,8.857291667,8.832291667,11.44859844,11.51447917,11.4815388,10.24640313,10.30811604,10.27725958,0.683928687,0.688078591,0.686003639
7/24/2017,8.842627778,8.855366667,8.848997222,11.48330097,11.55334313,11.51832205,10.27379007,10.33346896,10.30362952,0.680442511,0.684806237,0.682624374
7/25/2017,8.944166667,8.851,8.897583333,11.52568431,11.59126209,11.5584732,10.31616627,10.37602769,10.34609698,0.677335841,0.681295141,0.679315491
7/26/2017,8.859578947,8.85926087,8.859419908,11.5235415,11.5884534,11.55599745,10.28465041,10.34287,10.31376021,0.67748197,0.681293214,0.679387592
7/27/2017,8.888076923,8.888333333,8.888205128,11.49883416,11.56417708,11.53150562,10.29136369,10.35260715,10.32198542,0.686929722,0.691048424,0.688989073
7/28/2017,8.823405556,8.91,8.866702778,11.60251033,11.66909792,11.63580413,10.397607,10.45586804,10.42673752,0.680553635,0.684776397,0.682665016
7/31/2017,8.925125,8.9366875,8.93090625,11.63614714,11.70323334,11.66969024,10.40909479,10.46929481,10.4391948,0.673457298,0.677828404,0.675642851
8/1/2017,8.941875,8.966271429,8.954073214,11.79095088,11.85460975,11.82278031,10.54162588,10.59863475,10.57013031,0.671675774,0.675540847,0.67360831
8/2/2017,9.0453,9.05,9.04765,11.894493,11.96173698,11.92811499,10.644856,10.70360646,10.67423123,0.676950088,0.68121195,0.679081019
8/3/2017,9.057,9.096,9.0765,11.86913257,11.93503323,11.9020829,10.71359426,10.77334454,10.7434694,0.680420727,0.684490417,0.682455572
8/4/2017,9.072076923,9.089272727,9.080674825,11.85793542,11.92095333,11.88944438,10.73426567,10.79413333,10.7641995,0.677081389,0.680881785,0.678981587
8/7/2017,9.072076923,9.089272727,9.080674825,11.85793542,11.92095333,11.88944438,10.73426567,10.79413333,10.7641995,0.677081389,0.680881785,0.678981587
8/8/2017,8.965104167,9.013020833,8.9890625,11.66449703,11.72864401,11.69657052,10.58689151,10.64708151,10.61698651,0.680009115,0.684162568,0.682085841
8/9/2017,8.898020833,8.9459375,8.921979167,11.55585966,11.61987822,11.58786894,10.43381923,10.49269009,10.46325466,0.658624784,0.662662037,0.660643411
8/10/2017,8.900416667,8.948541667,8.924479167,11.57588192,11.64205271,11.60896731,10.44908917,10.50916733,10.47912825,0.666982657,0.671036614,0.669009636
8/11/2017,8.954479167,9.002604167,8.978541667,11.605005,11.67007578,11.63754039,10.56091273,10.6212724,10.59109256,0.664525356,0.669089867,0.666807612
8/14/2017,8.999375,9.046770833,9.023072917,11.67218938,11.73818516,11.70518727,10.61476281,10.67247555,10.64361918,0.678235786,0.68206478,0.680150283
8/15/2017,8.985729167,9.033854167,9.009791667,11.5493577,11.61663307,11.58299539,10.5142017,10.57322292,10.54371231,0.670772028,0.674807778,0.672789903
8/16/2017,8.982708333,9.030833333,9.006770833,11.54457675,11.60913625,11.5768565,10.50348085,10.56246267,10.53297176,0.678606054,0.682850417,0.680728235
8/17/2017,8.985,9.033125,9.0090625,11.570883,11.63376169,11.60232234,10.501668,10.55881981,10.53024391,0.678727905,0.682719124,0.680723514
8/18/2017,8.984895833,9.033020833,9.008958333,11.57703828,11.64085395,11.60894611,10.55006469,10.61018627,10.58012548,0.680508955,0.684428646,0.682468801
8/21/2017,8.986458333,9.035208333,9.010833333,11.58534208,11.65270819,11.61902514,10.58784521,10.6470895,10.61746735,0.681215477,0.685290177,0.683252827
8/22/2017,9.005104167,9.053854167,9.029479167,11.5499466,11.6160949,11.58302075,10.59450505,10.6536702,10.62408763,0.682349602,0.686667943,0.684508773
8/23/2017,8.999791667,9.049791667,9.024791667,11.5170334,11.58463831,11.55083585,10.61615425,10.67603923,10.64609674,0.67847172,0.682498353,0.680485037
8/24/2017,8.972604167,9.021354167,8.996979167,11.51095389,11.57620167,11.54357778,10.58767292,10.64790432,10.61778862,0.679120213,0.683327211,0.681223712
8/25/2017,8.9871875,9.0359375,9.0115625,11.52786541,11.59401141,11.56093841,10.60937484,10.66782781,10.63860133,0.681358557,0.685314294,0.683336425
8/28/2017,9.0165625,9.0659375,9.04125,11.63948053,11.70684509,11.67316281,10.76036569,10.82019641,10.79028105,0.690157488,0.694202496,0.692179992
8/29/2017,9.0225,9.0725,9.0475,11.68684425,11.75523825,11.72104125,10.85496975,10.91875375,10.88686175,0.695375723,0.699498843,0.697437283
8/30/2017,9.0884375,9.1378125,9.113125,11.72135784,11.78869191,11.75502488,10.82796444,10.89044494,10.85920469,0.694813423,0.698855293,0.696834358
8/31/2017,9.133541667,9.181041667,9.157291667,11.75669483,11.81875494,11.78772489,10.81411333,10.87127144,10.84269239,0.699866798,0.704170214,0.702018506
9/1/2017,9.097916667,9.146666667,9.122291667,11.80454688,11.87145867,11.83800277,10.82015229,10.88178933,10.85097081,0.704718564,0.709043928,0.706881246
9/4/2017,9.07375,9.12375,9.09875,11.75504313,11.82164288,11.788343,10.79866988,10.85999963,10.82933475,0.699325626,0.70397676,0.701651193
9/5/2017,9.096979167,9.146979167,9.121979167,11.81424684,11.88375533,11.84900109,10.82267611,10.88490521,10.85379066,0.705739268,0.71016919,0.707954229
9/6/2017,9.116041667,9.165520833,9.14078125,11.89552277,11.96192124,11.92872201,10.87634931,10.93904911,10.90769921,0.706270224,0.710367823,0.708319024
9/7/2017,9.127708333,9.177083333,9.152395833,11.94999575,12.02014375,11.98506975,10.93499458,10.99598125,10.96548792,0.712573351,0.716707668,0.714640509
9/8/2017,9.141875,9.19,9.1659375,12.07367431,12.140909,12.10729166,11.00773169,11.067517,11.03762434,0.709525011,0.713537016,0.711531013
9/11/2017,9.198125,9.248125,9.223125,12.13048725,12.2001265,12.16530688,11.01199525,11.07278006,11.04238766,0.711037631,0.715228958,0.713133295
9/12/2017,9.248958333,9.298958333,9.273958333,12.25486979,12.32390948,12.28938964,11.03585708,11.09923667,11.06754688,0.709929255,0.714090533,0.712009894
9/13/2017,9.306770833,9.356145833,9.331458333,12.27376938,12.34262758,12.30819848,11.14206604,11.20211341,11.17208972,0.71943622,0.723583044,0.721509632
9/14/2017,9.363229167,9.413229167,9.388229167,12.51301946,12.58266343,12.54784144,11.1338158,11.19609477,11.16495529,0.709636601,0.713739833,0.711688217
9/15/2017,9.471145833,9.520104167,9.495625,12.86465739,12.93401352,12.89933545,11.33222599,11.39175665,11.36199132,0.720239227,0.724099956,0.722169591
9/18/2017,9.531041667,9.581041667,9.556041667,12.9460139,13.01680321,12.98140855,11.40389135,11.46467446,11.43428291,0.724794043,0.728734867,0.726764455
9/19/2017,9.5953125,9.6453125,9.6203125,12.97670063,13.04528516,13.01099289,11.49710344,11.55797797,11.5275407,0.720525678,0.724552287,0.722538982
9/20/2017,9.551875,9.601875,9.576875,12.92464206,12.997098,12.96087003,11.4546085,11.51840925,11.48650888,0.721358985,0.725408907,0.723383946
9/21/2017,9.4690625,9.5190625,9.4940625,12.78323438,12.85168628,12.81746033,11.27954725,11.34291488,11.31123106,0.708497007,0.712883531,0.710690269
9/22/2017,9.486458333,9.535833333,9.511145833,12.88261042,12.95442958,12.91852,11.35529063,11.41725325,11.38627194,0.717410183,0.721689926,0.719550055
9/25/2017,9.498020833,9.547395833,9.522708333,12.83372575,12.90139599,12.86756087,11.28174915,11.34421573,11.31298244,0.713600363,0.717849311,0.715724837
9/26/2017,9.557604167,9.607604167,9.582604167,12.84446424,12.91262,12.87854212,11.27032683,11.33312988,11.30172835,0.717021078,0.721042595,0.719031837
9/27/2017,9.590625,9.640625,9.615625,12.843765,12.91458125,12.87917313,11.25172125,11.3142375,11.28297938,0.706991685,0.711359243,0.709175464
9/28/2017,9.621145833,9.671145833,9.646145833,12.90388079,12.97480925,12.93934502,11.32889922,11.38970845,11.35930383,0.709916682,0.714264833,0.712090757
9/29/2017,9.6284375,9.6784375,9.6534375,12.93965716,13.00782,12.97373858,11.3538535,11.41668488,11.38526919,0.722335066,0.726358577,0.724346822
10/2/2017,9.657333333,9.707333333,9.682333333,12.8230072,12.8923094,12.8576583,11.35605827,11.4187362,11.38739723,0.711060062,0.715078476,0.713069269
10/3/2017,9.670625,9.72,9.6953125,12.79907219,12.866364,12.83271809,11.35911613,11.421,11.39005806,0.704065772,0.707918196,0.705991984
10/4/2017,9.657291667,9.707291667,9.682291667,12.81136313,12.88157604,12.84646958,11.35504354,11.41480427,11.38492391,0.710659323,0.714601645,0.712630484
10/5/2017,9.6159375,9.6659375,9.6409375,12.65457375,12.72230694,12.68844034,11.28814903,11.34974381,11.31894642,0.705591164,0.709530757,0.70756096
10/6/2017,9.600833333,9.650625,9.625729167,12.70670292,12.77453231,12.74061761,11.27713883,11.33948438,11.3083116,0.698984619,0.702865539,0.700925079
10/9/2017,9.620729167,9.670729167,9.645729167,12.66184166,12.73054788,12.69619477,11.29762226,11.35923848,11.32843037,0.696901787,0.700777476,0.698839631
10/10/2017,9.623333333,9.673333333,9.648333333,12.68740267,12.75622467,12.72181367,11.34783467,11.410664,11.37924933,0.703259548,0.707171873,0.705215711
10/11/2017,9.608958333,9.658958333,9.633958333,12.69055127,12.76044985,12.72550056,11.37700667,11.43813846,11.40757256,0.708823884,0.713301505,0.711062694
10/12/2017,9.623229167,9.673229167,9.648229167,12.64011151,12.71062313,12.67536732,11.39486566,11.45793995,11.4264028,0.711550998,0.715787893,0.713669446
10/13/2017,9.647708333,9.697708333,9.672708333,12.84109979,12.9105591,12.87582945,11.44700594,11.50827048,11.47763821,0.724313303,0.728887945,0.726600624
10/16/2017,9.663541667,9.712916667,9.688229167,12.82255344,12.88904042,12.85579693,11.40781094,11.469012,11.43841147,0.728279574,0.732276588,0.730278081
10/17/2017,9.689166667,9.7390625,9.714114583,12.77322842,12.84290172,12.80806507,11.38573975,11.44534625,11.415543,0.721456937,0.725712556,0.723584747
10/18/2017,9.689166667,9.7390625,9.714114583,12.77322842,12.84290172,12.80806507,11.38573975,11.44534625,11.415543,0.721456937,0.725712556,0.723584747
10/19/2017,9.718020833,9.768020833,9.743020833,12.79766164,12.86546024,12.83156094,11.49544684,11.55849905,11.52697295,0.717260631,0.72121715,0.71923889
10/20/2017,9.728541667,9.778541667,9.753541667,12.82221792,12.89007363,12.85614577,11.48065202,11.54259058,11.5116213,0.710231766,0.714217805,0.712224786
10/23/2017,9.77375,9.82375,9.79875,12.8739835,12.94279063,12.90838706,11.46851825,11.52817063,11.49834444,0.71289205,0.717240045,0.715066047
10/24/2017,9.846458333,9.896458333,9.871458333,13.05837304,13.12864163,13.09350733,11.60897438,11.67188296,11.64042867,0.705965824,0.709876433,0.707921128
10/25/2017,9.846458333,9.896458333,9.871458333,13.05837304,13.12864163,13.09350733,11.60897438,11.67188296,11.64042867,0.705965824,0.709876433,0.707921128
10/26/2017,9.947604167,9.997604167,9.972604167,13.13282702,13.20283606,13.16783154,11.68445585,11.7471849,11.71582038,0.697441223,0.701222114,0.699331669
10/27/2017,9.9828125,10.0328125,10.0078125,13.05652047,13.12392203,13.09022125,11.57806594,11.6380625,11.60806422,0.704026383,0.707857092,0.705941738
10/30/2017,9.9828125,10.0328125,10.0078125,13.05652047,13.12392203,13.09022125,11.57806594,11.6380625,11.60806422,0.704026383,0.707857092,0.705941738
10/31/2017,9.989791667,10.03979167,10.01479167,13.17953215,13.24650113,13.21301664,11.61413179,11.67326577,11.64369878,0.709648412,0.713961049,0.711804731
11/1/2017,9.999895833,10.04989583,10.02489583,13.29386152,13.3623415,13.32810151,11.61687899,11.67797896,11.64742897,0.70733127,0.711245282,0.709288276
11/2/2017,10.01875,10.06875,10.04375,13.13858875,13.20919313,13.17389094,11.67284563,11.73311438,11.70298,0.716992407,0.72082859,0.718910499
11/3/2017,10.0296875,10.07927083,10.05447917,13.14390547,13.21190821,13.17790684,11.68659188,11.74839808,11.71749498,0.709353252,0.713303999,0.711328626
11/6/2017,10.02270833,10.07270833,10.04770833,13.13576154,13.20532063,13.17054108,11.61932577,11.68131985,11.65032281,0.70632194,0.710346145,0.708334043
11/7/2017,10.0090625,10.0590625,10.0340625,13.14490178,13.21559631,13.18024905,11.57548078,11.63431169,11.60489623,0.704585692,0.708599259,0.706592475
11/8/2017,9.948645833,9.998229167,9.9734375,13.03869523,13.10767844,13.07318683,11.52849079,11.58894743,11.55871911,0.700002521,0.703738864,0.701870693
11/9/2017,9.901666667,9.951666667,9.926666667,12.97910467,13.046635,13.01286983,11.51563833,11.5747835,11.54521092,0.70100295,0.704792257,0.702897603
11/10/2017,9.877291667,9.927083333,9.9021875,12.94715392,13.01440625,12.98078008,11.48729021,11.54619063,11.51674042,0.699277286,0.703051228,0.701164257
11/13/2017,9.8959375,9.9459375,9.9209375,12.95378219,13.02321056,12.98849638,11.53569434,11.59696313,11.56632873,0.679236849,0.682959383,0.681098116
11/14/2017,9.953229167,10.00322917,9.978229167,13.04470215,13.11223279,13.07846747,11.68907233,11.7507933,11.71993282,0.692085608,0.695876812,0.69398121
11/15/2017,9.9873,10.0372,10.01225,13.1453,13.2119,13.1786,11.821,11.881,11.851,0.6962,0.7,0.6981
11/16/2017,10,10.05,10.025,13.192,13.26198,13.22699,11.764,11.825835,11.7949175,0.699095371,0.702915175,0.701005273
11/17/2017,10.0121875,10.0621875,10.0371875,13.21208263,13.28007506,13.24607884,11.80837394,11.86835016,11.83836205,0.71515625,0.718984459,0.717070354
11/20/2017,10.02354167,10.07354167,10.04854167,13.27417623,13.34442065,13.30929844,11.80472502,11.86562473,11.83517488,0.712440681,0.716508881,0.714474781
11/21/2017,10.04927083,10.09833333,10.07380208,13.31025922,13.37625233,13.34325578,11.77875034,11.83827617,11.80851326,0.713473258,0.71744047,0.715456864
11/22/2017,10.07572917,10.12572917,10.10072917,13.34127299,13.41152828,13.37640064,11.82991361,11.88963119,11.8597724,0.723389393,0.727313348,0.725351371
11/23/2017,10.07177083,10.12177083,10.09677083,13.40854851,13.47713786,13.44284319,11.93101973,11.99126191,11.96114082,0.72508339,0.729355068,0.727219229
11/24/2017,10.09677083,10.14677083,10.12177083,13.44284069,13.51245472,13.4776477,11.97880892,12.03914359,12.00897626,0.720590562,0.724438174,0.722514368
11/27/2017,10.11177083,10.160625,10.13619792,13.52550467,13.59288413,13.5591944,12.08053261,12.14194688,12.11123974,0.736805464,0.740894342,0.738849903
11/28/2017,10.09645833,10.14645833,10.12145833,13.40708702,13.47449667,13.44079184,12.01074683,12.07428542,12.04251613,0.73535749,0.739537779,0.737447635
11/29/2017,10.08333333,10.13302083,10.10817708,13.51368333,13.58432773,13.54900553,11.93765833,11.99952327,11.9685908,0.737360663,0.741558113,0.739459388
11/30/2017,10.10072917,10.15052083,10.125625,13.60265197,13.67173651,13.63719424,11.96532377,12.02735214,11.99633795,0.742154972,0.74649905,0.744327011
12/1/2017,10.1253125,10.1753125,10.1503125,13.67119694,13.74175953,13.70647823,12.04912188,12.112692,12.08090694,0.736049119,0.740238069,0.738143594
12/4/2017,10.1878125,10.23677083,10.21229167,13.77697884,13.84523255,13.8111057,12.07255781,12.13466815,12.10361298,0.747455062,0.751521197,0.74948813
12/5/2017,10.27520833,10.32458333,10.29989583,13.80063231,13.87107771,13.83585501,12.16892923,12.23153388,12.20023155,0.7609349,0.764761291,0.762848096
12/6/2017,10.34354167,10.39291667,10.36822917,13.83241827,13.90156533,13.8669918,12.21675706,12.27715246,12.24695476,0.762410106,0.766427978,0.764419042
12/7/2017,10.32239583,10.3721875,10.34729167,13.80826891,13.87902409,13.8436465,12.16804021,12.22777184,12.19790603,0.753762155,0.760173513,0.756967834
12/8/2017,10.2628125,10.3128125,10.2878125,13.80143025,13.87073281,13.83608153,12.04238419,12.10208547,12.07223483,0.753410893,0.757359475,0.755385184
12/11/2017,10.19802083,10.24739583,10.22270833,13.62863504,13.69564453,13.66213979,12.02754577,12.08782813,12.05768695,0.747655486,0.751826547,0.749741017
12/12/2017,10.09,10.14,10.115,13.473177,13.543998,13.5085875,11.869876,11.931738,11.900807,0.74082232,0.745040411,0.742931366
12/13/2017,10.00833333,10.05833333,10.03333333,13.35712167,13.4248575,13.39098958,11.74177667,11.80345417,11.77261542,0.733899432,0.737890526,0.735894979
12/14/2017,9.865625,9.915625,9.890625,13.24558813,13.31569281,13.28064047,11.67596719,11.73910844,11.70753781,0.733640082,0.738231112,0.735935597
12/15/2017,9.908125,9.958125,9.933125,13.26004369,13.33094194,13.29549281,11.68960588,11.7505875,11.72009669,0.740102708,0.744254484,0.742178596
12/18/2017,9.8846875,9.9340625,9.909375,13.22076953,13.28978881,13.25527917,11.66096584,11.72020694,11.69058639,0.76693855,0.77171553,0.76932704
12/19/2017,9.764375,9.814375,9.789375,13.04227569,13.11298644,13.07763106,11.54246769,11.60549844,11.57398306,0.766260035,0.770486108,0.768373072
12/20/2017,9.780729167,9.830729167,9.805729167,13.11106745,13.18005859,13.14556302,11.58038333,11.64351563,11.61194948,0.771077233,0.775324671,0.773200952
12/21/2017,9.766458333,9.816145833,9.791302083,13.04603504,13.11633406,13.08118455,11.58399623,11.64587542,11.61493582,0.767224291,0.771430602,0.769327446
12/22/2017,9.746979167,9.796770833,9.771875,13.03950873,13.10905905,13.07428389,11.55114501,11.61309215,11.58211858,0.765369389,0.771095697,0.768232543
12/26/2017,9.771979167,9.821979167,9.796979167,13.04559219,13.11528878,13.08044048,11.58077251,11.6429741,11.61187331,0.777046324,0.782889825,0.779968075
12/27/2017,9.851666667,9.90125,9.876458333,13.22783283,13.29638863,13.26211073,11.71658717,11.778527,11.74755708,0.791069784,0.795664577,0.793367181
12/28/2017,9.9034375,9.9534375,9.9284375,13.32309447,13.39434084,13.35871766,11.81579128,11.87843231,11.8471118,0.804594958,0.809314678,0.806954818
12/29/2017,9.9678125,10.0178125,9.9928125,13.47349216,13.54608606,13.50978911,11.95639109,12.02037322,11.98838216,0.805805376,0.811816248,0.808810812
1/2/2018,10.01776042,10.06770833,10.04273438,13.58909201,13.65986667,13.62447934,12.08742972,12.14971042,12.11857007,0.811305783,0.815800171,0.813552977
1/3/2018,10.07526042,10.12526042,10.10026042,13.65802302,13.72985313,13.69393807,12.1175157,12.17866323,12.14808947,0.81584359,0.820224425,0.818034008
1/4/2018,10.09635417,10.14635417,10.12135417,13.67753099,13.74628063,13.71190581,12.18226094,12.24664948,12.21445521,0.82000846,0.824357271,0.822182866
1/5/2018,10.10395833,10.15395833,10.12895833,13.71511304,13.78704463,13.75107883,12.20457127,12.26902785,12.23679956,0.818910088,0.823964225,0.821437156
1/8/2018,10.08447917,10.13447917,10.10947917,13.6523679,13.72309824,13.68773307,12.08826518,12.15022707,12.11924613,0.809445693,0.813785616,0.811615654
1/9/2018,9.937395833,9.987395833,9.962395833,13.42542177,13.49696673,13.46119425,11.84239461,11.90597457,11.87418459,0.804152573,0.808774604,0.806463589
1/10/2018,9.759791667,9.809791667,9.784791667,13.22744565,13.29913456,13.2632901,11.7166299,11.77959783,11.74811386,0.782316674,0.786639803,0.784478239
1/11/2018,9.811145833,9.860520833,9.835833333,13.23229239,13.30282866,13.26756052,11.7871106,11.85037394,11.81874227,0.786433075,0.790707737,0.788570406
1/12/2018,9.806979167,9.856979167,9.831979167,13.37279679,13.44491958,13.40885819,11.89978852,11.96341561,11.93160207,0.789961671,0.794289929,0.7921258
1/15/2018,9.8103125,9.8603125,9.8353125,13.52547784,13.59737094,13.56142439,12.03332931,12.09860344,12.06596638,0.798209375,0.802604107,0.800406741
1/16/2018,9.792395833,9.842395833,9.817395833,13.47335743,13.54608939,13.50972341,11.98001706,12.04315554,12.0115863,0.798453697,0.802903767,0.800678732
1/17/2018,9.727708333,9.777708333,9.752708333,13.40867317,13.47954871,13.44411094,11.87753188,11.94151519,11.90952353,0.788805593,0.793200913,0.791003253
1/18/2018,9.755,9.805,9.78,13.5253075,13.597574,13.56144075,11.934267,11.997398,11.9658325,0.794743531,0.800774231,0.797758881
1/19/2018,9.8040625,9.8540625,9.8290625,13.60215631,13.67448253,13.63831942,12.01683941,12.08108063,12.04896002,0.804290713,0.808724261,0.806507487
1/22/2018,9.736354167,9.786354167,9.761354167,13.53353229,13.6059682,13.56975024,11.92898113,11.99121976,11.96010044,0.80593621,0.810746112,0.808341161
1/23/2018,9.7115625,9.761145833,9.736354167,13.53888928,13.61094175,13.57491552,11.89472175,11.95935588,11.92703881,0.800161696,0.804843819,0.802502757
1/24/2018,9.725,9.775,9.75,13.7832425,13.8580175,13.82063,12.01621,12.0819,12.049055,0.749974937,0.817348696,0.783661816
1/25/2018,9.7059375,9.755520833,9.730729167,13.84454925,13.91722602,13.88088764,12.04409784,12.10952801,12.07681293,0.815837529,0.820612279,0.818224904
1/26/2018,9.705104167,9.755104167,9.730104167,13.8171568,13.89321935,13.85518808,12.05956244,12.12461897,12.0920907,0.816117339,0.82106069,0.818589014
1/29/2018,9.6934375,9.7434375,9.7184375,13.63188116,13.70609353,13.66898734,12.00338366,12.06822169,12.03580267,0.806791416,0.811547351,0.809169383
1/30/2018,9.728541667,9.778541667,9.753541667,13.73280942,13.80827869,13.77054405,12.0818759,12.1459266,12.11390125,0.813423216,0.821036244,0.81722973
1/31/2018,9.719791667,9.769791667,9.744791667,13.7680849,13.84281781,13.80545135,12.10794448,12.1741374,12.14104094,0.81747617,0.823759837,0.820618004
2/1/2018,9.7403125,9.7903125,9.7653125,13.84877631,13.92476147,13.88676889,12.12766309,12.19285519,12.16025914,0.819112502,0.823996339,0.821554421
2/2/2018,9.8021875,9.8521875,9.8271875,13.93773041,14.01178106,13.97475573,12.24097175,12.30439697,12.27268436,0.817462055,0.821933451,0.819697753
2/5/2018,9.7546,9.8046,9.7796,13.69838478,13.77252162,13.7354532,12.13569786,12.19986378,12.16778082,0.811503777,0.816029963,0.81376687
2/6/2018,9.7298,9.7796,9.7547,13.4855028,13.55745948,13.52148114,11.99587042,12.06020272,12.02803657,0.806923262,0.811585062,0.809254162
2/7/2018,9.7445,9.7945,9.7695,13.55752285,13.63100565,13.59426425,12.0208152,12.08543355,12.05312438,0.81377093,0.818288149,0.816029539
2/8/2018,9.7569,9.8067,9.7818,13.65966,13.73330268,13.69648134,11.95415388,12.02007219,11.98711304,0.80717589,0.812068366,0.809622128
2/9/2018,9.7278,9.7778,9.7528,13.4438196,13.5178085,13.48081405,11.93017392,11.99540504,11.96278948,0.802570787,0.807028838,0.804799813
2/12/2018,9.7047,9.7547,9.7297,13.40995446,13.4809954,13.44547493,11.87467092,11.9397528,11.90721186,0.810582585,0.815303607,0.812943096
2/13/2018,9.7393,9.7893,9.7643,13.50548731,13.58069589,13.5430916,12.00953083,12.07510155,12.04231619,0.812671579,0.818017732,0.815344655
2/14/2018,9.7733,9.8233,9.7983,13.55068045,13.6249171,13.58779878,12.06416152,12.12882851,12.09649502,0.826809357,0.831580997,0.829195177
2/15/2018,9.7666,9.8164,9.7915,13.74453618,13.81854628,13.78154123,12.19946006,12.2655918,12.23252593,0.838054214,0.842898849,0.840476532
2/16/2018,9.789,9.8388,9.8139,13.7457138,13.82154624,13.78363002,12.2078619,12.27291912,12.24039051,0.83868812,0.843489592,0.841088856
2/19/2018,9.8812,9.9312,9.9062,13.83664436,13.91063184,13.8736381,12.25861672,12.32362608,12.2911214,0.847197215,0.85207588,0.849636547
2/20/2018,9.8216,9.8716,9.8466,13.74729352,13.82221432,13.78475392,12.11789008,12.18352872,12.1507094,0.835880851,0.841224392,0.838552622
2/21/2018,9.8136,9.8634,9.8385,13.65169896,13.72689378,13.68929637,12.0805416,12.14579076,12.11316618,0.841791045,0.84689821,0.844344627
2/22/2018,9.8235,9.8733,9.8484,13.6428768,13.71796302,13.68041991,12.0573639,12.1244124,12.09088815,0.837239628,0.842669011,0.839954319
2/23/2018,9.8153125,9.8653125,9.8403125,13.73456678,13.80946444,13.77201561,12.07872356,12.14419969,12.11146163,0.848341616,0.852847417,0.850594517
2/26/2018,9.7274,9.7774,9.7524,13.65046042,13.72551412,13.68798727,11.98610228,12.05162324,12.01886276,0.838568966,0.843897808,0.841233387
2/27/2018,9.7073,9.7567,9.732,13.52712255,13.59986413,13.56349334,11.95551068,12.01927873,11.98739471,0.833523669,0.838132463,0.835828066
2/28/2018,9.7347,9.7847,9.7597,13.43972682,13.51560611,13.47766647,11.88898911,11.95298952,11.92098932,0.827625784,0.832301254,0.829963519
3/1/2018,9.7282,9.778,9.7531,13.3665468,13.439861,13.4032039,11.83143684,11.8968926,11.86416472,0.81595303,0.821142444,0.818547737
3/2/2018,9.7292,9.7792,9.7542,13.41072928,13.48258304,13.44665616,11.98053688,12.04504064,12.01278876,0.81334225,0.818343096,0.815842673
3/5/2018,9.7279,9.7779,9.7529,13.43325711,13.50914664,13.47120188,11.97018095,12.03561711,12.00289903,0.81760113,0.822183543,0.819892336
3/6/2018,9.7191,9.7684,9.74375,13.52315574,13.59565912,13.55940743,12.05459973,12.11965388,12.08712681,0.828336858,0.83305475,0.830695804
3/7/2018,9.674270833,9.723854167,9.6990625,13.41047423,13.48017903,13.44532663,12.00286782,12.06535825,12.03411304,0.813305661,0.817817844,0.815561752
3/13/2018,9.6028125,9.6528125,9.6278125,13.397844,13.47049984,13.43417192,11.87195709,11.93570266,11.90382988,0.815393907,0.820092138,0.817743022
3/14/2018,9.586145833,9.636145833,9.611145833,13.39568019,13.46844103,13.43206061,11.85135209,11.91413071,11.8827414,0.812660718,0.817315168,0.814987943
3/15/2018,9.556458333,9.606458333,9.581458333,13.33317067,13.4058126,13.36949164,11.79171394,11.85629088,11.82400241,0.80635011,0.810911099,0.808630605
3/16/2018,9.5228125,9.572395833,9.547604167,13.29575081,13.36976526,13.33275804,11.73686641,11.7989351,11.76790076,0.796461519,0.800943474,0.798702496
3/19/2018,9.481458333,9.531458333,9.506458333,13.30722677,13.38121435,13.34422056,11.65650488,11.72083431,11.68866959,0.788079089,0.792564367,0.790321728
3/20/2018,9.491979167,9.541979167,9.516979167,13.32199276,13.39598455,13.35898866,11.66943919,11.73377178,11.70160548,0.788953559,0.7934392,0.79119638
3/21/2018,9.5121875,9.5621875,9.5371875,13.36557466,13.43965453,13.40261459,11.67430772,11.73854138,11.70642455,0.792682292,0.798179257,0.795430774
3/22/2018,9.508541667,9.558541667,9.533541667,13.418454,13.49283742,13.45564571,11.70596565,11.77038821,11.73817693,0.802435666,0.807507047,0.804971356
3/23/2018,9.468020833,9.5178125,9.492916667,13.37831344,13.45057263,13.41444303,11.6816441,11.74498063,11.71331236,0.804734292,0.809613176,0.807173734
3/26/2018,9.447916667,9.497916667,9.472916667,13.41604167,13.49084083,13.45344125,11.722975,11.78786438,11.75541969,0.810458217,0.815096903,0.81277756
3/27/2018,9.4459375,9.4959375,9.4709375,13.33388538,13.40826375,13.37107456,11.69218144,11.75692022,11.72455083,0.809420523,0.814402873,0.811911698
3/28/2018,9.4446875,9.4946875,9.4696875,13.35951047,13.43118494,13.3953477,11.70291228,11.76866516,11.73578872,0.806810707,0.811712946,0.809261827
3/29/2018,9.449583333,9.499583333,9.474583333,13.28894904,13.36401383,13.32648144,11.64472154,11.71013638,11.67742896,0.795781191,0.800632387,0.798206789
4/3/2018,9.405208333,9.455208333,9.430208333,13.22654448,13.30064156,13.26359302,11.57216833,11.63557938,11.60387385,0.795480816,0.800048089,0.797764453
4/4/2018,9.298333333,9.348333333,9.323333333,13.07624617,13.1503005,13.11327333,11.44066933,11.504059,11.47236417,0.786441462,0.79100491,0.788723186
4/5/2018,9.355,9.404166667,9.379583333,13.108226,13.18182042,13.14502321,11.4608105,11.52386583,11.49233817,0.783789671,0.788239206,0.786014438
4/6/2018,9.380104167,9.429895833,9.405,13.147154,13.22165695,13.18440547,11.47937148,11.54407848,11.51172498,0.776845955,0.781487398,0.779166676
4/9/2018,9.393645833,9.443645833,9.418645833,13.27603966,13.34764902,13.31184434,11.56169929,11.62701675,11.59435802,0.775558808,0.780331168,0.777944988
4/10/2018,9.429895833,9.479895833,9.454895833,13.35556147,13.42732446,13.39144296,11.64875032,11.7124113,11.68058081,0.782362698,0.787687334,0.785025016
4/11/2018,9.44125,9.49125,9.46625,13.38580425,13.4585925,13.42219838,11.69393225,11.75681138,11.72537181,0.781056106,0.78551743,0.783286768
4/12/2018,9.481145833,9.530104167,9.505625,13.46322708,13.53465394,13.49894051,11.68077167,11.74204134,11.71140651,0.789437621,0.794175347,0.791806484
4/13/2018,9.4934375,9.543020833,9.518229167,13.48068125,13.55299819,13.51683972,11.695915,11.75795597,11.72693548,0.790461074,0.795251736,0.792856405
4/16/2018,9.525625,9.575520833,9.550572917,13.62450144,13.69969766,13.66209955,11.78319813,11.84779193,11.81549503,0.788121044,0.79257715,0.790349097
4/17/2018,9.539895833,9.589895833,9.564895833,13.64491301,13.72026397,13.68258849,11.80085115,11.86557811,11.83321463,0.789301769,0.793766985,0.791534377
4/18/2018,9.500104167,9.550104167,9.525104167,13.51484819,13.58788821,13.5513682,11.77347909,11.83830913,11.80589411,0.794017699,0.7985304,0.79627405
4/19/2018,9.4734375,9.5234375,9.4984375,13.47691219,13.55089922,13.5139057,11.72432625,11.79001563,11.75717094,0.793420226,0.797641233,0.79553073
4/20/2018,9.44996875,9.499895833,9.474932292,13.25925115,13.3331038,13.29617748,11.60645162,11.66967204,11.63806183,0.784229772,0.788864092,0.786546932
4/23/2018,9.474479167,9.523854167,9.499166667,13.22353057,13.2962528,13.25989169,11.59013036,11.65434034,11.62223535,0.774913439,0.77927048,0.77709196
4/24/2018,9.510833333,9.560833333,9.535833333,13.2790255,13.35265983,13.31584267,11.61558075,11.68142617,11.64850346,0.77108196,0.775450008,0.773265984
4/25/2018,9.539479167,9.589479167,9.564479167,13.29612606,13.36965185,13.33288896,11.61717773,11.68190352,11.64954063,0.761939231,0.766545097,0.764242164
4/26/2018,9.6790625,9.728854167,9.703958333,13.53132938,13.60482967,13.56807952,11.79200184,11.85655457,11.82427821,0.782178068,0.786519598,0.784348833
4/27/2018,9.700104167,9.750104167,9.725104167,13.33764323,13.40931826,13.37348074,11.70317568,11.76447569,11.73382568,0.782417901,0.786768246,0.784593073
4/30/2018,9.856666667,9.906666667,9.881666667,13.52728933,13.59888133,13.56308533,11.90093933,11.96329067,11.932115,0.792750767,0.797092704,0.794921736
5/1/2018,9.856666667,9.906666667,9.881666667,13.52728933,13.59888133,13.56308533,11.90093933,11.96329067,11.932115,0.792750767,0.797092704,0.794921736
5/2/2018,9.856666667,9.906666667,9.881666667,13.52728933,13.59888133,13.56308533,11.90093933,11.96329067,11.932115,0.792750767,0.797092704,0.794921736
5/3/2018,9.929375,9.979166667,9.954270833,13.55756863,13.62954583,13.59355723,11.92120763,11.98597708,11.95359235,0.787308314,0.791570158,0.789439236
5/4/2018,9.928541667,9.978541667,9.953541667,13.50579523,13.57780165,13.54179844,11.91027858,11.97624571,11.94326215,0.785709669,0.790122944,0.787916306
5/7/2018,10.0109375,10.06072917,10.03583333,13.56482031,13.63631231,13.60056631,11.97408234,12.0356503,12.00486632,0.794046203,0.798470569,0.796258386
5/8/2018,10.02302083,10.07291667,10.04796875,13.57117021,13.64275833,13.60696427,11.94142702,12.00490208,11.97316455,0.798240008,0.802917138,0.800578573
5/9/2018,9.9504,9.9994,9.9749,13.43104992,13.50118988,13.4661199,11.79719424,11.85828846,11.82774135,0.789682949,0.794321847,0.792002398
5/10/2018,9.8746875,9.924270833,9.899479167,13.42167525,13.49303863,13.45735694,11.73112875,11.79400346,11.7625661,0.78566328,0.789922541,0.78779291
5/11/2018,9.832291667,9.882291667,9.857291667,13.32668813,13.39841104,13.36254958,11.7210749,11.78463281,11.75285385,0.798237602,0.802785676,0.800511639
5/14/2018,9.881145833,9.930416667,9.90578125,13.42353661,13.49444321,13.45898991,11.84452951,11.90557654,11.87505303,0.80509283,0.809404071,0.807248451
5/15/2018,9.942604167,9.992604167,9.967604167,13.50702776,13.5789498,13.54298878,11.91819961,11.98013314,11.94916638,0.810100313,0.814472823,0.812286568
5/16/2018,9.970833333,10.02083333,9.995833333,13.42473,13.49605833,13.46039417,11.73367667,11.79452083,11.76409875,0.799207539,0.803537302,0.80137242
5/17/2018,10.07583333,10.12583333,10.10083333,13.61043567,13.68303858,13.64673713,11.88948333,11.95253367,11.9210085,0.804303633,0.808617624,0.806460628
5/18/2018,10.131875,10.181875,10.156875,13.66992575,13.73840394,13.70416484,11.93433556,11.99526694,11.96480125,0.798722517,0.803119996,0.800921257
5/21/2018,10.1475,10.1975,10.1725,13.62098925,13.69218325,13.65658625,11.94056325,12.00347725,11.97202025,0.791351478,0.7959335,0.793642489
5/22/2018,10.17947917,10.22947917,10.20447917,13.67816616,13.74739705,13.7127816,11.98939056,12.05237235,12.02088146,0.80845339,0.813070125,0.810761758
5/23/2018,10.208125,10.258125,10.233125,13.59313925,13.66587413,13.62950669,11.94248544,12.00405788,11.97327166,0.807604826,0.812312425,0.809958626
5/24/2018,10.2747,10.3247,10.2997,13.7578233,13.82787071,13.79284701,12.04708575,12.10984063,12.07846319,0.82719061,0.831885716,0.829538163
5/25/2018,10.2747,10.3247,10.2997,13.7578233,13.82787071,13.79284701,12.04708575,12.10984063,12.07846319,0.82719061,0.831885716,0.829538163
5/28/2018,10.3311,10.3811,13.8333429,13.8333429,13.90340723,13.86837507,12.11321475,12.17599219,12.14460347,0.831731234,0.836429999,0.834080616
5/29/2018,10.2974,10.3472,13.67288772,13.67288772,13.7410816,13.70698466,11.91203232,11.9717104,11.94187136,0.817137234,0.821414963,0.819276098
5/30/2018,10.2642,10.314,10.2891,13.64214822,13.7114316,13.67678991,11.94034386,12.0024018,11.97137283,0.817499761,0.822219211,0.819859486
5/31/2018,10.2945,10.3442,10.31935,13.72771575,13.79709396,13.76240486,12.0363294,12.09857632,12.06745286,0.81851793,0.823228867,0.820873398
6/1/2018,10.293,10.343,10.318,13.6979244,13.7654987,13.73171155,12.0098724,12.0713153,12.04059385,0.809675516,0.814088941,0.811882229
6/4/2018,10.2215,10.2715,10.2465,13.68352205,13.75456565,13.71904385,11.99901885,12.06182245,12.03042065,0.814981662,0.81994891,0.817465286
6/5/2018,10.0502,10.0996,10.0749,13.42304712,13.49205564,13.45755138,11.73059344,11.791283,11.76093822,0.791397951,0.795914668,0.79365631
6/6/2018,10.0882,10.1382,10.1132,13.5333203,13.60647822,13.56989926,11.8738114,11.9377305,11.90577095,0.789374022,0.793907596,0.791640809
6/7/2018,10.0978,10.1478,10.1228,13.57447254,13.64473188,13.60960221,11.94165828,12.00383262,11.97274545,0.790898766,0.795126347,0.793012557
6/8/2018,10.106,10.156,10.131,13.5390082,13.60904,13.5740241,11.8715182,11.9353312,11.9034247,0.773374964,0.777796499,0.775585731
6/11/2018,10.132,10.1801,10.15605,13.5393916,13.60773967,13.57356564,11.9314432,11.99012178,11.96078249,0.76920741,0.773152578,0.771179994
6/12/2018,10.12614583,10.17427083,10.15020833,13.53359391,13.60198268,13.56778829,11.92758718,11.98834332,11.95796525,0.768442105,0.772533852,0.770487978
6/13/2018,10.0439,10.0926,10.06825,13.39253626,13.4635284,13.42803233,11.81463957,11.87596242,11.845301,0.758013026,0.761975946,0.759994486
6/14/2018,9.929,9.9777,9.95335,13.2244351,13.29428748,13.25936129,11.5921075,11.6539536,11.62303055,0.753075558,0.757177006,0.755126282
6/15/2018,9.9169,9.9663,9.9416,13.16765982,13.23823629,13.20294806,11.49963724,11.560908,11.53027262,0.737820665,0.741981834,0.73990125
6/18/2018,9.9233,9.9731,9.9482,13.14738017,13.21734943,13.1823648,11.52293596,11.58475296,11.55384446,0.736849531,0.741097702,0.738973617
6/19/2018,9.9246,9.974,9.9493,13.0657359,13.135758,13.10074695,11.46092808,11.51997,11.49044904,0.716293169,0.720118407,0.718205788
6/20/2018,9.9873,10.036,10.01165,13.15627029,13.2244372,13.19035375,11.56129848,11.6206844,11.59099144,0.730295341,0.73416777,0.732231556
6/21/2018,10.0447,10.0947,10.0697,13.27005317,13.34014605,13.30509961,11.58957486,11.65029327,11.61993407,0.735067691,0.738861848,0.73696477
6/22/2018,10.0293,10.0793,10.0543,13.32994263,13.40042935,13.36518599,11.68814622,11.75044794,11.71929708,0.744532538,0.748633352,0.746582945
6/25/2018,9.866,9.9158,9.8909,13.1010614,13.1681824,13.1346219,11.533354,11.59454494,11.56394947,0.728876543,0.733368341,0.731122442
6/26/2018,9.8584,9.9084,9.8834,13.05054992,13.12070328,13.0856266,11.5047528,11.56508448,11.53491864,0.727020649,0.730977499,0.728999074
6/27/2018,9.9193,9.9693,9.9443,13.0637181,13.13355582,13.09863696,11.51729923,11.57834502,11.54782213,0.722422909,0.726593589,0.724508249
6/28/2018,9.9349,9.9849,9.9599,12.98590779,13.05525675,13.02058227,11.50064024,11.5625,11.53157012,0.715281328,0.719140048,0.717210688
6/29/2018,9.9264,9.9764,9.9514,13.05420864,13.1239542,13.08908142,11.56624128,11.62849184,11.59736656,0.719872943,0.724286886,0.722079915
7/2/2018,9.9264,9.9764,9.9514,13.05420864,13.1239542,13.08908142,11.56624128,11.62849184,11.59736656,0.719872943,0.724286886,0.722079915
7/3/2018,9.9264,9.9764,9.9514,13.05420864,13.1239542,13.08908142,11.56624128,11.62849184,11.59736656,0.719872943,0.724286886,0.722079915
7/4/2018,9.8941,9.9441,9.9191,13.0701061,13.14112815,13.10561713,11.51376417,11.57692122,11.5453427,0.721391439,0.725703693,0.723547566
7/5/2018,9.8190625,9.8690625,9.8440625,12.99651113,13.06762566,13.03206839,11.49124884,11.55173766,11.52149325,0.723053203,0.727404643,0.725228923
7/6/2018,9.727,9.777,9.752,12.8902204,12.9633243,12.92677235,11.4224161,11.4860196,11.45421785,0.718830598,0.723134842,0.72098272
7/9/2018,9.7153,9.7653,9.7403,12.96215326,13.03276938,12.99746132,11.43685116,11.50059381,11.46872249,0.727350997,0.731406444,0.729378721
7/10/2018,9.6864,9.7364,9.7114,12.83835456,12.90851912,12.87343684,11.3427744,11.40424532,11.37350986,0.721401335,0.725514158,0.723457746
7/11/2018,9.7517,9.8017,9.7767,12.9307542,13.00195505,12.96635463,11.45142131,11.51503716,11.48322924,0.726627175,0.730919233,0.728773204
7/12/2018,9.8513,9.9013,9.8763,13.01061191,13.08456795,13.04758993,11.48957119,11.55184671,11.52070895,0.735045477,0.739565282,0.73730538
7/13/2018,9.8708,9.9208,9.8958,12.9850374,13.0557728,13.0204051,11.49059828,11.55376368,11.52218098,0.740995421,0.745062109,0.743028765
7/16/2018,9.9297,9.9785,9.9541,13.17075408,13.2414695,13.20611179,11.62668573,11.6888149,11.65775032,0.751538316,0.756015698,0.753777007
7/17/2018,9.9963,10.0463,10.0213,13.14913302,13.2209308,13.18503191,11.69267211,11.75618026,11.72442619,0.753550537,0.758211321,0.755880929
7/18/2018,9.994715278,10.0446875,10.01970139,13.03510767,13.10429931,13.06970349,11.61785704,11.67795369,11.64790536,0.749105491,0.753483422,0.751294456
7/19/2018,9.872291667,9.922291667,9.897291667,12.80929844,12.87715013,12.84322428,11.43902435,11.50092827,11.46997631,0.733454061,0.737716853,0.735585457
7/20/2018,9.8425,9.8925,9.8675,12.86710025,12.93642225,12.90176125,11.51867775,11.5801605,11.54941913,0.733792085,0.737965401,0.735878743
7/23/2018,9.8322,9.8809,9.85655,12.98646687,12.95200562,12.96923624,11.5233384,11.58436716,11.55385278,0.727373607,0.731788423,0.729581015
7/24/2018,9.8471875,9.8971875,9.8721875,12.99104831,12.95626388,12.97365609,11.5172705,11.57871966,11.54799508,0.736789188,0.740946098,0.738867643
7/25/2018,9.9265625,9.9765625,9.9515625,13.13913281,13.1042225,13.12167766,11.62201938,11.68355234,11.65278586,0.754601967,0.758691263,0.756646615
7/27/2018,9.9571875,10.0071875,9.9821875,13.11742138,13.0831578,13.10028959,11.58817481,11.64836625,11.61827053,0.753641548,0.758120265,0.755880907
7/30/2018,9.980833333,10.03,10.00541667,13.168387,13.13461442,13.15150071,11.67258458,11.731088,11.70183629,0.758208812,0.762158055,0.760183433
7/31/2018,9.939270833,9.989270833,9.964270833,13.12490295,13.08957063,13.10723679,11.64484971,11.70842434,11.67663703,0.755476147,0.759854167,0.757665157
8/1/2018,9.859166667,9.909166667,9.884166667,13.01767225,12.98285792,13.00026508,11.523394,11.58480675,11.55410038,0.740616932,0.750575035,0.745595984
8/2/2018,9.901145833,9.951145833,9.926145833,12.98425508,12.94965485,12.96695497,11.50513146,11.5662168,11.53567413,0.737625407,0.741670828,0.739648117
8/3/2018,9.936875,9.986875,9.961875,12.98593356,12.95243238,12.96918297,11.49795806,11.55980781,11.52888294,0.743967402,0.748271095,0.746119249
8/7/2018,9.926875,9.976666667,9.951770833,12.86324463,12.93175533,12.89749998,11.51914575,11.57891933,11.54903254,0.746375967,0.750548555,0.748462261
8/8/2018,9.9243,9.9743,9.9493,12.76761195,12.83792153,12.80276674,11.49630912,11.55921627,11.5277627,0.738547062,0.742654833,0.740600947
8/9/2018,9.9384,9.9884,9.9634,12.8105976,12.8800418,12.8453197,11.5235748,11.58554516,11.55455998,0.736205045,0.740572683,0.738388864
8/10/2018,9.9667,10.016,9.99135,12.7274759,12.79544,12.76145795,11.41785152,11.4793376,11.44859456,0.718579668,0.723229114,0.720904391
8/13/2018,9.996979167,10.04677083,10.021875,12.7661424,12.83274039,12.79944139,11.41155172,11.47240761,11.44197967,0.700372652,0.704389006,0.702380829
8/14/2018,10.0575,10.10729167,10.08239583,12.845439,12.91105438,12.87824669,11.45649825,11.51422667,11.48536246,0.711254906,0.715621268,0.713438087
8/15/2018,10.1465625,10.1965625,10.1715625,12.86076797,12.92822159,12.89449478,11.47677684,11.53741047,11.50709366,0.693663476,0.697677899,0.695670688
8/16/2018,10.17916667,10.22875,10.20395833,12.92754167,12.99358113,12.9605614,11.5737125,11.6321345,11.6029235,0.697771928,0.701810659,0.699791294
8/17/2018,10.19542083,10.24520833,10.22031458,12.94818446,13.01448815,12.9813363,11.59219349,11.65085092,11.6215222,0.698886136,0.702939892,0.700913014
8/20/2018,10.205,10.255,10.23,13.02158,13.089482,13.055531,11.658192,11.719414,11.688803,0.700065856,0.703964304,0.70201508
8/21/2018,10.0921875,10.1421875,10.1171875,12.94726734,13.01546922,12.98136828,11.6100525,11.66858672,11.63931961,0.69927299,0.703283187,0.701278089
8/22/2018,10.01729167,10.06729167,10.04229167,12.94534602,13.01499467,12.98017034,11.63308081,11.69517273,11.66412677,0.698775185,0.70334733,0.701061257
8/23/2018,10.0146875,10.0646875,10.0396875,12.87888813,12.94520106,12.91204459,11.30257631,11.3594089,11.33099261,0.701800105,0.705580852,0.703690478
8/24/2018,10.11791667,10.16791667,10.14291667,13.00658188,13.07594083,13.04126135,11.73981871,11.7988505,11.7693346,0.710917263,0.715581814,0.713249538
8/27/2018,10.21427083,10.26333333,10.23880208,13.15495941,13.22019967,13.18757954,11.88532554,11.94754633,11.91643594,0.716162723,0.720107583,0.718135153
8/28/2018,10.2384375,10.2884375,10.2634375,13.23010894,13.300892,13.26550047,11.99228184,12.05496222,12.02362203,0.723564488,0.728642882,0.726103685
8/29/2018,10.17,10.22,10.195,13.092858,13.15825,13.125554,11.871441,11.93185,11.9016455,0.702003852,0.705640289,0.70382207
8/30/2018,10.15229167,10.20229167,10.17729167,13.2233599,13.29256581,13.25796285,11.86701373,11.92647896,11.89674634,0.696316301,0.700225921,0.698271111
8/31/2018,10.25489583,10.30489583,10.27989583,13.31393126,13.38296822,13.34844974,11.94285169,12.00520365,11.97402767,0.695874642,0.699471629,0.697673136
9/3/2018,10.26802083,10.31802083,10.6974,13.21699642,13.28548363,13.25124002,11.9252794,11.9864448,11.9558621,0.692148354,0.696485908,0.694317131
9/4/2018,10.2814,10.3307,10.6974,13.20028946,13.26565187,13.23297067,11.87296072,11.9319585,11.90245961,0.674163639,0.677756274,0.675959957
9/5/2018,10.2943,10.3443,10.6974,13.19317488,13.2613926,13.22728374,11.91976997,11.98180269,11.95078633,0.663934215,0.667697273,0.665815744
9/6/2018,10.2726,10.3226,10.6974,13.3081533,13.37602508,13.34208919,11.96141544,12.02376448,11.99258996,0.671192421,0.675562827,0.673377624
9/7/2018,10.2267,10.2767,10.6974,13.30800471,13.37718039,13.34259255,11.87626671,11.93947006,11.90786839,0.676494324,0.680382408,0.678438366
9/10/2018,10.2653125,10.31447917,10.6974,13.35927769,13.42738898,13.39333333,11.9077625,11.96789018,11.93782634,0.677037647,0.680936073,0.67898686
9/11/2018,10.28583333,10.33541667,10.6974,13.367469,13.43604167,13.40175533,11.91408075,11.97254667,11.94331371,0.677760792,0.682376878,0.680068835
9/12/2018,10.29875,10.34875,10.6974,13.39867375,13.46889813,13.43378594,11.93934088,12.00144538,11.97039313,0.684215946,0.688136686,0.686176316
9/13/2018,10.33354167,10.38354167,10.6974,13.5297061,13.59828617,13.56399614,12.08197692,12.14251363,12.11224527,0.705260111,0.7092244,0.707242255
9/14/2018,10.49520833,10.54520833,10.6974,13.76446573,13.83320429,13.79883501,12.27414615,12.33683923,12.30549269,0.707600969,0.71135572,0.709478345
9/17/2018,10.6724,10.7224,10.6974,14.01392844,14.08494464,14.04943654,12.45789252,12.52054648,12.4892195,0.711441161,0.715843164,0.713642162
9/18/2018,10.8564,10.9064,10.8814,14.25879576,14.33319088,14.29599332,12.68787468,12.75176288,12.71981878,0.726725038,0.730570851,0.728647944
9/19/2018,11.0616,11.1116,11.0866,14.52498696,14.59953124,14.5622591,12.90778104,12.97057068,12.93917586,0.754542974,0.758605623,0.756574298
9/20/2018,11.3352,11.385,11.3601,15.05087856,15.121557,15.08621778,13.33246224,13.3944525,13.36345737,0.785530146,0.790032476,0.787781311
9/21/2018,11.5731,11.6231,11.5981,15.21283995,15.2843765,15.24860823,13.60070712,13.66760329,13.63415521,0.804106305,0.809171412,0.806638859
9/24/2018,11.7831,11.8331,11.8081,15.49831143,15.57117629,15.53474386,13.86046053,13.92400877,13.89223465,0.826820386,0.831495808,0.829158097
9/25/2018,11.8967,11.9467,11.9217,15.6441605,15.71468918,15.67942484,14.00360557,14.06962859,14.03661708,0.82501387,0.828670916,0.826842393
9/26/2018,11.9764,12.0264,12.0014,15.76573296,15.83997144,15.8028522,14.05191012,14.11418304,14.08304658,0.837463638,0.842184874,0.839824256
9/27/2018,12.0918,12.1418,12.1168,15.89829864,15.97132372,15.93481118,14.15707944,14.21926198,14.18817071,0.855753715,0.859986118,0.857869917
9/28/2018,12.2638,12.3138,12.2888,15.9919952,16.0633521,16.02767365,14.19412212,14.25691764,14.22551988,0.863301351,0.867303385,0.865302368
10/1/2018,12.4039,12.4539,12.4289,16.13995468,16.20999624,16.17497546,14.38976439,14.45150556,14.42063498,0.875480834,0.879543769,0.877512301
10/2/2018,12.187,12.2369,12.21195,15.7955707,15.86636454,15.83096762,14.0589232,14.12015891,14.08954106,0.848086291,0.852704049,0.85039517
10/3/2018,11.6469,11.6969,11.6719,15.12582903,15.19895186,15.16239045,13.44285198,13.50524074,13.47404636,0.809374566,0.813793631,0.811584098
10/4/2018,11.41260417,11.46260417,11.43760417,14.85008054,14.91972558,14.88490306,13.13704866,13.1991887,13.16811868,0.776917286,0.780852623,0.778884955
10/5/2018,11.56145833,11.61145833,11.58645833,15.09232771,15.16456458,15.12844615,13.30261396,13.36478854,13.33370125,0.783912718,0.788072372,0.785992545
10/8/2018,12.03458333,12.08458333,12.05958333,15.69430013,15.7631305,15.72871531,13.80968438,13.87068475,13.84018456,0.808715978,0.81279692,0.810756449
10/9/2018,12.33458333,12.38458333,12.35958333,16.08676358,16.15816588,16.12246473,14.09966221,14.1630095,14.13133585,0.819029438,0.823443041,0.821236239
10/10/2018,12.28125,12.33125,12.30625,16.14984375,16.22052625,16.185185,14.12220938,14.18340375,14.15280656,0.840134216,0.844421086,0.842277651
10/11/2018,12.2315625,12.2815625,12.2565625,16.17991088,16.2509635,16.21543719,14.15436413,14.21713675,14.18575044,0.837669242,0.841762164,0.839715703
10/12/2018,12.21302083,12.26302083,12.23802083,16.09431885,16.16511406,16.12971646,14.12069469,14.18095729,14.15082599,0.845560406,0.849804637,0.847682521
10/15/2018,12.19072917,12.24072917,12.21572917,16.03934236,16.11002366,16.07468301,14.11686438,14.17966067,14.14826252,0.845070199,0.848865761,0.84696798
10/16/2018,12.11270833,12.16270833,12.13770833,16.02269058,16.09004685,16.05636872,14.06769946,14.12698573,14.09734259,0.850731025,0.85544439,0.853087707
10/17/2018,11.815,11.865,11.84,15.4882835,15.557388,15.52283575,13.6286025,13.687464,13.65803325,0.829012272,0.834276714,0.831644493
10/19/2018,11.82458333,11.87458333,11.84958333,15.40506717,15.47258208,15.43882463,13.56161463,13.62133454,13.59147458,0.823461888,0.827191583,0.825326736
10/22/2018,11.70354167,11.75354167,11.72854167,15.24737408,15.31486479,15.28111944,13.42279194,13.48248765,13.45263979,0.815032568,0.818759738,0.816896153
10/23/2018,11.57947917,11.62947917,11.60447917,15.07300803,15.14274482,15.10787643,13.28282055,13.3413385,13.31207953,0.806769306,0.810902643,0.808835974
10/25/2018,11.63729167,11.68645833,11.661875,15.00977879,15.07786854,15.04382367,13.294442,13.35528458,13.32486329,0.802167989,0.806669175,0.804418582
10/26/2018,11.54802083,11.59802083,11.57302083,14.89463727,14.96376648,14.92920188,13.192459,13.25421821,13.2233386,0.796014478,0.80056469,0.798289584
10/29/2018,11.55489583,11.60489583,11.57989583,14.80528803,14.87399499,14.83964151,13.14138303,13.19940852,13.17039578,0.797439326,0.801443082,0.799441204
10/30/2018,11.6157,11.6657,11.6407,14.81931006,14.88659977,14.85295492,13.2070509,13.26973375,13.23839233,0.794279345,0.798255098,0.796267222
10/31/2018,11.7811,11.8311,11.8061,15.00794329,15.07637073,15.04215701,13.33384898,13.39753764,13.36569331,0.794110114,0.798125961,0.796118037
11/1/2018,11.8246875,11.8746875,11.8496875,15.27394884,15.34447119,15.30921002,13.479,13.5995,13.53925,0.812252282,0.81620265,0.814227466
11/2/2018,11.82989583,11.87989583,11.85489583,15.37294964,15.4414886,15.40721912,13.51329001,13.57515697,13.54422349,0.824474912,0.828889699,0.826682306
11/5/2018,11.73854167,11.78854167,11.76354167,15.24484406,15.31331563,15.27907984,13.34672188,13.40828729,13.37750458,0.817225243,0.821455366,0.819340304
11/6/2018,11.5921875,11.7290625,11.61713542,15.16026281,15.23017342,15.19521811,13.18031719,13.24170558,13.21101139,0.807036216,0.811249779,0.809142998
11/7/2018,11.61989583,11.66958333,11.64473958,15.28364899,15.35016992,15.31690945,13.35126031,13.40951821,13.38038926,0.833433449,0.83754393,0.83548869
11/8/2018,11.66989583,11.71989583,11.69489583,15.31207032,15.38236328,15.3472168,13.32352007,13.38177706,13.35264857,0.833611623,0.837685896,0.83564876
11/9/2018,11.738125,11.788125,11.763125,15.28890781,15.35639044,15.32264913,13.32394569,13.38659475,13.35527022,0.821893949,0.825921164,0.823907557
11/12/2018,11.8289,11.8789,11.8539,15.21669696,15.28576852,15.25123274,13.32289007,13.38395663,13.35342335,0.823143406,0.827054425,0.825098915
11/13/2018,11.8961,11.9459,11.921,15.38641574,15.45680001,15.42160788,13.39025016,13.45347258,13.42186137,0.824400554,0.828736143,0.826568348
11/14/2018,11.8922,11.942,11.9171,15.39802056,15.4672784,15.43264948,13.41678004,13.4777412,13.44726062,0.826852077,0.831360864,0.829106471
11/15/2018,11.88,11.93,11.905,15.240852,15.308576,15.274714,13.433904,13.496409,13.4651565,0.834000253,0.837980979,0.835990616
11/16/2018,11.8408,11.8908,11.8658,15.17635336,15.24519468,15.21077402,13.42036272,13.48297812,13.45167042,0.831785549,0.835867479,0.833826514
11/19/2018,11.8318,11.8818,11.8568,15.15535262,15.22533852,15.19034557,13.50718288,13.57139196,13.53928742,0.845080281,0.849203456,0.847141869
11/20/2018,11.8441,11.8941,11.8691,15.21729968,15.28629732,15.2517985,13.53662189,13.59733512,13.56697851,0.841313814,0.845935008,0.843624411
11/21/2018,11.8618,11.9118,11.8868,15.18547636,15.25544226,15.22045931,13.52719672,13.59255498,13.55987585,0.850985372,0.85521054,0.853097956
11/22/2018,11.8448,11.8944,11.8696,15.2383352,15.31047168,15.27440344,13.5089944,13.57269984,13.54084712,0.856481749,0.86062211,0.85855193
11/23/2018,11.8340625,11.8840625,11.8590625,15.18310219,15.25200581,15.217554,13.42692731,13.48841094,13.45766913,0.85321287,0.858055054,0.855633962
11/26/2018,11.85458333,11.90458333,11.87958333,15.23076867,15.2997705,15.26526958,13.46799213,13.52717804,13.49758508,0.855969856,0.860170186,0.858070021
11/27/2018,11.86583333,11.91520833,11.89052083,15.13368383,15.20142279,15.16755331,13.44398917,13.50231408,13.47315163,0.851207556,0.857826374,0.854516965
11/28/2018,11.8865625,11.9365625,11.9115625,15.20172478,15.27044441,15.23608459,13.4080425,13.46921713,13.43862981,0.852425526,0.856662396,0.854543961
11/29/2018,11.95572917,12.00572917,11.98072917,15.26148828,15.32771443,15.29460135,13.60203307,13.66372036,13.63287672,0.875909679,0.879895135,0.877902407
11/30/2018,11.92145833,11.97145833,11.94645833,15.20939654,15.27797513,15.24368583,13.54992954,13.61035098,13.58014026,0.867646167,0.871919762,0.869782964
12/3/2018,11.8525,11.9025,11.8775,15.07282425,15.14117025,15.10699725,13.435994,13.4950545,13.46552425,0.867146118,0.871078227,0.869112172
12/4/2018,11.7609375,11.8109375,11.7859375,15.06928922,15.13453531,15.10191227,13.41570141,13.47864188,13.44717164,0.865156503,0.86953821,0.867347356
12/5/2018,11.7925,11.8425,11.8175,15.06256025,15.12879375,15.095677,13.39038375,13.44952725,13.4199555,0.857062911,0.86122262,0.859142765
12/6/2018,11.81729167,11.86604167,11.84166667,15.06231996,15.12920313,15.09576154,13.40789913,13.46558408,13.4367416,0.840579839,0.844425902,0.842502871
12/7/2018,11.83145833,11.88145833,11.85645833,15.11350488,15.18093931,15.14722209,13.45473442,16.30136083,14.87804763,0.837026857,0.840879442,0.83895315
12/10/2018,11.8284375,11.87708333,11.85276042,14.96652197,15.03401208,15.00026703,13.50452709,13.56362917,13.53407813,0.829460429,0.833175496,0.831317963
12/11/2018,11.89395833,11.94395833,11.91895833,14.99828146,15.06610904,15.03219525,13.530567,13.59222458,13.56139579,0.830850576,0.83473983,0.832795203
12/12/2018,11.915625,11.965,11.9403125,14.99343094,15.0603455,15.02688822,13.50874406,13.5671135,13.53792878,0.8354045,0.839749303,0.837576902
12/13/2018,11.9453125,11.9953125,11.9703125,15.11679297,15.18486609,15.15082953,13.58182031,13.64466797,13.61324414,0.84121919,0.84593177,0.84357548
12/14/2018,11.98333333,12.03333333,12.00833333,15.05586,15.12349333,15.08967667,13.52558833,13.58322667,13.5544075,0.833414472,0.837736672,0.835575572
12/17/2018,11.965,12.0147,11.98985,15.09983,15.16855875,15.13419438,13.570703,13.63187862,13.60129081,0.833101239,0.836987189,0.835044214
12/18/2018,11.9542,12.0042,11.9792,15.1639027,15.23212938,15.19801604,13.60268418,13.66558128,13.63413273,0.834435052,0.839096609,0.836765831
12/19/2018,11.9202,11.9702,11.9452,15.0552126,15.12315068,15.08918164,13.58664396,13.64722502,13.61693449,0.835332866,0.839625156,0.837479011
12/20/2018,11.89270833,11.94270833,11.91770833,15.06806146,15.1338,15.10093073,13.61834031,13.67678958,13.64756495,0.836595595,0.840467595,0.838531595
12/21/2018,11.8715625,11.9215625,11.8965625,15.01515225,15.08316088,15.04915656,13.54426566,13.60369497,13.57398031,0.821993748,0.825867498,0.823930623
12/24/2018,11.8965,11.9465,11.9215,15.04074495,15.10873855,15.07474175,13.5596307,13.6213993,13.590515,0.814644635,0.818780585,0.81671261
12/26/2018,11.9059375,11.9559375,11.9309375,15.10149113,15.16610672,15.13379892,13.5441945,13.60585688,13.57502569,0.814159133,0.819258956,0.816709045
12/27/2018,11.92052083,11.97052083,11.94552083,15.06157807,15.12954128,15.09555968,13.5584004,13.62125566,13.58982803,0.821215707,0.825513309,0.823364508
12/28/2018,11.90697917,11.95697917,11.93197917,15.09924028,15.16742807,15.13333418,13.63349115,13.69552394,13.66450754,0.828876672,0.833535205,0.831205939
12/31/2018,11.8998,11.9498,11.9248,15.22817406,15.29813396,15.26315401,13.62408102,13.68610594,13.65509348,0.827875524,0.831811221,0.829843373
1/2/2019,11.91395833,11.96395833,11.93895833,15.08902823,15.15594242,15.12248532,13.62241996,13.68437554,13.65339775,0.820526197,0.824338772,0.822432485
1/3/2019,11.9364,11.9864,11.9614,14.98137564,15.0489252,15.01515042,13.53349032,13.59617352,13.56483192,0.820737787,0.824498893,0.82261834
1/4/2019,11.93927083,11.9890625,11.96416667,15.12825007,15.19613672,15.1621934,13.62390195,13.68551484,13.6547084,0.844953032,0.849077733,0.847015382
1/7/2019,11.9,11.94979167,11.92489583,15.16893,15.23717935,15.20305468,13.61836,13.67653656,13.64744828,0.855364356,0.859184204,0.85727428
1/8/2019,11.8927,11.9427,11.9177,15.15843542,15.22813677,15.1932861,13.61357369,13.67678004,13.64517687,0.848405944,0.852282945,0.850344445
1/9/2019,11.8841,11.9334,11.90875,15.13440135,15.20195826,15.16817981,13.60967132,13.67328972,13.64148052,0.848621822,0.852934029,0.850777926
1/10/2019,11.9024,11.952,11.9272,15.1517552,15.2220672,15.1869112,13.72703792,13.7902176,13.75862776,0.856990625,0.861082693,0.859036659
1/11/2019,11.89558824,11.94558824,11.92058824,15.23824853,15.30349309,15.27087081,13.710855,13.77087412,13.74086456,0.85947056,0.863707159,0.86158886
1/14/2019,11.877,11.927,11.902,15.2607573,15.3309658,15.29586155,13.6122297,13.6731128,13.64267125,0.855395829,0.859281567,0.857338698
1/15/2019,11.8865,11.9365,11.9115,15.25156815,15.32527235,15.28842025,13.58270355,13.6458068,13.61425518,0.859509451,0.863687013,0.861598232
1/16/2019,11.8826,11.9326,11.9076,15.26438796,15.33458426,15.29948611,13.52715184,13.58765162,13.55740173,0.864553775,0.868722608,0.866638192
1/17/2019,11.8888,11.9388,11.9138,15.33179648,15.40224588,15.36702118,13.55442088,13.6162014,13.58531114,0.864948236,0.868851385,0.866899811
1/18/2019,11.89186275,11.94166667,11.91676471,15.37261097,15.44296333,15.40778715,13.55791272,13.61947083,13.58869177,0.861180026,0.86511875,0.863149388
1/21/2019,11.9012,11.9508,11.926,15.31565428,15.38545992,15.3505571,13.52095332,13.58447436,13.55271384,0.85868483,0.862886107,0.860785468
1/22/2019,11.9144,11.9644,11.9394,15.3636188,15.43287956,15.39824918,13.52522688,13.58916552,13.5571962,0.857687905,0.861733926,0.859710916
1/23/2019,11.9225,11.9725,11.9475,15.53144075,15.60375925,15.5676,13.54515225,13.6079435,13.57654788,0.860650117,0.864671428,0.862660773
1/24/2019,11.9303,11.9801,11.9552,15.53086454,15.60288224,15.56687339,13.53492535,13.59621549,13.56557042,0.862657903,0.867940795,0.865299349
1/25/2019,11.9238,11.973,11.9484,15.61540848,15.6834327,15.64942059,13.52397396,13.5857631,13.55486853,0.871852242,0.876340348,0.874096295
1/28/2019,11.92715686,11.97696078,11.95205882,15.6782477,15.74970343,15.71397556,13.61604227,13.67649152,13.6462669,0.873438849,0.877728816,0.875583833
1/29/2019,11.92794118,11.9777451,11.95284314,15.70194176,15.77229475,15.73711825,13.62290162,13.68577155,13.65433658,0.875535187,0.879713936,0.877624562
1/30/2019,11.9258,11.9756,11.9507,15.59179092,15.66288724,15.62733908,13.62045618,13.682123,13.65128959,0.874383207,0.879239964,0.876811585
1/31/2019,11.9184,11.9684,11.9434,15.65243472,15.72408392,15.68825932,13.68709056,13.75049476,13.71879266,0.897496913,0.901744208,0.89962056
2/1/2019,11.8826,11.9326,11.9076,15.51629908,15.58755538,15.55192723,13.62458916,13.68907872,13.65683394,0.893690631,0.898167175,0.895928903
2/4/2019,11.87791667,11.92770833,11.9028125,15.50305683,15.57400877,15.5385328,13.59190004,13.6548405,13.62337027,0.886431537,0.89048634,0.888458939
2/5/2019,11.8825,11.931875,11.9071875,15.461509,15.5305285,15.49601875,13.5721915,13.63336038,13.60277594,0.889655069,0.893686383,0.891670726
2/6/2019,11.87520833,11.925,11.90010417,15.38789496,15.4548,15.42134748,13.52467477,13.582575,13.55362489,0.882056015,0.886090058,0.884073036
2/7/2019,11.85803922,11.90803922,11.88303922,15.28856996,15.35779818,15.32318407,13.44464486,13.50609808,13.47537147,0.870608735,0.874491574,0.872550155
2/8/2019,11.78431373,11.83372549,11.80901961,15.27482745,15.3424251,15.30862627,13.36812549,13.42772831,13.3979269,0.865634387,0.86965368,0.867644034
2/11/2019,11.79676471,11.84656863,11.82166667,15.22254518,15.29273544,15.25764031,13.33860185,13.40083843,13.36972014,0.858608433,0.862848781,0.860728607
2/12/2019,11.855,11.905,11.88,15.26924,15.338402,15.303821,13.3878515,13.4490785,13.418465,0.860654548,0.865918943,0.863286745
2/13/2019,11.94009804,11.9895098,11.96480392,15.42302464,15.49164562,15.45733513,13.49947484,13.55773769,13.52860626,0.859791609,0.863791313,0.861791461
2/14/2019,11.87235294,11.92235294,11.89735294,15.20610965,15.27372635,15.239918,13.37539282,13.437684,13.40653841,0.839777396,0.843570666,0.841674031
2/15/2019,11.8434,11.8934,11.8684,15.15007728,15.22117332,15.1856253,13.31553462,13.37650698,13.3460208,0.836132585,0.840659613,0.838396099
2/18/2019,11.87382353,11.92382353,11.89882353,15.35285382,15.42108097,15.3869674,13.44829253,13.50969206,13.47899229,0.842712813,0.847464359,0.845088586
2/19/2019,11.90705882,11.95647059,11.93176471,15.41725976,15.48602071,15.45164024,13.44187871,13.49885529,13.470367,0.839116196,0.843192566,0.841154381
2/20/2019,11.91666667,11.96666667,11.94166667,15.53814167,15.60692667,15.57253417,13.51469167,13.57738,13.54603583,0.845933603,0.850086429,0.848010016
2/21/2019,11.91705882,11.96686275,11.94196078,15.57678759,15.64427967,15.61053363,13.52586176,13.58597927,13.55592052,0.853877707,0.857981083,0.855929395
2/22/2019,11.92068627,11.97068627,11.94568627,15.48735561,15.55830095,15.52282828,13.50852169,13.57116703,13.53984436,0.852354298,0.856327394,0.854340846
2/25/2019,11.9192,11.9688,11.944,15.57958632,15.649206,15.61439616,13.53067584,13.59296616,13.561821,0.858194071,0.862218508,0.86020629
2/26/2019,11.9408,11.9908,11.9658,15.76066192,15.8338514,15.79725666,13.56116656,13.62634512,13.59375584,0.860989134,0.865006024,0.862997579
2/27/2019,11.9965,12.0465,12.0215,15.9721401,16.04473335,16.00843673,13.6688121,13.73421465,13.70151338,0.865835703,0.869915294,0.867875499
2/28/2019,12.0175,12.0675,12.0425,15.97486275,16.04615475,16.01050875,13.71316925,13.776258,13.74471363,0.860384032,0.864588931,0.862486481
3/1/2019,11.9841,12.0341,12.0091,15.87054363,15.94157227,15.90605795,13.63670739,13.69961944,13.66816342,0.848107626,0.852466565,0.850287095
3/4/2019,11.9841,12.0341,12.0091,15.87054363,15.94157227,15.90605795,13.63670739,13.69961944,13.66816342,0.848107626,0.852466565,0.850287095
3/5/2019,11.99352941,12.04352941,12.01852941,15.82666141,15.89745882,15.86206012,13.59106753,13.65374929,13.62240841,0.842242234,0.846347815,0.844295025
3/6/2019,11.99941176,12.04941176,12.02441176,15.76482718,15.83533694,15.80008206,13.65533059,13.74837882,13.70185471,0.84795504,0.851831475,0.849893257
3/7/2019,11.99558824,12.04539216,12.0204902,15.75860426,15.83005437,15.79432932,13.55741382,13.61972491,13.58856937,0.843595336,0.847503107,0.845549221
3/8/2019,11.99558824,12.04539216,12.0204902,15.75860426,15.83005437,15.79432932,13.55741382,13.61972491,13.58856937,0.843595336,0.847503107,0.845549221
3/11/2019,11.99754902,12.04735294,12.02245098,15.74318382,15.81335547,15.77826965,13.5356348,13.59664253,13.56613867,0.83811616,0.841930572,0.840023366
3/12/2019,11.97460784,12.02401961,11.99931373,15.62207339,15.69134559,15.65670949,13.46065668,13.51860525,13.48963096,0.833317641,0.837169864,0.835243753
3/13/2019,11.94392157,11.99392157,11.96892157,15.72297835,15.79359592,15.75828714,13.49065941,13.55313137,13.52189539,0.831894241,0.836979872,0.834437057
3/14/2019,11.95,12,11.975,15.868405,15.9396,15.9040025,13.507085,13.5648,13.5359425,0.824422215,0.828729282,0.826575748
3/15/2019,11.95637255,12.00637255,11.98137255,15.85056309,15.92045,15.88550654,13.52385299,13.5840099,13.55393145,0.82675549,0.830890834,0.828823162
3/18/2019,11.96823529,12.01764706,11.99294118,15.85073082,15.91857529,15.88465306,13.58514388,13.64363471,13.61438929,0.826484217,0.836376781,0.831430499
3/19/2019,11.98156863,12.03156863,12.00656863,15.88037106,15.95265684,15.91651395,13.6098638,13.67026827,13.64006604,0.829449826,0.833355403,0.831402614
3/20/2019,11.99176471,12.04176471,12.01676471,15.84351953,15.91319206,15.87835579,13.62024635,13.68305724,13.65165179,0.829822483,0.833570864,0.831696674
3/21/2019,11.9954902,12.04529412,12.02039216,15.73448449,15.80101682,15.76775066,13.66406288,13.72320359,13.69363324,0.842226152,0.845936802,0.844081477
3/22/2019,11.99352941,12.04333333,12.01843137,15.78828212,15.857457,15.82286956,13.55148888,13.61257967,13.58203427,0.833665548,0.837529092,0.83559732
3/25/2019,12.01745098,12.06745098,12.04245098,15.86183355,15.93144878,15.89664117,13.59894753,13.65914776,13.62904765,0.833433962,0.837226715,0.835330338
3/26/2019,12.04254902,12.09137255,12.06696078,15.93590512,16.00534984,15.97062748,13.58881231,13.64874133,13.61877682,0.837165988,0.840268004,0.838716996
3/27/2019,12.1095098,12.1595098,12.1345098,16.01724862,16.08824742,16.05274802,13.63046424,13.69160804,13.66103614,0.82941848,0.833985583,0.831702031
3/28/2019,12.12264706,12.17264706,12.14764706,15.90006388,15.96929568,15.93467978,13.60524679,13.66623085,13.63573882,0.825844027,0.830098476,0.827971251
3/29/2019,12.11745098,12.16745098,12.14245098,15.87870776,15.94666125,15.91268451,13.61637967,13.67743165,13.64690566,0.836199528,0.839939734,0.838069631
4/1/2019,12.1001,12.1501,12.1251,15.8681,15.9349,15.9015,13.5933,13.6506,13.62195,0.8517,0.8561,0.8539
4/2/2019,12.1085,12.1579,12.1332,15.7834,15.8527,15.81805,13.5652,13.6254,13.5953,0.8563,0.8602,0.85825
4/3/2019,12.0934,12.1434,12.1184,15.9125,15.9831,15.9478,13.5821,13.6455,13.6138,0.852,0.8562,0.8541
4/4/2019,12.0496,12.0996,12.0746,15.7958,15.8638,15.8298,13.516,13.5745,13.54525,0.8492,0.8537,0.85145
4/5/2019,12.0338,12.0838,12.0588,15.6861,15.7609,15.7235,13.4983,13.5629,13.5306,0.8548,0.859,0.8569
4/8/2019,12.0253,12.0753,12.0503,15.6894,15.7595,15.72445,13.5453,13.6064,13.57585,0.853,0.8569,0.85495
4/9/2019,12.0367,12.0863,12.0615,15.7332,15.8053,15.76925,13.569,13.6321,13.60055,0.8577,0.8621,0.8599
4/10/2019,12.0642,12.1152,12.0897,15.7739,15.8455,15.8097,13.5662,13.6284,13.5973,0.8648,0.8688,0.8668
4/11/2019,12.1886,12.2386,12.2136,15.9293,16.002,15.96565,13.7195,13.7819,13.7507,0.8684,0.8723,0.87035
4/12/2019,12.3893,12.4393,12.4143,16.2572,16.3303,16.29375,14.0234,14.0888,14.0561,0.8889,0.8929,0.8909
4/15/2019,12.41558824,12.46558824,12.44058824,16.28304397,16.35360521,16.31832459,14.04451341,14.10356653,14.07403997,0.887804316,0.891883509,0.889843912
4/16/2019,12.28186275,12.33186275,12.30686275,16.05362279,16.12514373,16.08938326,13.87359216,13.9350049,13.90429853,0.870652731,0.874451352,0.872552041
4/17/2019,12.24323529,12.29323529,12.26823529,15.96273018,16.03037882,15.9965545,13.82995859,13.89381453,13.86188656,0.87656421,0.881052347,0.878808279
4/18/2019,12.2674,12.3174,12.2924,15.96234088,16.03479132,15.9985661,13.79101108,13.85337978,13.82219543,0.871784303,0.875972521,0.873878412
4/19/2019,12.2674,12.3174,12.2924,15.96234088,16.03479132,15.9985661,13.79101108,13.85337978,13.82219543,0.871784303,0.875972521,0.873878412
4/22/2019,12.2674,12.3174,12.2924,15.96234088,16.03479132,15.9985661,13.79101108,13.85337978,13.82219543,0.871784303,0.875972521,0.873878412
4/23/2019,12.30813725,12.35813725,12.33313725,15.943961,16.01243844,15.97819972,13.79619105,13.85470768,13.82544936,0.862518378,0.866429035,0.864473707
4/24/2019,12.41813725,12.46813725,12.44313725,16.07155324,16.14125049,16.10640186,13.88968652,13.95184559,13.92076605,0.861820035,0.865482247,0.863651141
4/25/2019,12.52705882,12.57705882,12.55205882,16.13735718,16.20554029,16.17144874,13.93885835,13.99826647,13.96856241,0.861908121,0.865830843,0.863869482
4/26/2019,12.66441176,12.71441176,12.68941176,16.33962406,16.40794838,16.37378622,14.1018225,14.16385471,14.1328386,0.879473039,0.883251946,0.881362493
4/29/2019,12.6841,12.7341,12.7091,16.38026953,16.45120659,16.41573806,14.15040165,14.21382212,14.18211188,0.886554857,0.890503965,0.888529411
4/30/2019,12.6941,12.7441,12.7191,16.52520235,16.59539,16.56029618,14.23899176,14.30017441,14.26958309,0.88646073,0.89068007,0.8885704
5/1/2019,12.6941,12.7441,12.7191,16.52520235,16.59539,16.56029618,14.23899176,14.30017441,14.26958309,0.88646073,0.89068007,0.8885704
5/2/2019,12.7941,12.8441,12.8191,16.68608824,16.75772029,16.72190426,14.32813235,14.389265,14.35869868,0.88282175,0.88671239,0.88476707
5/3/2019,12.8781,12.9281,12.9031,16.75574438,16.82984908,16.79279673,14.35654741,14.42004429,14.38829585,0.887443562,0.891448123,0.889445843
5/6/2019,12.8664,12.9164,12.8914,16.83822175,16.91011494,16.87416835,14.38846442,14.44825433,14.41835938,0.885753898,0.889704397,0.887729147
5/7/2019,12.8507,12.9017,12.8762,16.76629038,16.8405455,16.80341794,14.36835232,14.43051417,14.39943325,0.889363933,0.893182689,0.891273311
5/8/2019,12.8342,12.8838,12.859,16.69344394,16.76440056,16.72892225,14.3678869,14.43114438,14.39951564,0.894824545,0.899355001,0.897089773
5/9/2019,12.8302,12.8802,12.8552,16.66899075,16.7378148,16.70340277,14.36597055,14.42581961,14.39589508,0.893442806,0.897355772,0.895399289
5/10/2019,12.8632,12.913,12.8881,16.75822294,16.8256901,16.79195652,14.46342176,14.5207126,14.49206718,0.906410593,0.910439687,0.90842514
5/13/2019,13.17411765,13.22411765,13.19911765,17.16060565,17.23102529,17.19581547,14.83142165,14.89300129,14.86221147,0.92182135,0.925961394,0.923891372
5/14/2019,13.26480392,13.31480392,13.28980392,17.15139147,17.22003591,17.18571369,14.86719224,14.93122112,14.89920668,0.929904164,0.934155874,0.932030019
5/15/2019,13.45215686,13.50215686,13.47715686,17.29140243,17.36377373,17.32758808,15.03951137,15.10081224,15.0701618,0.941065638,0.945410023,0.94323783
5/16/2019,13.56990196,13.61990196,13.59490196,17.35997558,17.43075053,17.39536305,15.17522136,15.2393083,15.20726483,0.957157002,0.961497601,0.959327301
5/17/2019,13.8754902,13.9254902,13.9004902,17.69541265,17.77031804,17.73286534,15.5030852,15.56591294,15.53449907,0.965479849,0.969525607,0.967502728
5/20/2019,13.93588235,13.98588235,13.96088235,17.73201671,17.80262965,17.76732318,15.55383829,15.61383906,15.58383868,0.998987982,1.006178587,1.002583284
5/21/2019,13.80333333,13.85333333,13.82833333,17.56750233,17.63529333,17.60139783,15.396238,15.45754933,15.42689367,0.955929371,0.959697774,0.957813572
5/22/2019,13.47617647,13.52617647,13.50117647,17.05140609,17.12143418,17.08642013,15.04480341,15.1073865,15.07609496,0.938472006,0.942209871,0.940340939
5/23/2019,13.09598039,13.14598039,13.12098039,16.55724801,16.6257214,16.59148471,14.58761256,14.64988055,14.61874655,0.906484418,0.910386454,0.908435436
5/24/2019,12.84833333,12.89833333,12.87333333,16.28269283,16.352507,16.31759992,14.37856983,14.440974,14.40977192,0.891787091,0.896689006,0.894238048
5/27/2019,13.33362745,13.38362745,13.35862745,16.90837297,16.97713142,16.9427522,14.92566257,14.98832438,14.95699348,0.921664451,0.925440464,0.923552458
5/28/2019,13.45421569,13.50421569,13.47921569,17.03303706,17.10579001,17.06941353,15.05392193,15.11796946,15.0859457,0.920342827,0.924711935,0.922527381
5/29/2019,13.33196078,13.38196078,13.35696078,16.85959761,16.92818039,16.893889,14.86513627,14.92757725,14.89635676,0.902027117,0.906023073,0.904025095
5/30/2019,13.39794118,13.44794118,13.42294118,16.91490074,16.98474971,16.94982522,14.91994729,14.98235126,14.95114928,0.916280232,0.920322825,0.918301528
5/31/2019,13.2429,13.2929,13.2679,16.6595682,16.72645607,16.69301214,14.7658335,14.82690066,14.79636708,0.900730493,0.905480059,0.903105276
6/3/2019,13.14931373,13.19931373,13.17431373,16.59837872,16.66809337,16.63323604,14.71671192,14.77795165,14.74733178,0.90675542,0.910580092,0.908667756
6/4/2019,13.00980392,13.05960784,13.03470588,16.48732451,16.55566486,16.52149469,14.61391275,14.67638729,14.64515002,0.884334864,0.888022075,0.88617847
6/5/2019,13.0995098,13.1495098,13.1245098,16.68877549,16.75510539,16.72194044,14.79065652,14.85368627,14.8221714,0.889960718,0.893837377,0.891899048
6/6/2019,13.23892157,13.28892157,13.26392157,16.8293171,16.89686377,16.86309044,14.93085575,14.99654799,14.96370187,0.887119079,0.891198056,0.889158567
6/7/2019,13.21872549,13.26872549,13.24372549,16.84594376,16.91497125,16.88045751,14.95566602,15.01754351,14.98660476,0.878612528,0.882757334,0.880684931
6/10/2019,13.25372549,13.30372549,13.27872549,16.78981945,16.85848094,16.8241502,14.9767098,15.03853129,15.00762055,0.891420255,0.895084168,0.893252211
6/11/2019,13.16264706,13.21264706,13.18764706,16.70866418,16.77741924,16.74304171,14.88300503,14.94614635,14.91457569,0.890734238,0.894480991,0.892607615
6/12/2019,13.16764706,13.21764706,13.19264706,16.79401706,16.86175235,16.82788471,14.92026088,14.98352471,14.95189279,0.89353965,0.897206561,0.895373106
6/13/2019,13.12764706,13.17764706,13.15264706,16.66292241,16.73297624,16.69794932,14.81717524,14.88151682,14.84934603,0.882234345,0.886190118,0.884212232
6/14/2019,13.07715686,13.12715686,13.10215686,16.51906455,16.58747541,16.55326998,14.71310919,14.77461505,14.74386212,0.884392414,0.888494908,0.886443661
6/17/2019,13.0827451,13.1327451,13.1077451,16.48164227,16.54988537,16.51576382,14.69846412,14.76120549,14.7298348,0.884148483,0.888638569,0.886393526
6/18/2019,12.98284314,13.03284314,13.00784314,16.25581789,16.32363603,16.28972696,14.53429289,14.59548103,14.56488696,0.886915272,0.890726514,0.888820893
6/19/2019,12.825,12.875,12.85,16.1376975,16.20705,16.17237375,14.366565,14.427725,14.397145,0.882104119,0.886085532,0.884094826
6/20/2019,12.79441176,12.84441176,12.81941176,16.21819635,16.28799856,16.25309746,14.45640585,14.51803862,14.48722224,0.897714863,0.901919204,0.899817033
6/21/2019,12.88617647,12.93617647,12.91117647,16.30874494,16.37849303,16.34361899,14.58070868,14.64245815,14.61158341,0.899935503,0.904058737,0.90199712
6/24/2019,12.95323529,13.00323529,12.97823529,16.48946853,16.55571918,16.52259385,14.75114435,14.810685,14.78091468,0.903293954,0.907502149,0.905398051
6/25/2019,12.95294118,13.00294118,12.97794118,16.49298,16.56184618,16.52741309,14.7534,14.81425088,14.78382544,0.905534121,0.909519195,0.907526658
6/26/2019,12.90107843,12.95107843,12.92607843,16.35985756,16.42844299,16.39415027,14.66078553,14.72278596,14.69178575,0.900749754,0.904904132,0.902826943
6/27/2019,12.87186275,12.92186275,12.89686275,16.35627599,16.42627192,16.39127396,14.63659513,14.69861887,14.667607,0.909884478,0.914207276,0.912045877
6/28/2019,12.80794118,12.85794118,12.83294118,16.25327735,16.32058474,16.28693104,14.57159468,14.63362285,14.60260876,0.903380015,0.907565991,0.905473003
7/3/2019,12.82254902,12.87254902,12.84754902,16.12563765,16.19366667,16.15965216,14.47152882,14.53182059,14.50167471,0.907971068,0.911815054,0.909893061
7/4/2019,12.82813725,12.87813725,12.85313725,16.14164511,16.20971136,16.17567824,14.47527008,14.53684133,14.50605571,0.916590136,0.920491566,0.918540851
7/5/2019,12.77352941,12.82352941,12.79852941,16.01034176,16.08198824,16.046165,14.37533,14.43672941,14.40602971,0.887482068,0.908220563,0.897851316
7/8/2019,12.70529412,12.75529412,12.73029412,15.90575771,15.97217929,15.9389685,14.25406947,14.31526659,14.28466803,0.897475691,0.901370512,0.899423102
7/9/2019,12.58323529,12.63323529,12.60823529,15.66612794,15.73343124,15.69977959,14.10077347,14.16059344,14.13068346,0.888721876,0.892663051,0.890692463
7/10/2019,12.54480392,12.59480392,12.56980392,15.69605867,15.76365659,15.72985763,14.10914097,14.16915441,14.13914769,0.890719468,0.895095831,0.892907649
7/11/2019,12.49509804,12.54509804,12.52009804,15.69759167,15.76542471,15.73150819,14.09322108,14.15337961,14.12330034,0.90063199,0.904770693,0.902701341
7/12/2019,12.47686275,12.52686275,12.50186275,15.63475671,15.70367514,15.66921592,14.02898447,14.09021522,14.05959984,0.893169455,0.897204772,0.895187113
7/15/2019,12.47598039,12.52598039,12.50098039,15.64238422,15.71008461,15.67623441,14.05294431,14.11427471,14.08360951,0.899448506,0.903450543,0.901449524
7/16/2019,12.48745098,12.53745098,12.51245098,15.51066286,15.57778284,15.54422285,14.00467627,14.06576625,14.03522126,0.897170783,0.901294057,0.89923242
7/17/2019,12.53843137,12.58803922,12.56323529,15.55768565,15.62553308,15.59160936,14.05683541,14.11874478,14.0877901,0.897319968,0.901586381,0.899453175
7/18/2019,12.68303922,12.73303922,12.70803922,15.82843294,15.89592616,15.86217955,14.22402848,14.28647,14.25524924,0.906494694,0.910686694,0.908590694
7/19/2019,12.75666667,12.80666667,12.78166667,15.966244,16.03394667,16.00009533,14.31425567,14.37548333,14.3448695,0.915171472,0.919081588,0.91712653
7/22/2019,12.7945098,12.8445098,12.8195098,15.95475373,16.02224153,15.98849763,14.34904275,14.41025555,14.37964915,0.923164769,0.927207285,0.925186027
7/23/2019,12.90343137,12.95343137,12.92843137,16.05703,16.12443137,16.09073069,14.4118425,14.47157353,14.44170801,0.929287187,0.933695038,0.931491112
7/24/2019,12.90352941,12.95352941,12.92852941,16.12037929,16.18802571,16.1542025,14.37324141,14.43282247,14.40303194,0.927157524,0.931265415,0.929211469
7/25/2019,12.8745,12.9245,12.8995,16.0725258,16.14140805,16.10696693,14.29713225,14.35782705,14.32747965,0.925217929,0.930067716,0.927642822
7/26/2019,12.8739,12.9233,12.8986,15.99710814,16.06495423,16.03103119,14.33766243,14.39784853,14.36775548,0.907091774,0.911548743,0.909320259
7/29/2019,12.87205882,12.92205882,12.89705882,15.80817544,15.87345706,15.84081625,14.31244221,14.37320603,14.34282412,0.904832652,0.908871254,0.906851953
7/30/2019,12.86970588,12.91970588,12.89470588,15.67916268,15.74524556,15.71220412,14.34586115,14.40676403,14.37631259,0.909108663,0.913376167,0.911242415
7/31/2019,12.86127451,12.91127451,12.88627451,15.65345721,15.71947672,15.68646696,14.3364627,14.39994446,14.36820358,0.903553755,0.907563773,0.905558764
8/1/2019,12.85196078,12.90196078,12.87696078,15.57272088,15.63717647,15.60494868,14.18599431,14.2450549,14.21552461,0.887210978,0.890994778,0.889102878
8/2/2019,12.87215686,12.92215686,12.89715686,15.61392627,15.67845292,15.6461896,14.28938133,14.3500552,14.31971826,0.876987325,0.8812945,0.879140913
8/5/2019,12.87215686,12.92215686,12.89715686,15.61392627,15.67845292,15.6461896,14.28938133,14.3500552,14.31971826,0.876987325,0.8812945,0.879140913
8/6/2019,12.88705882,12.93705882,12.91205882,15.69128282,15.75604394,15.72366338,14.41159788,14.47268771,14.44214279,0.869959552,0.873842188,0.87190087
8/7/2019,12.92372549,12.97372549,12.94872549,15.67518665,15.73972376,15.70745521,14.46164882,14.52278831,14.49221857,0.864064445,0.868167768,0.866116106
8/8/2019,12.98656863,13.03656863,13.01156863,15.76569431,15.83160894,15.79865163,14.53197029,14.59313492,14.56255261,0.856176359,0.860039756,0.858108057
8/9/2019,13.00627451,13.05627451,13.03127451,15.68816831,15.75370082,15.72093457,14.56832808,14.62955559,14.59894183,0.855861767,0.859661075,0.857761421
8/12/2019,13.00460784,13.05460784,13.02960784,15.7186695,15.78432634,15.75149792,14.56776171,14.62899355,14.59837763,0.844350882,0.848081793,0.846216337
8/13/2019,13.00215686,13.05215686,13.02715686,15.71700722,15.78136286,15.74918504,14.59492108,14.65626694,14.62559401,0.846224633,0.850004354,0.848114494
8/14/2019,13.0045098,13.0545098,13.0295098,15.69904424,15.76332059,15.73118241,14.54294331,14.60277467,14.57285899,0.851732662,0.85543883,0.853585746
8/15/2019,13.00460784,13.05460784,13.02960784,15.78239208,15.84829392,15.815343,14.49753682,14.55719321,14.52736501,0.850307823,0.85349337,0.851900597
8/16/2019,13.01666667,13.06666667,13.04166667,15.83607667,15.89952,15.86779833,14.41465667,14.47394667,14.44430167,0.856500521,0.860158427,0.858329474
8/19/2019,13.03186275,13.08186275,13.05686275,15.78810172,15.85260127,15.8203515,14.46536765,14.52610039,14.49573402,0.848610883,0.852699684,0.850655284
8/20/2019,13.06558824,13.11558824,13.09058824,15.80635668,15.875108,15.84073234,14.47797832,14.53600644,14.50699238,0.851283757,0.855204564,0.853244161
8/21/2019,13.08107843,13.13107843,13.10607843,15.86865625,15.93718989,15.90292307,14.51868895,14.57681017,14.54774956,0.861311247,0.86502493,0.863168088
8/22/2019,13.07303922,13.12303922,13.09803922,15.9007376,15.96548951,15.93311355,14.48884936,14.54951358,14.51918147,0.860776245,0.864427003,0.862601624
8/23/2019,13.07441176,13.12441176,13.09941176,15.98608326,16.05246803,16.01927565,14.46291429,14.52084918,14.49188174,0.858582718,0.862540205,0.860561461
8/26/2019,13.0729902,13.1229902,13.0979902,15.99218891,16.05466621,16.02342756,14.52670671,14.5875159,14.5571113,0.857335209,0.861111197,0.859223203
8/27/2019,13.07176471,13.12176471,13.09676471,16.04559118,16.11090271,16.07824694,14.51619471,14.57696841,14.54658156,0.854012054,0.857626075,0.855819064
8/28/2019,13.06431373,13.11431373,13.08931373,15.94107561,16.00733133,15.97420347,14.4791789,14.53983963,14.50950926,0.849987881,0.853696424,0.851842152
8/29/2019,13.05411765,13.10411765,13.07911765,15.93646682,16.00012765,15.96829724,14.45612988,14.51674153,14.48643571,0.854232032,0.857823884,0.856027958
8/30/2019,13.05362745,13.10362745,13.07862745,15.91498259,15.98380476,15.94939368,14.41381543,14.47426688,14.44404116,0.85496643,0.858730574,0.856848502
9/2/2019,13.05745098,13.10745098,13.08245098,15.76426057,15.82986855,15.79706456,14.31880075,14.37887373,14.34883724,0.857801273,0.861357607,0.85957944
9/3/2019,13.05656863,13.10656863,13.08156863,15.70444075,15.76982337,15.73713206,14.28258042,14.34120739,14.31189391,0.862708044,0.866378148,0.864543096
9/4/2019,13.06127451,13.11107843,13.08617647,15.93214265,15.99682679,15.96448472,14.3883,14.44709732,14.41769866,0.878677303,0.882413646,0.880545475
9/5/2019,13.08852941,13.13833333,13.11343137,16.1316125,16.19825117,16.16493183,14.46806041,14.52705517,14.49755779,0.8825711,0.886461419,0.884516259
9/6/2019,13.12715686,13.17696078,13.15205882,16.15821738,16.22215642,16.1901869,14.4779413,14.53550544,14.50672337,0.888729503,0.892355046,0.890542274
9/9/2019,13.14460784,13.19460784,13.16960784,16.24673529,16.31249368,16.27961449,14.49981691,14.56024975,14.53003333,0.894416135,0.898197279,0.896306707
9/10/2019,13.1214,13.1707,13.14605,16.21017756,16.27635106,16.24326431,14.48733774,14.54440401,14.51587088,0.894126786,0.897914522,0.896020654
9/11/2019,13.09823529,13.14823529,13.12323529,16.16191253,16.22886682,16.19538968,14.40936865,14.46831812,14.43884338,0.891582281,0.895461159,0.89352172
9/12/2019,13.08333333,13.13333333,13.10833333,16.09773333,16.16450667,16.13112,14.32494167,14.38362667,14.35428417,0.896886604,0.900808212,0.898847408
9/13/2019,13.12617647,13.17617647,13.15117647,16.33946447,16.40697494,16.37321971,14.56480541,14.62555588,14.59518065,0.90434297,0.908125635,0.906234303
9/16/2019,13.13754902,13.18754902,13.16254902,16.348366,16.41717977,16.38277289,14.49203032,14.55114159,14.52158596,0.897220353,0.901078148,0.899149251
9/17/2019,13.14843137,13.19843137,13.17343137,16.32640724,16.39245176,16.3594295,14.48957137,14.54995075,14.51976106,0.887663807,0.891436557,0.889550182
9/18/2019,13.16480392,13.21480392,13.18980392,16.41387753,16.48150345,16.44769049,14.55105777,14.6116087,14.58133324,0.90008368,0.903947187,0.902015433
9/19/2019,13.16970588,13.2195098,13.19460784,16.41998929,16.48737263,16.45368096,14.57359653,14.63399735,14.60379694,0.897546915,0.901561751,0.899554333
9/20/2019,13.15686275,13.20666667,13.18176471,16.40660784,16.473996,16.44030192,14.49886275,14.55902933,14.52894604,0.884810235,0.88852409,0.886667162
9/23/2019,13.1245098,13.20666667,13.16558824,16.31114078,16.473996,16.39256839,14.42646118,14.55902933,14.49274525,0.881141183,0.88852409,0.884832636
9/24/2019,13.01794118,13.06794118,13.04294118,16.23857982,16.30356341,16.27107162,14.3184335,14.37734888,14.34789119,0.874362171,0.878074327,0.876218249
9/25/2019,13.11284314,13.16284314,13.13784314,16.23501109,16.30218123,16.26859616,14.39790176,14.45675062,14.42732619,0.871754442,0.875538322,0.873646382
9/26/2019,13.15,13.2,13.175,16.24025,16.30596,16.273105,14.379525,14.43816,14.4088425,0.879639849,0.883469089,0.881554469
9/27/2019,13.14852941,13.19852941,13.17352941,16.19635853,16.26322794,16.22979324,14.37528721,14.43523162,14.40525941,0.872473817,0.876157846,0.874315832
9/30/2019,13.13229167,13.18229167,13.15729167,16.13958646,16.20630938,16.17294792,14.29449948,14.3541974,14.32434844,0.863432592,0.867267442,0.865350017
10/1/2019,13.03270833,13.08270833,13.05770833,15.96767425,16.03285906,16.00026666,14.20174227,14.25884381,14.23029304,0.851154556,0.854760536,0.852957546
10/2/2019,13.06421569,13.11421569,13.08921569,16.02979265,16.09638833,16.06309049,14.26742995,14.32465779,14.29604387,0.856164604,0.859700525,0.857932564
10/3/2019,13.10519608,13.15519608,13.13019608,16.16656988,16.23219644,16.19938316,14.34887919,14.40625523,14.37756721,0.863672651,0.867470892,0.865571772
10/4/2019,13.10843137,13.15843137,13.13343137,16.14958745,16.21776667,16.18367706,14.3825709,14.44137843,14.41197467,0.835996899,0.867924606,0.851960753
10/5/2019,13.10058824,13.15058824,13.12558824,16.15040518,16.21730541,16.18385529,14.39885653,14.45775671,14.42830662,0.866441021,0.870173778,0.868307399
10/8/2019,13.11333333,13.16333333,13.13833333,16.015314,16.08164433,16.04847917,14.40893067,14.46781967,14.43837517,0.860031699,0.863735783,0.861883741
10/9/2019,13.12705882,13.17705882,13.15205882,16.04651671,16.10895441,16.07773556,14.41219788,14.47236371,14.44228079,0.865278845,0.868975582,0.867127213
10/10/2019,13.13215686,13.18215686,13.15715686,16.06194106,16.12968714,16.0958141,14.48082937,14.53991902,14.5103742,0.868787461,0.87267266,0.87073006
10/11/2019,13.13754902,13.18754902,13.16254902,16.54542924,16.61631176,16.5808705,14.50385412,14.56169163,14.53277287,0.884421385,0.888164076,0.886292731
10/14/2019,13.14598039,13.19598039,13.17098039,16.50740758,16.57415137,16.54077948,14.49212878,14.55120758,14.52166818,0.88789396,0.891921622,0.889907791
10/15/2019,13.14843137,13.19843137,13.17343137,16.60252429,16.66961882,16.63607156,14.46195967,14.5209142,14.49143693,0.884570402,0.888250905,0.886410654
10/16/2019,13.14882353,13.19882353,13.17382353,16.85284712,16.92221165,16.88752938,14.51235653,14.57282106,14.54258879,0.879073082,0.882829019,0.88095105
10/17/2019,13.14872549,13.19872549,13.17372549,16.80538605,16.87325067,16.83931836,14.6042894,14.66378402,14.63403671,0.885215501,0.888922784,0.887069142
10/18/2019,13.14872549,13.19872549,13.17372549,16.80538605,16.87325067,16.83931836,14.6042894,14.66378402,14.63403671,0.885215501,0.888922784,0.887069142
10/21/2019,13.19754902,13.24754902,13.22254902,17.15681373,17.22578799,17.19130086,14.7812549,14.84122917,14.81124203,0.89429436,0.898138917,0.896216638
10/22/2019,13.20039216,13.25039216,13.22539216,17.02850588,17.096981,17.06274344,14.65243529,14.71191041,14.68217285,0.899362436,0.903230549,0.901296493
10/23/2019,13.19382353,13.24382353,13.21882353,16.98836718,17.05804471,17.02320594,14.67153176,14.73110491,14.70131834,0.898976154,0.902758175,0.900867165
10/28/2019,13.20813725,13.25813725,13.23313725,16.95924824,17.02742568,16.99333696,14.65310747,14.71255491,14.68283119,0.907526265,0.912014505,0.909770385
10/29/2019,13.23901961,13.28901961,13.26401961,17.02537922,17.09499482,17.06018702,14.67412933,14.73353604,14.70383269,0.903934153,0.907688918,0.905811536
10/30/2019,13.24990196,13.29990196,13.27490196,17.06719872,17.13692368,17.1020612,14.72064108,14.78018105,14.75041106,0.888992644,0.892886526,0.890939585
10/31/2019,13.26117647,13.31117647,13.28617647,17.17985412,17.25128471,17.21556941,14.79019012,14.84861735,14.81940374,0.874615096,0.878451559,0.876533327
11/1/2019,13.27539216,13.32539216,13.30039216,17.19827054,17.26970824,17.23398939,14.80604487,14.86447495,14.83525991,0.875552664,0.879389702,0.877471183
11/4/2019,13.31303922,13.36303922,13.33803922,17.18979624,17.25836515,17.22408069,14.85069525,14.91047916,14.8805872,0.899474979,0.903054496,0.901264738
11/5/2019,13.39764706,13.44764706,13.42264706,17.27894541,17.34880947,17.31387744,14.88344612,14.94437018,14.91390815,0.908826462,0.912645374,0.910735918
11/6/2019,13.44754902,13.49754902,13.47254902,17.32582216,17.39699093,17.36140654,14.91198711,14.97148137,14.94173424,0.908833104,0.912582335,0.910707719
11/7/2019,13.51117647,13.56117647,13.53617647,17.31322153,17.382716,17.34796876,14.96362794,15.02171518,14.99267156,0.916310153,0.920493906,0.91840203
11/8/2019,13.63088235,13.68088235,13.65588235,17.4488925,17.51836985,17.48363118,15.03622632,15.0941175,15.06517191,0.920458265,0.924209092,0.922333679
11/11/2019,13.72156863,13.77156863,13.74656863,17.67475255,17.74742049,17.71108652,15.13626235,15.19692598,15.16659417,0.921448673,0.925477546,0.92346311
11/12/2019,13.81656863,13.86656863,13.84156863,17.72803921,17.79912749,17.76358335,15.21618703,15.275412,15.24579951,0.930979161,0.934675723,0.932827442
11/13/2019,13.94,13.99,13.965,17.893384,17.961761,17.9275725,15.342364,15.404389,15.3733765,0.931606453,0.935510619,0.933558536
11/14/2019,13.98647059,14.03598039,14.01122549,17.96002688,18.03062041,17.99532365,15.52442289,15.57979788,15.55211038,0.942097291,0.945935517,0.944016404
11/15/2019,13.91588235,13.96568627,13.94078431,17.91530694,17.98640735,17.95085715,15.35060982,15.41253137,15.3815706,0.945128455,0.949116938,0.947122697
11/18/2019,13.92235294,13.97235294,13.94735294,18.02666259,18.099786,18.06322429,15.39533788,15.45621682,15.42577735,0.942214706,0.946206867,0.944210787
11/19/2019,13.96372549,14.01372549,13.98872549,18.05649343,18.12955667,18.09302505,15.46482598,15.52300373,15.49391485,0.946103142,0.949973596,0.948038369
11/20/2019,14.01147059,14.06147059,14.03647059,18.06358788,18.13367247,18.09863018,15.49108188,15.55058032,15.5208311,0.944398276,0.948126236,0.946262256
11/21/2019,14.15882353,14.20882353,14.18382353,18.31868588,18.39190118,18.35529353,15.69505588,15.75474353,15.72489971,0.962360394,0.96628426,0.964322327
11/22/2019,14.27411765,14.32411765,14.29911765,18.35794271,18.42797735,18.39296003,15.77860965,15.83817688,15.80839326,0.970460659,0.974277334,0.972368996
11/25/2019,14.38901961,14.43901961,14.41401961,18.52154604,18.59168165,18.55661384,15.84662729,15.906024,15.87632565,0.976082624,0.979979612,0.978031118
11/26/2019,14.5577451,14.6077451,14.5827451,18.74309681,18.81039336,18.77674509,16.036812,16.09481355,16.06581277,0.983950545,0.988211683,0.986081114
11/27/2019,14.6527451,14.7027451,14.6777451,18.86833986,18.93713569,18.90273777,16.12534598,16.1847818,16.15506389,0.995228221,0.999092497,0.997160359
11/28/2019,14.55833333,14.60833333,14.58333333,18.78170583,18.853515,18.81761042,16.01707833,16.07793167,16.047505,0.986323582,0.990341767,0.988332674
11/29/2019,14.54627451,14.59627451,14.57127451,18.7530571,18.82189598,18.78747654,16.00090196,16.05882122,16.02986159,0.993313019,0.997347098,0.995330058
12/2/2019,14.62813725,14.67794118,14.65303922,18.89223926,18.96243221,18.92733574,16.09533942,16.15600985,16.12567464,0.995504162,0.999390013,0.997447087
12/3/2019,14.59098039,14.64098039,14.61598039,18.95514263,19.02595402,18.99054832,16.15805169,16.21634988,16.18720078,0.997544277,1.001318615,0.999431446
12/4/2019,14.60205882,14.65205882,14.62705882,19.11847562,19.19126665,19.15487113,16.17616076,16.23741159,16.20678618,1.002372324,1.006198329,1.004285326
12/5/2019,14.78235294,14.83235294,14.80735294,19.40775118,19.48081235,19.44428176,16.39510765,16.45501235,16.42506,1.007473263,1.011494493,1.009483878
12/6/2019,15.19696078,15.24696078,15.22196078,19.97032617,20.04212995,20.00622806,16.85494921,16.91650299,16.8857261,1.038348749,1.042106828,1.040227788
12/9/2019,15.34862745,15.39862745,15.37362745,20.20953776,20.28153222,20.24553499,16.99553518,17.05551976,17.02552747,1.048897872,1.053020006,1.050958939
12/10/2019,14.71215686,14.76215686,14.73715686,19.37591059,19.44766545,19.41178802,16.3010698,16.35942224,16.33024602,0.994528318,0.998502253,0.996515286
12/11/2019,14.53392157,14.58392157,14.55892157,19.10774669,19.17785686,19.14280177,16.09922492,16.1589851,16.12910501,0.983403809,0.987341433,0.985372621
12/12/2019,14.44588235,14.49588235,14.47088235,19.02233788,19.09252665,19.05743226,16.08115624,16.13971541,16.11043582,0.984145787,0.988063687,0.986104737
12/13/2019,14.47009804,14.52009804,14.49509804,19.37256725,19.44531529,19.40894127,16.16454652,16.22475755,16.19465203,1.002112111,1.0062438,1.004177956
12/16/2019,14.47176471,14.52176471,14.49676471,19.34151353,19.41705159,19.37928256,16.12444024,16.18305459,16.15374741,1.000011381,1.003972865,1.001992123
12/17/2019,14.50480392,14.55480392,14.52980392,19.12748493,19.19924185,19.16336339,16.1859107,16.24752762,16.21671916,1.006376504,1.011143495,1.00876
12/18/2019,14.48352941,14.53352941,14.50852941,18.95459494,19.02439,18.98949247,16.10568471,16.16564476,16.13566474,1.00828636,1.012302754,1.010294557
12/19/2019,14.40333333,14.45333333,14.42833333,18.826597,18.89773333,18.86216517,16.009305,16.07066133,16.03998317,1.005475315,1.009339181,1.007407248
12/20/2019,14.07303922,14.12303922,14.09803922,18.33576279,18.40796931,18.37186605,15.61825892,15.68081044,15.64953468,0.988233587,0.992127854,0.99018072
12/23/2019,13.47127451,13.52078431,13.49602941,17.47897868,17.5459218,17.51245024,14.92078365,14.97832486,14.94955425,0.946920831,0.951022664,0.948971747
12/24/2019,13.2704902,13.3204902,13.2954902,17.18661185,17.2580271,17.22231948,14.70237609,14.76309928,14.73273769,0.934811473,0.938783305,0.936797389
12/26/2019,13.63156863,13.68137255,13.65647059,17.6774182,17.74610833,17.71176326,15.11604645,15.17674657,15.14639651,0.961852685,0.965932586,0.963892635
12/27/2019,13.82852941,13.87852941,13.85352941,18.10016215,18.17115856,18.13566035,15.41742744,15.47872385,15.44807565,0.985836761,0.990220141,0.988028451
12/30/2019,13.92647059,13.97647059,13.95147059,18.28267059,18.35390118,18.31828588,15.57675735,15.63967059,15.60821397,0.989749663,0.993783416,0.99176654
12/31/2019,14.02833333,14.07833333,14.05333333,18.52020567,18.59043917,18.55532242,15.75101267,15.812784,15.78189833,0.996521587,1.000962213,0.9987419
1/2/2020,14.13803922,14.18803922,14.16303922,18.64948753,18.72253655,18.68601204,15.82329349,15.8820911,15.85269229,1.005071496,1.009372254,1.007221875
1/3/2020,14.18480392,14.23480392,14.20980392,18.55514201,18.62766441,18.59140321,15.80470853,15.86326549,15.83398701,0.990745736,0.994960748,0.992853242
1/6/2020,14.15705882,14.20705882,14.18205882,18.60945382,18.68086165,18.64515774,15.85024306,15.90906447,15.87965376,0.993401129,0.997539606,0.995470367
1/7/2020,14.13980392,14.18980392,14.16480392,18.56132061,18.63121255,18.59626658,15.80547282,15.86420078,15.8348368,0.991744971,0.995810655,0.993777813
1/8/2020,14.13284314,14.18284314,14.15784314,18.52533078,18.59370735,18.55951907,15.72137471,15.77983127,15.75060299,0.992419186,0.996469015,0.9944441
1/9/2020,14.02088235,14.07088235,14.04588235,18.27762224,18.3470235,18.31232287,15.57860238,15.63697156,15.60778697,0.989148437,0.993236417,0.991192427
1/10/2020,13.94598039,13.99598039,13.97098039,18.23436936,18.30394316,18.26915626,15.47445984,15.53133944,15.50289964,0.979105029,0.983015662,0.981060346
1/13/2020,14.09921569,14.14921569,14.12421569,18.28668275,18.35577751,18.32123013,15.67973776,15.73958753,15.70966265,0.981101657,0.985163636,0.983132646
1/14/2020,14.25284314,14.30284314,14.27784314,18.50446625,18.57653267,18.54049946,15.85058685,15.90905242,15.87981964,0.986055674,0.990042234,0.988048954
1/15/2020,14.38931373,14.43931373,14.41431373,18.71474143,18.78410323,18.74942233,16.03545122,16.09550301,16.06547711,1.00139978,1.005278221,1.003339001
1/16/2020,14.4827451,14.5327451,14.5077451,18.92170647,18.99139129,18.95654888,16.16708835,16.22871645,16.1979024,1.007607462,1.0118464,1.009726931
1/17/2020,14.59862745,14.64862745,14.62362745,19.0366102,19.10620478,19.07140749,16.22053496,16.27901969,16.24977732,1.013962567,1.017894911,1.015928739
1/20/2020,14.60617647,14.65617647,14.63117647,18.97926571,19.04716694,19.01321632,16.189486,16.24783724,16.21866162,1.005623359,1.00935769,1.007490524
1/21/2020,14.59323529,14.64323529,14.61823529,19.052928,19.12260097,19.08776449,16.20140982,16.25838415,16.22989699,1.007451368,1.011210304,1.009330836
1/22/2020,14.58480392,14.63480392,14.60980392,19.12067794,19.19208186,19.1563799,16.16287971,16.22121667,16.19204819,1.012524223,1.016552907,1.014538565
1/23/2020,14.51039216,14.56019608,14.53529412,19.04198763,19.11316939,19.07757851,16.08912282,16.14580143,16.11746213,1.009257104,1.013221533,1.011239319
1/24/2020,14.48989583,14.53989583,14.51489583,18.96437567,19.03417764,18.99927665,15.97366117,16.03459713,16.00412915,1.007908615,1.011745505,1.00982706
1/27/2020,14.50760417,14.55760417,14.53260417,18.95708636,19.02824441,18.99266539,15.98883055,16.04684707,16.01783881,0.99768275,1.001658525,0.999670637
1/28/2020,14.55895833,14.60895833,14.58395833,18.93101352,19.00041121,18.96571236,16.02504544,16.08446313,16.05475428,0.992112843,0.996069868,0.994091356
1/29/2020,14.62990196,14.67990196,14.65490196,19.03935441,19.10736039,19.0733574,16.09289216,16.15082814,16.12186015,1.00224029,1.00662415,1.00443222
1/30/2020,14.75392157,14.80392157,14.77892157,19.31140794,19.3842549,19.34783142,16.26177235,16.32280392,16.29228814,1.004734383,1.008496483,1.006615433
1/31/2020,14.75686275,14.81078431,14.78382353,19.36690667,19.44507873,19.4059927,16.2989549,16.36147343,16.33021417,0.989988176,0.994065743,0.992026959
2/3/2020,14.63411765,14.68411765,14.65911765,19.11069424,19.17892606,19.14481015,16.19118776,16.25238141,16.22178459,0.982656768,0.986623686,0.984640227
2/4/2020,14.4872549,14.53705882,14.51215686,18.8464699,18.91707465,18.88177227,15.99827559,16.05763518,16.02795538,0.979556912,0.98363605,0.981596481
2/5/2020,14.54,14.59,14.565,18.990694,19.060376,19.025535,16.028896,16.086934,16.057915,0.987315642,0.991235818,0.98927573
2/6/2020,14.61823529,14.66823529,14.64323529,18.94230929,19.01296659,18.97763794,14.761494,16.13799247,15.44974324,0.987525099,0.991297918,0.989411509
2/7/2020,14.6395098,14.6895098,14.6645098,18.93620593,19.00675674,18.97148133,16.04051089,16.09823379,16.06937234,0.976976863,0.980673597,0.97882523
2/10/2020,14.67862745,14.72862745,14.70362745,18.98680461,19.0558982,19.0213514,16.07016133,16.12931992,16.09974063,0.974107258,0.978626835,0.976367046
2/11/2020,14.6522549,14.7022549,14.6772549,18.94829604,19.02030717,18.9843016,15.991471,16.05045168,16.02096134,0.985310369,0.989224816,0.987267592
2/12/2020,14.60794118,14.65794118,14.63294118,18.95234288,19.02454185,18.98844237,15.93872462,15.99621121,15.96746791,0.987496784,0.991305662,0.989401223
2/13/2020,14.6554902,14.7054902,14.6804902,19.10636257,19.17448867,19.14042562,15.9261212,15.98339729,15.95475925,0.986011962,0.989875416,0.987943689
2/14/2020,14.65519608,14.70519608,14.68019608,19.09425497,19.16528205,19.12976851,15.88623255,15.94484411,15.91553833,0.985793203,0.989788992,0.987791098
2/17/2020,14.65411765,14.70411765,14.67911765,19.07233412,19.14034994,15.88066729,15.88066729,15.93926353,15.90996541,0.982798656,0.986469539,0.984634097
2/18/2020,14.65411765,14.70411765,14.67911765,19.10017694,19.16975818,15.85282447,15.85282447,15.90985529,15.88133988,0.973113596,0.976719252,0.974916424
2/19/2020,14.64754902,14.69754902,14.67254902,19.03448995,19.10534397,15.81349392,15.81349392,15.87041343,15.84195368,0.980700667,0.984344901,0.982522784
2/20/2020,14.62392157,14.67392157,14.64892157,18.80490075,18.87359792,15.7748242,15.7748242,15.83169398,15.80325909,0.968792419,0.972381769,0.970587094
2/21/2020,14.5695098,14.6195098,14.5945098,18.83109142,18.90010227,15.73215669,15.73215669,15.78907059,15.76061364,0.966128645,0.9697336,0.967931122
2/24/2020,14.62745098,14.67745098,14.65245098,18.8577098,18.92804078,15.82982745,15.82982745,15.88834069,15.85908407,0.967014688,0.970641011,0.96882785
2/25/2020,14.69813725,14.74813725,14.72313725,19.05613495,19.12833402,15.9239619,15.9239619,15.98550597,15.95473394,0.966798259,0.970783126,0.968790693
2/26/2020,14.75588235,14.80588235,14.78088235,19.06607559,19.13808353,16.04702206,16.04702206,16.10583882,16.07643044,0.974468044,0.978739537,0.976603791
2/27/2020,14.88656863,14.93656863,14.91156863,19.20218487,19.27116084,16.3231225,16.3231225,16.37944116,16.35128183,0.969133479,0.972983958,0.971058718
2/28/2020,15.02794118,15.0777451,15.05284314,19.36350221,19.43370566,16.52021574,16.52021574,16.58099628,16.55060601,0.966377368,0.970366265,0.968371817
3/2/2020,15.20029412,15.25029412,15.22529412,19.42597588,19.49445097,19.46021343,16.89360688,16.955277,16.92444194,0.97145102,0.975956362,0.973703691
3/3/2020,15.27676471,15.32676471,15.30176471,19.53287135,19.60139938,19.56713537,16.97095791,17.03263362,17.00179576,0.982624491,0.986208486,0.984416489
3/4/2020,15.31205882,15.36205882,15.33705882,19.61627856,19.68801459,19.65214657,17.02854062,17.08875424,17.05864743,1.002957956,1.00789668,1.005427318
3/5/2020,15.23009804,15.28009804,15.25509804,19.65596453,19.72507856,19.69052154,17.03486466,17.0969017,17.06588318,0.984817104,0.989143958,0.986980531
3/6/2020,15.19343137,15.24343137,15.21843137,19.7484221,19.81950947,19.78396578,17.19288694,17.25556431,17.22422563,0.96684154,0.970640987,0.968741263
3/10/2020,15.42833333,15.47833333,15.45333333,20.10311833,20.17445967,20.138789,17.5651575,17.62827383,17.59671567,0.969676781,0.973431106,0.971553944
3/11/2020,15.67392157,15.72392157,15.69892157,20.24286971,20.31373427,20.27830199,17.7663901,17.82778227,17.79708619,0.97493432,0.979347985,0.977141152
3/13/2020,15.86117647,15.91098039,15.88607843,19.76937035,19.83781035,19.80359035,17.63128376,17.6930102,17.66214698,0.982755133,0.986635686,0.98469541
3/16/2020,16.12068627,16.17068627,16.14568627,19.77685792,19.8446662,19.81076206,17.98423761,18.04486881,18.01455321,0.966479591,0.970349856,0.968414723
3/17/2020,16.36803922,16.41803922,16.39303922,19.81187467,19.87896188,19.84541827,18.00811675,18.06969396,18.03890535,0.980580104,0.984755414,0.982667759
3/18/2020,16.57294118,16.62294118,16.59794118,19.66048012,19.72810659,19.69429335,18.12251118,18.18383535,18.15317326,0.975016542,0.97896027,0.976988406
3/19/2020,16.81803922,16.86803922,16.84303922,19.54087976,19.60234837,19.57161407,18.16516416,18.22591637,18.19554026,0.978726182,0.982859961,0.980793071
3/20/2020,16.99156863,17.04156863,17.01656863,19.98378386,20.04940549,20.01659468,18.1860759,18.24811169,18.21709379,0.981009129,0.985038995,0.983024062
3/23/2020,17.31029412,17.36029412,17.33529412,20.16822368,20.23689485,20.20255926,18.67953838,18.74390956,18.71172397,0.985358993,0.988959509,0.987159251
3/24/2020,17.47460784,17.52460784,17.49960784,20.48198785,20.5476027,20.51479527,18.91801045,18.97915029,18.94858037,0.991304003,0.994936234,0.993120119
3/25/2020,17.59088235,17.64088235,17.61588235,20.79066385,20.85681521,20.82373953,19.02629835,19.08743471,19.05686653,1.007380733,1.011112647,1.00924669
3/26/2020,17.75705882,17.80705882,17.78205882,21.33688188,21.40408471,21.37048329,19.50257771,19.56105412,19.53181591,1.018699842,1.022530323,1.020615083
3/27/2020,17.77176471,17.82176471,17.79676471,21.78818353,21.85661224,21.82239788,19.51339765,19.57542635,19.544412,1.007875319,1.01172076,1.009798039
3/30/2020,17.90578431,17.95578431,17.93078431,22.2157066,22.28671949,22.25121304,19.73754605,19.80343452,19.77049028,0.996121627,0.999548222,0.997834925
3/31/2020,18.08715686,18.13715686,18.11215686,22.40275249,22.47012364,22.43643806,19.83075878,19.89101993,19.86088936,1.012293654,1.016041682,1.014167668
4/1/2020,18.30862745,18.35862745,18.33362745,22.64411043,22.71329388,22.67870216,20.01316067,20.07515912,20.04415989,1.017083814,1.020360235,1.018722025
4/2/2020,18.50852941,18.55852941,18.53352941,22.97463756,23.04412597,23.00938176,20.13357829,20.19539171,20.164485,0.997420265,1.000378913,0.998899589
4/3/2020,18.6538,18.7038,18.6788,22.89567412,22.96639602,22.93103507,20.1181233,20.17765944,20.14789137,0.992344808,0.995820533,0.994082671
4/6/2020,18.84676471,18.89676471,18.87176471,23.15513512,23.22412382,23.18962947,20.33000509,20.38960912,20.3598071,0.997267743,1.001328164,0.999297953
4/7/2020,18.93911765,18.98911765,18.96411765,23.39549203,23.46485268,23.43017235,20.61333565,20.67345238,20.64339401,1.031317668,1.034440327,1.032878998
4/8/2020,18.82490196,18.87490196,18.84990196,23.26757882,23.33692878,23.3022538,20.46266843,20.5226809,20.49267467,1.034983559,1.038343371,1.036663465
4/9/2020,18.53784314,18.58784314,18.56284314,22.99990198,23.06751333,23.03370766,20.15063549,20.21242063,20.18152806,1.027340361,1.030596759,1.02896856
4/14/2020,18.29284314,18.34284314,18.31784314,22.97032313,23.04044526,23.0053842,20.04712679,20.1129275,20.08002715,1.002501378,1.006112703,1.00430704
4/15/2020,18.405,18.455,18.43,22.903182,22.969093,22.9361375,19.984149,20.045821,20.014985,0.977606153,0.981361836,0.979483994
4/16/2020,18.52705882,18.57705882,18.55205882,23.15697082,23.22503894,23.19100488,20.17040894,20.23413247,20.20227071,1.000505399,1.003709603,1.002107501
4/17/2020,18.59647059,18.64647059,18.62147059,23.22513212,23.29503571,23.26008391,20.20692494,20.26498424,20.23595459,0.989247635,0.992477597,0.990862616
4/20/2020,18.52215686,18.57215686,18.54715686,23.0137799,23.08333376,23.04855683,20.10024463,20.16193349,20.13108906,0.987542886,0.99094312,0.989243003
4/21/2020,18.4727451,18.5227451,18.4977451,22.67714188,22.74407871,22.71061029,19.99859384,20.05828067,20.02843725,0.972485186,0.975430642,0.973957914
4/22/2020,18.31754902,18.36754902,18.34254902,22.64781761,22.71331112,22.68056436,19.90751227,19.96919929,19.93835578,0.976732787,0.979816868,0.978274827
4/23/2020,18.40784314,18.45784314,18.43284314,22.72080078,22.79174471,22.75627275,19.86390353,19.9215501,19.89272681,0.967382775,0.970928862,0.969155819
4/24/2020,18.56637255,18.61637255,18.59137255,22.93689665,23.00238992,22.96964328,20.04982572,20.11126726,20.08054649,0.981029334,0.984154902,0.982592118
4/27/2020,18.64068627,18.69068627,18.66568627,23.16478083,23.23626118,23.200521,20.22328054,20.28500181,20.25414118,0.990209098,0.993208081,0.99170859
4/28/2020,18.65588235,18.70588235,18.68088235,23.310525,23.37674118,23.34363309,20.29013765,20.35012941,20.32013353,1.001991662,1.0051738,1.003582731
4/29/2020,18.65019608,18.70019608,18.67519608,23.15981349,23.22938357,23.19459853,20.22986769,20.29158276,20.26072523,1.01752948,1.020970407,1.019249943
4/30/2020,18.59215686,18.64215686,18.61715686,23.25135137,23.31947402,23.2854127,20.21339294,20.2752098,20.24430137,1.023470305,1.02707081,1.025270558
5/4/2020,18.28833333,18.33833333,18.31333333,22.7415425,22.81105283,22.77629767,20.00012133,20.06030283,20.03021208,0.982520043,0.986032623,0.984276333
5/5/2020,18.04901961,18.09901961,18.07401961,22.48366373,22.55499824,22.51933098,19.57777157,19.63924618,19.60850887,0.983131682,0.986333345,0.984732513
5/6/2020,18.02068627,18.07068627,18.04568627,22.31501581,22.38415909,22.34958745,19.483966,19.54164014,19.51280307,0.965883749,0.970024654,0.967954201
5/7/2020,18.26578431,18.31578431,18.29078431,22.53449811,22.605341,22.56991955,19.69964838,19.75906812,19.72935825,0.982802862,0.986379462,0.984591162
5/8/2020,18.54588235,18.59588235,18.57088235,20.10002729,20.15979606,20.12991168,20.10002729,20.16165565,20.13084147,1.004619696,1.008218385,1.00641904
5/11/2020,18.56107843,18.61107843,18.58607843,22.85796809,22.92512641,22.89154725,20.08865519,20.1464924,20.11757379,1.006784467,1.009923836,1.008354151
5/12/2020,18.3172549,18.3672549,18.3422549,22.63463188,22.70376378,22.66919783,19.91635125,19.97438971,19.94537048,1.005034424,1.008203784,1.006619104
5/13/2020,18.05666667,18.10666667,18.08166667,22.220534,22.287496,22.254015,19.64023633,19.701864,19.67105017,0.985270954,0.988635785,0.986953369
5/14/2020,18.19186275,18.24186275,18.21686275,22.15768882,22.22588557,22.1917872,19.6162856,19.67384897,19.64506728,0.970714154,0.973917415,0.972315784
5/15/2020,18.37764706,18.42764706,18.40264706,22.38213635,22.45040241,22.41626938,19.92136941,19.98109771,19.95123356,0.990751464,0.994304656,0.99252806
5/18/2020,18.45519608,18.50519608,18.48019608,22.45259155,22.51527207,22.48393181,20.00358703,20.06518411,20.03438557,1.004697945,1.007891814,1.00629488
5/19/2020,18.16862745,18.21862745,18.19362745,22.21841451,22.2850251,22.2517198,19.88556275,19.94575333,19.91565804,0.995764936,0.998784453,0.997274695
5/20/2020,18.15313725,18.20313725,18.17813725,22.2593769,22.32614784,22.29276237,19.91036094,19.97066188,19.94051141,1.007975638,1.011386542,1.00968109
5/21/2020,18.07901961,18.12882353,18.10392157,22.09979357,22.16792541,22.13385949,19.85980304,19.92176418,19.89078361,1.014410096,1.017370128,1.015890112
5/22/2020,18.03117647,18.08117647,18.05617647,21.947548,22.01564047,21.98159424,19.65758859,19.71752294,19.68755576,1.020908083,1.024173944,1.022541013
5/26/2020,17.8645098,17.9145098,17.8895098,22.03408639,22.10113075,22.06760857,19.5848621,19.6468429,19.6158525,1.028569855,1.031787279,1.030178567
5/27/2020,17.90941176,17.95941176,17.93441176,21.99813047,22.06672924,22.03242985,19.72184424,19.784088,19.75296612,1.029779591,1.03299906,1.031389326
5/28/2020,18.17598039,18.22598039,18.20098039,22.30556314,22.38879431,22.34717873,20.03356559,20.09596598,20.06476578,1.046768318,1.050210341,1.04848933
5/29/2020,18.28362745,18.33362745,18.30862745,22.58393663,22.65303008,22.61848335,20.35333408,20.41632753,20.3848308,1.045746774,1.048666544,1.047206659
6/1/2020,18.29480392,18.34480392,18.31980392,22.66909154,22.74021894,22.70465524,20.32918612,20.39208404,20.36063508,1.047812367,1.050977022,1.049394694
6/2/2020,18.08029412,18.13029412,18.10529412,22.67992094,22.746267,22.71309397,20.1938805,20.25335156,20.22361603,1.046198284,1.049875159,1.048036721
6/3/2020,17.89480392,17.94480392,17.91980392,22.48303165,22.55302957,22.51803061,20.02249611,20.08741351,20.05495481,1.051726091,1.054993352,1.053359722
6/4/2020,18.07754902,18.12754902,18.10254902,22.67647749,22.742823,22.70965025,20.34266591,20.40255642,20.37261117,1.068621482,1.072540841,1.070581161
6/5/2020,18.20970588,18.25970588,18.23470588,23.09719094,23.16791482,23.13255288,20.58243056,20.64442347,20.61342701,1.079861583,1.083855041,1.081858312
6/8/2020,18.29176471,18.34176471,18.31676471,23.15737412,23.22617665,23.19177538,20.65323153,20.71702324,20.68512738,1.088510432,1.0918302,1.090170316
6/9/2020,18.21852941,18.26852941,18.24352941,23.09016418,23.16084159,23.12550288,20.57965082,20.64343824,20.61154453,1.090218325,1.093622679,1.091920502
6/10/2020,18.15156863,18.20156863,18.17656863,23.2104108,23.27980627,23.24510854,20.65285478,20.71520525,20.68403002,1.095579951,1.099015719,1.097297835
6/11/2020,18.2322549,18.2822549,18.2572549,23.0528631,23.123396,23.08812955,20.67720028,20.74121819,20.70920924,1.075801583,1.079420615,1.077611099
6/12/2020,18.25127451,18.30127451,18.27627451,22.9911305,23.06143601,23.02628325,20.63489096,20.69691134,20.66590115,1.073825465,1.077286986,1.075556225
6/15/2020,18.07401961,18.12401961,18.09901961,22.65939838,22.72752059,22.69345949,20.32965725,20.39133446,20.36049586,1.051744542,1.055077722,1.053411132
6/16/2020,18.08607843,18.13607843,18.11107843,22.89335808,22.96027529,22.92681669,20.41737394,20.48107337,20.44922366,1.067081935,1.070436142,1.068759039
6/17/2020,18.20598039,18.25598039,18.23098039,22.82665822,22.903953,22.86530561,20.44713658,20.50876837,20.47795248,1.062775407,1.066142261,1.064458834
6/18/2020,18.22754902,18.27754902,18.25254902,22.71699434,22.78662036,22.75180735,20.46406928,20.5275153,20.49579229,1.049707967,1.053272846,1.051490406
6/19/2020,18.16941176,18.21941176,18.19441176,22.50099953,22.57020729,22.53560341,20.40061553,20.46222135,20.43141844,1.050060784,1.053309578,1.051685181
6/22/2020,18.25098039,18.30098039,18.27598039,22.62939059,22.69870598,22.66404828,20.46847451,20.5318699,20.50017221,1.050198543,1.053621292,1.051909917
6/23/2020,18.25323529,18.30323529,18.27823529,22.61940918,22.69784209,22.65862563,20.46917806,20.53073903,20.49995854,1.050334338,1.053757177,1.052045758
6/24/2020,18.08362745,18.13362745,18.10862745,22.60272595,22.67428776,22.63850686,20.3965234,20.45835849,20.42744095,1.04229001,1.045515357,1.043902684
6/25/2020,18.06931373,18.11931373,18.09431373,22.43847378,22.50781151,22.47314265,20.2394383,20.30269103,20.27106467,1.04114696,1.04432881,1.042737885
6/26/2020,18.11941176,18.16941176,18.14441176,22.44451535,22.51371812,22.47911674,20.32816806,20.39153082,20.35984944,1.049287525,1.052512137,1.050899831
6/29/2020,18.1522549,18.2022549,18.1772549,22.32908875,22.39969488,22.36439182,20.47211308,20.53214353,20.5021283,1.052609736,1.056201216,1.054405476
6/30/2020,18.11843137,18.16843137,18.14343137,22.28385875,22.35988849,22.32187362,20.32163263,20.38498,20.35330631,1.041714227,1.044919388,1.043316807
7/1/2020,18.07696078,18.12696078,18.10196078,22.44254681,22.51368529,22.47811605,20.27511922,20.3366373,20.30587826,1.053264082,1.056540563,1.054902322
7/2/2020,17.90382353,17.95382353,17.92882353,22.32785832,22.39739485,22.36262659,20.14717262,20.20702838,20.1771005,1.055034121,1.058180054,1.056607088
7/3/2020,17.93343137,17.98343137,17.95843137,22.33967546,22.40555715,22.3726163,20.13565675,20.19539343,20.16552509,1.050655663,1.053961646,1.052308654
7/8/2020,17.93941176,17.98941176,17.96441176,22.51037388,22.57851071,22.54444229,20.26615347,20.32803529,20.29709438,1.054967848,1.058144673,1.05655626
7/9/2020,18.05921569,18.10921569,18.08421569,22.85935522,22.92626706,22.89281114,20.48998612,20.5539598,20.52197296,1.074026328,1.077608788,1.075817558
7/10/2020,18.13558824,18.18558824,18.16058824,22.90524794,22.97567218,22.94046006,20.50409606,20.56244462,20.53327034,1.074784323,1.078060575,1.076422449
7/13/2020,18.07392157,18.12392157,18.09892157,22.7912151,22.86151467,22.82636488,20.47956053,20.54165271,20.51060662,1.077875345,1.081205389,1.079540367
7/14/2020,18.1245098,18.1745098,18.1495098,22.68463647,22.75266882,22.71865265,20.613005,20.6771398,20.6450724,1.07742895,1.081121053,1.079275002
7/15/2020,18.15598039,18.20598039,18.18098039,22.93645003,23.00507682,22.97076343,20.76317918,20.82400037,20.79358977,1.095918995,1.09916264,1.097540817
7/16/2020,18.27186275,18.32186275,18.29686275,22.95494117,23.02508491,22.99001304,20.85550414,20.9180707,20.88678742,1.09705996,1.100359307,1.098709633
7/17/2020,18.2722549,18.3222549,18.2972549,22.87138146,22.94495981,22.90817064,20.86326065,20.92218287,20.89272176,1.09444191,1.097929944,1.096185927
7/20/2020,18.18245098,18.23245098,18.20745098,22.95534436,23.02940883,22.9923766,20.76981375,20.83422174,20.80201775,1.087070565,1.090385859,1.088728212
7/21/2020,18.09254902,18.14254902,18.11754902,22.96487247,23.03559449,23.00023348,20.67978353,20.74419055,20.71198704,1.09670423,1.099988421,1.098346325
7/22/2020,18.16401961,18.21401961,18.18901961,23.08646892,23.15366173,23.12006532,21.05209873,21.11551293,21.08380583,1.1084814,1.111776962,1.110129181
7/23/2020,18.15588235,18.20588235,18.18088235,23.04344588,23.11418824,23.07881706,20.98456882,21.046,21.01528441,1.094347543,1.098049623,1.096198583
7/24/2020,18.11754902,18.16754902,18.14254902,23.1361101,23.20722712,23.17166861,21.03266266,21.09615792,21.06441029,1.085091096,1.088724697,1.086907897
7/27/2020,18.14921569,18.19921569,18.17421569,23.325372,23.39691169,23.36114184,21.30717922,21.3731589,21.34016906,1.101140363,1.104783901,1.102962132
7/28/2020,18.1854902,18.2354902,18.2104902,23.41927427,23.48913492,23.4542046,21.3279429,21.3938771,21.36091,1.096687424,1.100226869,1.098457146
7/29/2020,18.22264706,18.27264706,18.24764706,23.64935135,23.72337768,23.68636451,21.40978803,21.47218756,21.44098779,1.103326273,1.106601527,1.1049639
7/30/2020,18.23245098,18.28245098,18.25745098,23.73500469,23.80740767,23.77120618,21.43042288,21.49650586,21.46346437,1.084825843,1.08801446,1.086420152
7/31/2020,18.23862745,18.28862745,18.26362745,23.98744282,24.06051827,24.02398055,21.59635876,21.66105035,21.62870456,1.076717621,1.079949893,1.078333757
8/4/2020,18.22205882,18.27205882,18.24705882,23.67592103,23.74819485,23.71205794,21.37811941,21.44226103,21.41019022,1.042589061,1.045719091,1.044154076
8/5/2020,18.23872549,18.28872549,18.26372549,23.96021368,24.03321417,23.99671392,21.66031039,21.72151926,21.69091483,1.059891882,1.063174369,1.061533125
8/6/2020,18.28960784,18.33960784,18.31460784,24.06912392,24.14225976,24.10569184,21.66586945,21.72693341,21.69640143,1.044654831,1.048073415,1.046364123
8/7/2020,18.36931373,18.41931373,18.39431373,24.03808394,24.11088167,24.0744828,21.70334417,21.76794496,21.73564456,1.046082524,1.049515605,1.047799064
8/10/2020,18.37431373,18.42431373,18.39931373,24.00971575,24.08242047,24.04606811,21.61921753,21.68357482,21.65139618,1.036919302,1.039999194,1.038459248
8/11/2020,18.3127451,18.3627451,18.3377451,23.9878648,24.0607049,24.02428485,21.55226971,21.61295098,21.58261034,1.044038306,1.04717545,1.045606878
8/12/2020,18.31872549,18.36872549,18.34372549,23.88944991,23.9620024,23.92572616,21.60876859,21.67142233,21.64009546,1.055809981,1.058984728,1.057397354
8/13/2020,18.40911765,18.45911765,18.43411765,24.10673956,24.17959821,24.14316888,21.781668,21.84636574,21.81401687,1.056192456,1.059401498,1.057796977
8/14/2020,18.50941176,18.55941176,18.53441176,24.29915576,24.37221953,24.33568765,21.88182659,21.95021629,21.91602144,1.063148292,1.06663286,1.064890576
8/17/2020,18.59333333,18.64313725,18.61823529,24.34425133,24.41505255,24.37965194,22.04053733,22.10516784,22.07285259,1.066357733,1.069545305,1.067951519
8/18/2020,18.67941176,18.72921569,18.70431373,24.63814412,24.71132718,24.67473565,22.29761382,22.36268353,22.33014868,1.076865218,1.079892046,1.078378632
8/19/2020,18.81098039,18.86098039,18.83598039,24.85682949,24.92667169,24.89175059,22.45466729,22.51812449,22.48639589,1.093680727,1.097015087,1.095347907
8/20/2020,18.94941176,18.99941176,18.97441176,24.80099012,24.87402988,24.83751,22.37736035,22.44400512,22.41068274,1.093767454,1.096938394,1.095352924
8/21/2020,19.04441176,19.09441176,19.06941176,24.94056165,25.01367941,24.97712053,22.43812594,22.49894538,22.46853566,1.107587413,1.110714949,1.109151181
8/24/2020,19.16176471,19.21176471,19.18676471,25.11340882,25.18278118,25.148095,22.67986471,22.74480824,22.71233647,1.131488911,1.13485015,1.13316953
8/25/2020,19.27264706,19.32264706,19.29764706,25.32425824,25.39575503,25.36000663,22.78412335,22.84709788,22.81561062,1.151781643,1.155045882,1.153413763
8/26/2020,19.32039216,19.37039216,19.34539216,25.38892733,25.46431753,25.42662243,22.77681031,22.83769235,22.80725133,1.146631225,1.150001315,1.14831627
8/27/2020,19.37715686,19.42715686,19.40215686,25.66310655,25.7351547,25.69913062,22.99487205,23.06392063,23.02939634,1.149168057,1.153357686,1.151262872
8/28/2020,19.42147059,19.47147059,19.44647059,25.7858865,25.85811294,25.82199972,23.08630209,23.14963138,23.11796674,1.161737964,1.165049398,1.163393681
8/31/2020,19.48235294,19.53235294,19.50735294,25.97582118,26.05225235,26.01403676,23.26777412,23.33334882,23.30056147,1.16052044,1.163900949,1.162210694
9/1/2020,19.54088235,19.59088235,19.56588235,26.29225721,26.36736856,26.32981288,23.42365568,23.49142703,23.45754135,1.175964371,1.179228832,1.177596601
9/2/2020,19.56441176,19.61441176,19.58941176,26.12044615,26.19308547,26.15676581,23.19556659,23.26465379,23.23011019,1.163904015,1.167107686,1.16550585
9/3/2020,19.59490196,19.64490196,19.61990196,26.00831337,26.08253633,26.04542485,23.19252596,23.25956392,23.22604494,1.17364962,1.177152048,1.175400834
9/4/2020,19.60578431,19.65578431,19.63078431,25.90708339,25.97708455,25.94208397,23.14854954,23.21544685,23.1819982,1.182788525,1.186155592,1.184472059
9/7/2020,19.63,19.68,19.655,25.83308,25.90872,25.8709,23.204623,23.265696,23.2351595,1.173348316,1.176681614,1.175014965
9/8/2020,19.64598039,19.69598039,19.67098039,25.62425223,25.69734562,25.66079892,23.18618606,23.25307445,23.21963025,1.157886757,1.161915628,1.159901193
9/9/2020,19.69125,19.74125,19.71625,25.49819963,25.5767635,25.53748156,23.25536625,23.32428688,23.28982656,1.180728779,1.18402507,1.182376925
9/10/2020,19.73372549,19.78372549,19.75872549,25.5413609,25.61201102,25.57668596,23.46734635,23.53669822,23.50202228,1.181638982,1.184973525,1.183306254
9/11/2020,19.77411765,19.82411765,19.79911765,25.31482541,25.38874747,25.35178644,23.42441976,23.48761459,23.45601718,1.179030954,1.183218596,1.181124775
9/14/2020,19.78980392,19.83960784,19.81470588,25.48728847,25.55738282,25.52233565,23.5063291,23.57143808,23.53888359,1.188063055,1.191367689,1.189715372
9/15/2020,19.82,19.87,19.845,25.555908,25.622365,25.5891365,23.538232,23.60556,23.571896,1.188377643,1.206135692,1.197256667
9/16/2020,19.85058824,19.90058824,19.87558824,25.76606353,25.83892376,25.80249365,23.53882753,23.60607776,23.57245265,1.216595976,1.219966911,1.218281443
9/17/2020,19.87960784,19.92960784,19.90460784,25.650658,25.72314484,25.68690142,23.4758289,23.74214182,23.60898536,1.220034481,1.224222505,1.222128493
9/18/2020,19.89598039,19.94598039,19.92098039,25.79911777,25.87193117,25.83552447,23.55684078,23.62401918,23.59042998,1.23141551,1.234823493,1.233119501
9/21/2020,19.90205882,19.95205882,19.92705882,25.56220435,25.63440518,25.59830476,23.42074282,23.48556844,23.45315563,1.183983891,1.18816005,1.186071971
9/22/2020,19.91745098,19.96745098,19.94245098,25.50429598,25.57630796,25.54030197,23.41097188,23.47772886,23.44435037,1.200280281,1.203670608,1.201975444
9/23/2020,19.92784314,19.97784314,19.95284314,25.39803608,25.47175,25.43489304,23.28967027,23.35010306,23.31988667,1.169405735,1.172773406,1.171089571
9/24/2020,19.93245098,19.98245098,19.95745098,25.42982096,25.50160394,25.46571245,23.1993797,23.26556768,23.23247369,1.163972728,1.167356069,1.165664398
9/25/2020,19.94313725,19.99313725,19.96813725,25.39559098,25.46725824,25.43142461,23.2038402,23.27001245,23.23692632,1.16746694,1.170860014,1.169163477
9/28/2020,19.96303922,20.01303922,19.98803922,25.67446474,25.74877625,25.7116205,23.28089633,23.34721155,23.31405394,1.170193862,1.173565033,1.171879448
9/29/2020,19.98235294,20.03235294,20.00735294,25.69530765,25.76761559,25.73146162,23.38334941,23.44987235,23.41661088,1.176456735,1.179845039,1.178150887
9/30/2020,19.99294118,20.04294118,20.01794118,25.68093294,25.75517941,25.71805618,23.40573624,23.46627553,23.43600588,1.188817671,1.192435995,1.190626833
10/1/2020,20.01352941,20.06352941,20.03852941,25.91752059,25.99230235,25.95491147,23.52190112,23.58869153,23.55529632,1.202851801,1.206328165,1.204589983
10/2/2020,20.03039216,20.08039216,20.05539216,25.84721804,25.9197702,25.88349412,23.43756186,23.50409902,23.47083044,1.20417649,1.20769785,1.20593717
10/5/2020,20.04127451,20.09127451,20.06627451,26.01157019,26.08651082,26.0490405,23.5885801,23.64943923,23.61900966,1.215020341,1.21865747,1.216838905
10/6/2020,20.05401961,20.10401961,20.07901961,25.95391218,26.02465338,25.98928278,23.65572153,23.72274314,23.68923233,1.214901804,1.218373742,1.216637773
10/7/2020,20.06745098,20.11745098,20.09245098,25.86493757,25.93944129,25.90218943,23.62541004,23.69031027,23.65786016,1.206034604,1.209453872,1.207744238
10/8/2020,20.07382353,20.12382353,20.09882353,25.87315115,25.94765806,25.9104046,23.63291244,23.69781459,23.66536351,1.206417588,1.209836987,1.208127288
10/9/2020,20.08460784,20.13460784,20.10960784,26.04571945,26.11861329,26.08216637,23.72393878,23.78702571,23.75548225,1.22236809,1.225731913,1.224050001
10/12/2020,20.09411765,20.14411765,20.11911765,26.19670118,26.26390059,26.23030088,23.72512471,23.79020294,23.75766382,1.216866569,1.22043401,1.21865029
10/13/2020,20.11127451,20.16127451,20.13627451,26.15873475,26.23183426,26.19528451,23.69510363,23.76207814,23.72859088,1.21934547,1.222747643,1.221046556
10/14/2020,20.13362745,20.18363725,20.15863235,26.22606312,26.29322425,26.25964368,23.66909243,23.72990232,23.69949738,1.220382563,1.223881227,1.222131895
10/15/2020,20.155,20.205,20.18,26.0261515,26.100819,26.06348525,23.569257,23.6297475,23.59950225,1.208246409,1.211606961,1.209926685
10/16/2020,20.17745098,20.22745098,20.20245098,26.00671657,26.07925255,26.04298456,23.66007902,23.7268,23.69343951,1.218710044,1.222305874,1.220507959
10/20/2020,20.20490196,20.25490196,20.22990196,26.10271284,26.17338431,26.13804858,23.8660302,23.93319216,23.89961118,1.221009685,1.224349406,1.222679545
10/21/2020,20.22294118,20.27294118,20.24794118,26.44554018,26.51903435,26.48228726,23.95811841,24.02343529,23.99077685,1.237558361,1.241134624,1.239346493
10/22/2020,20.24705882,20.29705882,20.27205882,26.55806706,26.62771147,26.59288926,23.96036941,24.02765824,23.99401382,1.243378971,1.246977872,1.245178421
10/23/2020,20.26892157,20.31892157,20.29392157,26.48134603,26.55276671,26.51705637,23.99840314,24.06166692,24.03003503,1.248309216,1.251720071,1.250014643
10/26/2020,20.28852941,20.33852941,20.31352941,26.41769415,26.49296841,26.45533128,23.97698406,24.04420947,24.01059676,1.248325155,1.25173276,1.250028958
10/27/2020,20.30745098,20.35745098,20.33245098,26.47685459,26.55018757,26.51352108,24.03183749,24.09711473,24.06447611,1.260541584,1.26403754,1.262289562
10/28/2020,20.32754902,20.37754902,20.35254902,26.28555364,26.36039741,26.32297552,23.82998572,23.89471398,23.86234985,1.239295779,1.242821448,1.241058613
10/29/2020,20.35480392,20.40480392,20.37980392,26.34929368,26.41605916,26.38267642,23.82733347,23.89198491,23.85965919,1.238043922,1.241885756,1.239964839
10/30/2020,20.38921569,20.43921569,20.41421569,26.43461814,26.50761882,26.47111848,23.84722667,23.91183843,23.87953255,1.252408826,1.256568385,1.254488605
11/2/2020,20.42127451,20.47127451,20.44627451,26.42104496,26.4959706,26.45850778,23.78057417,23.84289342,23.81173379,1.257583798,1.261198804,1.259391301
11/3/2020,20.45862745,20.50862745,20.48362745,26.58803224,26.65711396,26.6225731,23.94273171,24.00739929,23.9750655,1.27535626,1.279087144,1.277221702
11/4/2020,20.51362745,20.56362745,20.53862745,26.72515384,26.80057566,26.76286475,24.0296632,24.09440228,24.06203274,1.278521854,1.282933472,1.280727663
11/5/2020,20.5504902,20.6004902,20.5754902,26.86154574,26.93102083,26.89628328,24.31739505,24.38480025,24.35109765,1.299101726,1.302921396,1.301011561
11/6/2020,20.5947549,20.6447549,20.6197549,27.03061581,27.10243424,27.06652502,24.44597407,24.5115175,24.47874578,1.307437462,1.311219325,1.309328393
11/9/2020,20.74898039,20.79898039,20.77398039,27.33678167,27.41305616,27.37491891,24.68298707,24.75078667,24.71688687,1.358024216,1.362384578,1.360204397
11/10/2020,20.82509804,20.87509804,20.85009804,27.57034729,27.64280482,27.60657606,24.58819325,24.65140327,24.61979826,1.338632001,1.342588179,1.34061009
11/11/2020,20.85176471,20.90176471,20.87676471,27.58896988,27.66139541,27.62518265,24.51124941,24.57629494,24.54377218,1.328730307,1.3321796,1.330454953
11/12/2020,20.86496078,20.91496078,20.88996078,27.40612599,27.47807548,27.44210073,24.61648073,24.67965373,24.64806723,1.328622966,1.332400733,1.330511849
11/13/2020,20.87557843,20.92557843,20.90057843,27.46391098,27.53806122,27.5009861,24.6603208,24.72566347,24.69299214,1.335464372,1.339202736,1.337333554
11/16/2020,20.8897451,20.9397451,20.9147451,27.53895096,27.60905391,27.57400244,24.73972512,24.80731602,24.77352057,1.358594244,1.362235883,1.360415064
11/17/2020,20.90558824,20.95558824,20.93058824,27.71035721,27.78501444,27.74768582,24.81493324,24.88056991,24.84775157,1.35762915,1.361539346,1.359584248
11/18/2020,20.91171569,20.96171569,20.93671569,27.7728496,27.84554312,27.80919636,24.815933,24.88365269,24.84979285,1.360261992,1.364295336,1.362278664
11/19/2020,20.92039216,20.97039216,20.94539216,27.69023106,27.76479922,27.72751514,24.75719208,24.8226532,24.78992264,1.34846735,1.352187004,1.350327177
11/20/2020,20.92715686,20.97715686,20.95215686,27.7766153,27.84927345,27.81294438,24.84262791,24.90827606,24.87545199,1.360797268,1.364554304,1.362675786
11/23/2020,20.93405882,20.98405882,20.95905882,28.03489158,28.11234361,28.07361759,24.91990362,24.98362044,24.95176203,1.364965007,1.368760645,1.366862826
11/24/2020,20.94173529,20.99173529,20.96673529,27.91323897,27.98618149,27.94971023,24.85574562,24.91928897,24.88751729,1.364353536,1.368306367,1.366329951
11/25/2020,20.95138235,21.00138235,20.97638235,27.95961975,28.03054503,27.99508239,24.90700334,24.97484389,24.94092362,1.373347821,1.377139826,1.375243824
11/26/2020,20.96042353,21.01042353,20.98542353,27.98216541,28.0531175,28.01764145,24.93451983,24.99820192,24.96636087,1.377072698,1.380865671,1.378969184
11/27/2020,20.97282549,21.02258039,20.99770294,27.96097094,28.03361095,27.99729095,25.00589983,25.06942712,25.03766347,1.373106291,1.37706701,1.375086651
11/30/2020,20.98515686,21.03378431,21.00947059,28.00469183,28.07799868,28.04134526,25.15700605,25.22161077,25.18930841,1.373508974,1.377115342,1.375312158
12/1/2020,20.99535882,21.04535882,21.02035882,28.01830635,28.09344949,28.05587792,25.16923616,25.23548977,25.20236296,1.374176707,1.377873144,1.376024926
12/2/2020,21.00243922,21.05204706,21.02724314,27.99415123,28.06237873,28.02826498,25.34154316,25.40561039,25.37357677,1.36535516,1.369007326,1.367181243
12/3/2020,21.00558824,21.05558824,21.03058824,28.25251618,28.32818841,28.29035229,25.51128691,25.57832859,25.54480775,1.375071238,1.37906656,1.377068899
12/4/2020,21.00798039,21.05739216,21.03268627,28.18430649,28.36641297,28.27535973,25.53520017,25.59947165,25.56733591,1.383851997,1.388716904,1.38628445
12/7/2020,21.0175,21.0675,21.0425,27.89232425,27.96710625,27.92971525,25.45009075,25.51484925,25.48247,1.380069997,1.384016555,1.382043276
12/8/2020,21.02544118,21.07544118,21.05044118,27.98696475,28.06194993,28.02445734,25.49334743,25.56029506,25.52682124,1.366619511,1.402159658,1.384389585
12/9/2020,21.0345,21.0845,21.0595,28.2745749,28.34389335,28.30923413,25.4601588,25.52700415,25.49358148,1.40855398,1.412696817,1.410625399
12/10/2020,21.04311765,21.09311765,21.06811765,27.92632143,27.99900436,27.9626629,25.44323355,25.50579786,25.4745157,1.399422601,1.403942815,1.401682708
12/11/2020,21.0492549,21.0992549,21.0742549,27.69239975,27.76028967,27.72634471,25.51590679,25.58495649,25.55043164,1.39146548,1.395998101,1.393731791
12/14/2020,21.05291176,21.10291176,21.07791176,28.24037584,28.31377671,28.27707628,25.60665658,25.67169216,25.63917437,1.403574237,1.407893239,1.405733738
12/15/2020,21.05869608,21.10869608,21.08369608,28.16390014,28.24132448,28.20261231,25.55893943,25.62384617,25.5913928,1.405271501,1.409360446,1.407315973
12/16/2020,21.06405882,21.11405882,21.08905882,28.52073565,28.59265846,28.55669705,25.67287489,25.74014911,25.706512,1.415595351,1.420072155,1.417833753
12/17/2020,21.07058431,21.12048627,21.09553529,28.64967349,28.72386133,28.68676741,25.79882343,25.86625954,25.83254149,1.434524606,1.439019301,1.436771953
12/18/2020,21.07712549,21.12712549,21.10212549,28.44147314,28.51739399,28.47943356,25.81947873,25.88495415,25.85221644,1.445064001,1.449396322,1.447230161
12/21/2020,21.08341961,21.13341961,21.10841961,28.01353963,28.088428,28.05098382,25.68382177,25.74684511,25.71533344,1.419778018,1.424084879,1.421931448
12/22/2020,21.08920392,21.13920392,21.11420392,28.31225626,28.38783695,28.35004661,25.81529452,25.88072736,25.84801094,1.445624502,1.450175202,1.447899852
12/23/2020,21.09965686,21.14965686,21.12465686,28.31573951,28.39341434,28.35457692,25.68672226,25.74970723,25.71821475,1.443738239,1.448576869,1.446157554
12/24/2020,21.10903922,21.15903922,21.13403922,28.66818616,28.74032297,28.70425456,25.73402971,25.79921652,25.76662311,1.442327454,1.446979684,1.444653569
12/28/2020,21.11747059,21.16747059,21.14247059,28.52336752,28.59936951,28.56136852,25.78443159,25.84971508,25.81707334,1.446075242,1.451218332,1.448646787
12/29/2020,21.1260098,21.1760098,21.1510098,28.49687462,28.56855483,28.53271473,25.89203762,25.95967042,25.92585402,1.443191182,1.447407764,1.445299473
12/30/2020,21.13365686,21.18365686,21.15865686,28.71852631,28.79494477,28.75673554,25.95635736,26.02200409,25.98918072,1.441960185,1.446348693,1.444154439
12/31/2020,21.14002941,21.19002941,21.16502941,28.87939418,28.95405619,28.91672518,25.93036008,25.99592808,25.96314408,1.438684457,1.444033025,1.441358741
1/4/2021,21.14805098,21.19805098,21.17305098,28.8713192,28.94593861,28.90862891,25.99518427,26.06512349,26.03015388,1.448992873,1.453524159,1.451258516
1/5/2021,21.15559804,21.20559804,21.18059804,28.71660878,28.79296102,28.7547849,25.95580323,26.01926879,25.98753601,1.406697034,1.410884766,1.4087909
1/6/2021,21.16938824,21.21938824,21.19438824,28.83270678,28.90505065,28.86887872,26.11667427,26.18684702,26.15176064,1.410399296,1.414512721,1.412456009
1/7/2021,21.18455882,21.23455882,21.20955882,28.82371074,28.89598765,28.85984919,25.99980904,26.06754441,26.03367673,1.382010257,1.38603162,1.384020938
1/8/2021,21.2016,21.2516,21.2266,28.8129744,28.8915502,28.8522623,25.96559952,26.03321,25.99940476,1.387040005,1.391649422,1.389344714
1/11/2021,21.21629804,21.26629804,21.24129804,28.59744813,28.67334965,28.63539889,25.80750493,25.87683145,25.84216819,1.372024318,1.376272354,1.374148336
1/12/2021,21.23246078,21.28226471,21.25736275,28.87402342,28.94813645,28.91107994,25.81442582,25.87710566,25.84576574,1.379985752,1.384509502,1.382247627
1/13/2021,21.24518824,21.29519608,21.27019216,29.08041366,29.15312343,29.11676854,25.85539408,25.92477171,25.89008289,1.387658359,1.392707634,1.390182996
1/14/2021,21.25600784,21.30600784,21.28100784,28.97618989,29.0550029,29.01559639,25.77290951,25.83992631,25.80641791,1.399047458,1.403557829,1.401302644
1/15/2021,21.26927647,21.31927647,21.29427647,28.99002383,29.06030576,29.02516479,25.78899772,25.85815043,25.82357408,1.396501502,1.401376213,1.398938857
1/18/2021,21.28120588,21.33120588,21.30620588,28.81688089,28.88885213,28.85286651,25.66726241,25.73396678,25.7006146,1.387889646,1.392085588,1.389987617
1/19/2021,21.29101176,21.34101176,21.31601176,28.98771252,29.06005572,29.02388412,25.84090098,25.90798828,25.87444463,1.334725781,1.428725239,1.38172551
1/20/2021,21.3010902,21.3510902,21.3260902,29.10580964,29.18053497,29.14317231,25.77005892,25.83695425,25.80350658,1.422158512,1.426553942,1.424356227
1/21/2021,21.3154902,21.3654902,21.3404902,29.24058945,29.3198622,29.28022582,25.91963608,25.98470918,25.95217263,1.434439911,1.439858895,1.437149403
1/22/2021,21.32569804,21.37569804,21.35069804,29.12237324,29.19706595,29.1597196,25.93844653,26.00353666,25.97099159,1.410588362,1.415796664,1.413192513
1/25/2021,21.34,21.38990196,21.36495098,29.18245,29.25496891,29.21870946,25.91743,25.9844529,25.95094145,1.40146714,1.405759893,1.403613517
1/26/2021,21.35464706,21.40464706,21.37964706,29.27295019,29.35647344,29.31471181,25.96725082,26.03019129,25.99872106,1.411065837,1.415099072,1.413082455
1/27/2021,21.36493137,21.41453922,21.38973529,29.23577209,29.30793837,29.27185523,25.85797644,25.92229972,25.89013808,1.401144487,1.4057992,1.403471844
1/28/2021,21.37552549,21.42552549,21.40052549,29.16690453,29.23941464,29.20315958,25.84301032,25.91203053,25.87752042,1.400544183,1.405035411,1.402789797
1/29/2021,21.38752157,21.43752157,21.41252157,29.37148337,29.45086713,29.41117525,25.97300619,26.04015745,26.00658182,1.422165584,1.426154165,1.424159875
2/1/2021,21.40201961,21.45201961,21.42701961,29.32932767,29.40428328,29.36680547,25.84721908,25.91403969,25.88062938,1.423830248,1.428116236,1.425973242
2/2/2021,21.41551961,21.46551961,21.44051961,29.26002444,29.3390722,29.29954832,25.7800025,25.84663216,25.81331733,1.429769707,1.433959919,1.431864813
2/3/2021,21.42859804,21.47859804,21.45359804,29.19646483,29.26888555,29.23267519,25.74646054,25.81512698,25.78079376,1.434512083,1.439102046,1.436807064
2/4/2021,21.44472549,21.49472549,21.46972549,29.3106508,29.38543922,29.34804501,25.72080375,25.78722217,25.75401296,1.426111609,1.430378411,1.42824501
2/5/2021,21.46304706,21.51304706,21.48804706,29.38505773,29.45781534,29.42143653,25.71916929,25.7812356,25.75020244,1.433622359,1.437653506,1.435637932
2/8/2021,21.47897843,21.52897843,21.50397843,29.42405255,29.49900625,29.4615294,25.86283793,25.93165452,25.89724622,1.439812469,1.443657692,1.441735081
2/9/2021,21.49559804,21.54559804,21.52059804,29.6101863,29.68121586,29.64570108,26.00107539,26.06801907,26.03454723,1.453770639,1.457842361,1.4558065
2/10/2021,21.51666042,21.56666042,21.54166042,29.76614802,29.83963135,29.80288969,26.08679909,26.15388909,26.12034409,1.46225614,1.466640853,1.464448496
2/11/2021,21.53313542,21.58313542,21.55813542,29.80185942,29.87537604,29.83861773,26.14983965,26.21487628,26.18235796,1.472905053,1.477173889,1.475039471
2/12/2021,21.54930208,21.59930208,21.57430208,29.72726222,29.80487694,29.76606958,26.07681045,26.14379524,26.11030285,1.470349967,1.474868526,1.472609247
2/15/2021,21.5713,21.6213,21.5963,29.99273552,30.06657978,30.02965765,26.15951551,26.2266369,26.19307621,1.494654352,1.499074401,1.496864377
2/16/2021,21.58804902,21.63804902,21.61304902,30.02034097,30.09852619,30.05943358,26.21005031,26.27724673,26.24364852,1.4845922,1.48883951,1.486715855
2/17/2021,21.60136275,21.65136275,21.62636275,29.95244958,30.03044013,29.99144485,26.05556374,26.11803888,26.08680131,1.464896429,1.469163935,1.467030182
2/18/2021,21.61401961,21.66401961,21.63901961,30.17749418,30.25380338,30.21564878,26.11621989,26.1809677,26.14859379,1.486787156,1.49159119,1.489189173
2/19/2021,21.62871569,21.67871569,21.65371569,30.35157672,30.42824534,30.38991103,26.2529351,26.31796084,26.28544797,1.479503635,1.483847533,1.481675584
2/22/2021,21.65023529,21.70023529,21.67523529,30.36662002,30.44543012,30.40602507,26.27256053,26.33757558,26.30506805,1.453650557,1.458104169,1.455877363
2/23/2021,21.6772549,21.7272549,21.7022549,30.5042331,30.583284,30.54375855,26.3205229,26.38557835,26.35305063,1.474292169,1.479080914,1.476686541
2/24/2021,21.70814706,21.75814706,21.73314706,30.62802469,30.70727294,30.66764881,26.3493489,26.41439053,26.38186971,1.499699279,1.504192676,1.501945977
2/25/2021,21.7455098,21.7955098,21.7705098,30.75684907,30.83410772,30.79547839,26.59475849,26.66244714,26.62860282,1.468675947,1.472978111,1.470827029
2/26/2021,21.77931373,21.82931373,21.80431373,30.34293988,30.4278804,30.38541014,26.40306203,26.47240875,26.43773539,1.457941528,1.46236543,1.460153479
3/1/2021,21.81238627,21.86237255,21.83737941,30.37156665,30.44335377,30.40746021,26.28828794,26.35509011,26.32168902,1.447981033,1.452340536,1.450160784
3/2/2021,21.83677451,21.88677451,21.86177451,30.39460644,30.47076747,30.43268696,26.26527238,26.33197841,26.2986254,1.446910582,1.451233267,1.449071924
3/3/2021,21.85838235,21.90838235,21.88338235,30.50774425,30.58191093,30.54482759,26.34153657,26.40398241,26.37275949,1.463185533,1.468144235,1.465664884
3/4/2021,21.87496078,21.92486275,21.89991176,30.50682031,30.58299104,30.54490568,26.31557782,26.38218734,26.34888258,1.454297467,1.458914757,1.456606112
3/5/2021,21.88906863,21.93867647,21.91387255,30.27477082,30.3521589,30.31346486,26.12679231,26.19258584,26.15968908,1.43096672,1.43556117,1.433263945
3/9/2021,21.9082451,21.95804902,21.93314706,30.38016348,30.45581399,30.41798873,26.03575847,26.09933706,26.06754777,1.420528646,1.424700178,1.422614412
3/10/2021,21.92771569,21.97771569,21.95271569,30.42470551,30.49847606,30.46159079,26.06547564,26.12930618,26.09739091,1.433455733,1.437466688,1.43546121
3/11/2021,21.93930392,21.98930392,21.96430392,30.63823793,30.71246079,30.67534936,26.2108864,26.28161605,26.24625122,1.472940666,1.477279404,1.475110035
3/15/2021,21.95182353,22.00182353,21.97682353,30.55254799,30.63093872,30.59174335,26.17096401,26.23717456,26.20406929,1.476964201,1.481145472,1.479054837
3/16/2021,21.96119412,22.01099804,21.98609608,30.46896072,30.54466198,30.50681135,26.18652787,26.25471846,26.22062316,1.477823365,1.481892781,1.479858073
3/17/2021,21.97050392,22.01991569,21.9952098,30.55218275,30.62529874,30.58874074,26.16687017,26.23452755,26.20069886,1.474174288,1.478461889,1.476318089
3/18/2021,21.97915686,22.02856863,22.00386275,30.61256968,30.69020181,30.65138575,26.19036332,26.25364809,26.2220057,1.486524515,1.490985727,1.488755121
3/19/2021,21.98787255,22.03777451,22.01282353,30.47519135,30.55317058,30.51418097,26.14138167,26.20952522,26.17545345,1.492706993,1.497131421,1.494919207
3/22/2021,21.99757843,22.04757843,22.02257843,30.4160517,30.48959621,30.45282395,26.22331325,26.28732776,26.25532051,1.489836061,1.494497775,1.492166918
3/23/2021,22.00822083,22.05822083,22.03322083,30.35153735,30.42710982,30.38932358,26.15236882,26.21840128,26.18538505,1.488047386,1.492184734,1.49011606
3/24/2021,22.02019792,22.07019792,22.04519792,30.19409538,30.26927644,30.23168591,26.04769212,26.11125116,26.07947164,1.485702964,1.49021262,1.487957792
3/25/2021,22.03257292,22.08257292,22.05757292,30.21987701,30.29287353,30.25637527,26.01385884,26.07951861,26.04668873,1.47075017,1.474826215,1.472788192
3/26/2021,22.04380208,22.09380208,22.06880208,30.36754175,30.44746865,30.4075052,25.97421199,26.03975514,26.00698357,1.467805868,1.472242907,1.470024387
3/29/2021,22.05329167,22.10329167,22.07829167,30.47323843,30.54674908,30.50999375,25.99200956,26.05536022,26.02368489,1.470219444,1.474152266,1.472185855
3/30/2021,22.06030625,22.11030625,22.08530625,30.31086079,30.39061594,30.35073836,25.87673923,25.94423335,25.91048629,1.47583282,1.47989065,1.477861735
3/31/2021,22.06916667,22.11895833,22.0940625,30.36496642,30.43789856,30.40143249,25.86947717,25.93447865,25.90197791,1.493157513,1.498320632,1.495739072
4/1/2021,22.079125,22.129125,22.104125,30.46698459,30.54040541,30.503695,25.94959561,26.01278644,25.98119103,1.507076647,1.511459337,1.509267992
4/6/2021,22.08795,22.13795,22.11295,30.55647003,30.63670901,30.59658952,26.12341847,26.18919485,26.15630666,1.519387924,1.523445618,1.521416771
4/7/2021,22.10044167,22.15023333,22.1253375,30.63342219,30.73344875,30.68343547,26.14924258,26.22809129,26.18866694,1.520027626,1.524238462,1.522133044
4/8/2021,22.12027292,22.17027292,22.14527292,30.45961581,30.53289986,30.49625783,26.28552031,26.35158639,26.31855335,1.528297539,1.532281386,1.530289462
4/9/2021,22.13789167,22.18768333,22.1627875,30.35990463,30.43262646,30.39626555,26.28210499,26.34787396,26.31498947,1.513546759,1.517666922,1.51560684
4/12/2021,22.15210417,22.20189583,22.177,30.45692802,30.52982696,30.49337749,26.38758648,26.45355889,26.42057268,1.519744801,1.523923964,1.521834382
4/13/2021,22.16492708,22.21492708,22.18992708,30.40141399,30.47887996,30.44014697,26.4449745,26.51129398,26.47813424,1.511458007,1.515446284,1.513452146
4/14/2021,22.17328125,22.22328125,22.19828125,30.50821767,30.58145733,30.5448375,26.52589636,26.59237834,26.55913735,1.534345094,1.538933795,1.536639444
4/15/2021,22.18128125,22.23123958,22.20626042,30.52809738,30.61019378,30.56914558,26.57761119,26.67304125,26.62532622,1.534824332,1.539399618,1.537111975
4/16/2021,22.1885,22.23833333,22.21341667,30.6023792,30.68000467,30.64119193,26.5906984,26.659314,26.6250062,1.548557072,1.552782743,1.550669907
4/19/2021,22.19861458,22.24861458,22.22361458,30.95152831,31.02569304,30.98861068,26.69383404,26.76063362,26.72723383,1.557742857,1.562435626,1.560089241
4/20/2021,22.20823958,22.25792708,22.23308333,30.99826081,31.074292,31.03627641,26.73427881,26.80077,26.76752441,1.552036088,1.556041378,1.554038733
4/21/2021,22.21638542,22.26596875,22.24117708,30.86522426,30.94301677,30.90412052,26.67077069,26.73697528,26.70387298,1.555213853,1.559787653,1.557500753
4/22/2021,22.2250625,22.2750625,22.2500625,30.89283688,30.96679189,30.92981438,26.74786272,26.81249273,26.78017773,1.556627643,1.560807378,1.558717511
4/23/2021,22.23434792,22.28434792,22.25934792,30.86349834,30.93736021,30.90042928,26.83908137,26.90612167,26.87260152,1.559943867,1.56408829,1.562016079
4/26/2021,22.24330208,22.29329167,22.26829688,30.88482494,30.96092347,30.9228742,26.84988994,26.91469103,26.88229049,1.558505492,1.562862207,1.56068385
4/27/2021,22.25307292,22.30296875,22.27802083,30.9139689,31.19739269,31.05568079,26.89283862,26.97098011,26.93190936,1.557553119,1.563321423,1.560437271
4/28/2021,22.26261458,22.31261458,22.28761458,30.9027353,30.97883409,30.9407847,26.87320206,26.93578833,26.90449519,1.55539045,1.559853651,1.55762205
4/29/2021,22.27207292,22.32207292,22.29707292,31.04504244,31.12366627,31.08435435,26.97816192,27.04319134,27.01067663,1.551476999,1.558314281,1.55489564
4/30/2021,22.28388542,22.33388542,22.30888542,30.9211194,31.00389974,30.96250957,26.92784714,26.99273391,26.96029053,1.546289373,1.550727348,1.548508361
5/3/2021,22.29896667,22.34896667,22.32396667,30.96211522,31.03824491,31.00018006,26.86356514,26.92826994,26.89591754,1.542017901,1.546213274,1.544115588
5/4/2021,22.31136458,22.36136458,22.33636458,30.90570222,30.98390677,30.94480449,26.83164705,26.89848546,26.86506625,1.537823922,1.542088629,1.539956275
5/5/2021,22.32281458,22.37281458,22.34781458,31.03540912,31.10939868,31.0724039,26.78514522,26.84961478,26.81738,1.547315731,1.551900237,1.549607984
5/6/2021,22.33529167,22.38529167,22.36029167,31.01925307,31.0909316,31.05509233,26.91849352,26.9854691,26.95198131,1.565038585,1.569752017,1.567395301
5/7/2021,22.34506458,22.39506458,22.37006458,31.11326793,31.19632496,31.15479645,27.05316969,27.1181837,27.0856767,1.5806422,1.585199509,1.582920854
5/10/2021,22.35560417,22.40560417,22.38060417,31.15029885,31.24909613,31.19969749,27.28948601,27.58353929,27.43651265,1.579957183,1.585833286,1.582895235
5/11/2021,22.3663,22.4163,22.3913,31.59239875,31.66974864,31.6310737,27.17952776,27.24925428,27.21439102,1.594472247,1.59973595,1.597104099
5/12/2021,22.380875,22.430875,22.405875,31.6017955,31.68136785,31.64158168,27.09204919,27.15930345,27.12567632,1.598382754,1.602835042,1.600608898
5/13/2021,22.39372917,22.44372917,22.41872917,31.43183826,31.51324012,31.47253919,27.0628217,27.12773544,27.09527857,1.58430877,1.5888016,1.586555185
5/14/2021,22.40589583,22.45589583,22.43089583,31.68193671,31.95698536,31.81946103,27.09993101,27.16714278,27.13353689,1.586774867,1.591138434,1.588956651
5/17/2021,22.41866042,22.46866042,22.44366042,31.62600425,31.70103298,31.66351862,27.22970494,27.30166927,27.26568711,1.584940078,1.589295167,1.587117622
5/18/2021,22.42908333,22.47882292,22.45395313,31.84929833,31.93116795,31.89023314,27.3993682,27.46687372,27.43312096,1.601413938,1.605997293,1.603705616
5/19/2021,22.43908333,22.4889375,22.46401042,31.76476637,31.84658439,31.80567538,27.40485248,27.47248605,27.43866926,1.596508266,1.601593657,1.599050962
5/20/2021,22.44877917,22.49878958,22.47378438,31.7268596,31.80203908,31.76444934,27.38302083,27.44852329,27.41577206,1.596948146,1.601531116,1.599239631
5/21/2021,22.46042708,22.51042708,22.48542708,31.87808416,31.95580229,31.91694322,27.38824479,27.45371687,27.42098083,1.61464998,1.619746507,1.617198244
5/24/2021,22.47255833,22.52214167,22.49735,31.780692,31.85756939,31.81913069,27.43225196,27.50178719,27.46701957,1.607674634,1.612456089,1.610065361
5/26/2021,22.48220833,22.53220833,22.50720833,31.82806234,32.00700194,31.91753214,27.46201748,27.5681569,27.51508719,1.607077332,1.613072866,1.610075099
5/27/2021,22.4850625,22.5350625,22.5100625,31.85009103,31.92993006,31.89001054,27.41153969,27.47700171,27.4442707,1.636800986,1.641599891,1.639200438
5/28/2021,22.49127083,22.54127083,22.51627083,31.83189561,31.90942299,31.8706593,27.30890105,27.3741193,27.34151017,1.62376606,1.629069433,1.626417747
5/31/2021,22.4945,22.5445,22.5195,31.89495155,31.9726099,31.93378073,27.4387911,27.50654445,27.47266778,1.634477748,1.639504611,1.636991179
6/1/2021,22.50374792,22.55374792,22.52874792,31.86755742,31.94738392,31.90747067,27.48832808,27.5561692,27.52224864,1.631474819,1.636654082,1.634064451
6/2/2021,22.51163542,22.56142708,22.53653125,31.87872691,31.95374918,31.91623805,27.42817659,27.49335504,27.46076582,1.641770987,1.646374854,1.64407292
6/3/2021,22.51445833,22.56445833,22.53945833,31.83769553,31.91516987,31.8764327,27.36857555,27.44063778,27.40460666,1.653383833,1.657859193,1.655621513
6/4/2021,22.51417708,22.56417708,22.53917708,31.96112579,32.03661862,31.99887221,27.40650776,27.47639843,27.4414531,1.66153836,1.666630505,1.664084432
6/7/2021,22.52104167,22.57104167,22.54604167,31.92582867,32.00347998,31.96465432,27.41035981,27.48024323,27.44530152,1.666719088,1.671211011,1.66896505
6/8/2021,22.52571875,22.57571875,22.55071875,31.86488174,31.93786932,31.90137553,27.43407287,27.50399815,27.46903551,1.661666611,1.666239972,1.663953291
6/9/2021,22.53001667,22.58001667,22.55501667,31.88898559,31.9665296,31.92775759,27.52041536,27.58826436,27.55433986,1.662388338,1.667578739,1.664983538
6/10/2021,22.53442708,22.58442708,22.55942708,31.89072121,31.96825654,31.92948887,27.47172006,27.54170883,27.50671444,1.656346396,1.661670401,1.659008398
6/11/2021,22.54071875,22.59071875,22.56571875,31.8815926,31.96134889,31.92147074,27.3373837,27.40028277,27.36883324,1.653648604,1.658046573,1.655847588
6/12/2021,22.54794792,22.59773958,22.57284375,31.82191889,31.8989692,31.86044405,27.32360329,27.39297992,27.3582916,1.639457288,1.643806709,1.641631998
6/13/2021,22.55455417,22.60455417,22.57955417,31.770345,31.84529591,31.80782045,27.34965238,27.42158466,27.38561852,1.63540715,1.63975787,1.63758251
6/14/2021,22.55803125,22.60792708,22.58297917,31.82712629,31.90204591,31.8645861,27.34935709,27.41663317,27.38299513,1.639332237,1.643818362,1.6415753
6/15/2021,22.55973958,22.60965625,22.58469792,31.43248516,31.50881695,31.47065106,26.93407309,27.00045149,26.96726229,1.605138465,1.609434394,1.607286429
6/18/2021,22.56558333,22.61558333,22.59058333,31.26461571,31.34746006,31.30603788,26.807913,26.87635923,26.84213612,1.591007906,1.595365576,1.593186741
6/21/2021,22.57153542,22.62153542,22.59653542,31.31349108,31.38738039,31.35043574,26.84206992,26.90379207,26.87293099,1.579854233,1.584351939,1.582103086
6/22/2021,22.57692083,22.62687917,22.6019,31.37288919,31.44457398,31.40873158,26.88008194,26.9463504,26.91321617,1.574379774,1.578953627,1.576666701
6/23/2021,22.58322917,22.63322917,22.60822917,31.38391357,31.4556619,31.41978773,26.89210929,26.95843926,26.92527428,1.574775753,1.579385723,1.577080738
6/24/2021,22.5897125,22.63960833,22.61466042,31.4448798,31.52339064,31.48413522,26.99696541,27.05885988,27.02791264,1.591362749,1.595732071,1.59354741
6/25/2021,22.59688542,22.64688542,22.62188542,31.45034512,31.53125857,31.49080184,27.02361527,27.09473371,27.05917449,1.608971997,1.613957156,1.611464576
6/28/2021,22.60286458,22.65285417,22.62785938,31.4134612,31.48973258,31.45159689,26.93583372,27.00446745,26.97015059,1.588026992,1.592176767,1.590101879
6/29/2021,22.60850208,22.65850208,22.63350208,31.42355705,31.4998496,31.46170332,26.94707363,27.02026373,26.98366868,1.588400751,1.592551349,1.59047605
6/30/2021,22.6143125,22.6643125,22.6393125,31.26654846,31.34474419,31.30564633,26.84092751,26.90253894,26.87173322,1.586869075,1.592053365,1.58946122
7/1/2021,22.61809375,22.66663542,22.64236458,31.24689652,31.32302348,31.28496,26.86350995,26.93022954,26.89686974,1.581684878,1.586743816,1.584214347
7/2/2021,22.57692083,22.62687917,22.6019,31.37288919,31.44457398,31.40873158,26.88008194,26.9463504,26.91321617,1.574379774,1.578953627,1.576666701
7/7/2021,22.63499583,22.68457917,22.6597875,31.31098974,31.38184682,31.34641828,26.84510506,26.91298472,26.87904489,1.589692514,1.593678502,1.591685508
7/8/2021,22.62577083,22.67545833,22.65061458,31.12853551,31.20596576,31.16725064,26.80022555,26.86815058,26.83418807,1.573495986,1.578598215,1.5760471
7/9/2021,22.63499583,22.68457917,22.6597875,31.31098974,31.38184682,31.34641828,26.84510506,26.91298472,26.87904489,1.589692514,1.593678502,1.591685508
7/12/2021,22.64289167,22.69268333,22.6677875,31.36040496,31.43163569,31.39602032,26.84088378,26.90217609,26.87152994,1.568175889,1.572441072,1.570308481
7/13/2021,22.63905208,22.68879167,22.66392188,31.26905874,31.34683457,31.30794665,26.73445661,26.79546296,26.76495978,1.545243405,1.550225588,1.547734497
7/14/2021,22.63758333,22.68758333,22.66258333,31.42322943,31.50170946,31.46246944,26.74630471,26.81445474,26.78037973,1.543847026,1.548841374,1.5463442
7/15/2021,22.6344375,22.68436458,22.65940104,31.34416905,31.42238182,31.38327544,26.74937824,26.81745581,26.78341702,1.55510773,1.559470142,1.557288936
7/16/2021,22.59871875,22.64871875,22.62371875,31.21787008,31.29599957,31.25693483,26.65744864,26.71869351,26.68807107,1.568614734,1.573723839,1.571169287
7/19/2021,22.54260417,22.59260417,22.56760417,30.91492735,30.9925344,30.95373088,26.63859534,26.70219886,26.6703971,1.557347438,1.562420758,1.559884098
7/20/2021,22.35635417,22.40635417,22.38135417,30.4001704,30.4748823,30.43752635,26.31119322,26.37676013,26.34397667,1.532317162,1.536660506,1.534488834
7/21/2021,22.29145833,22.34145833,22.31645833,30.39663258,30.46928088,30.43295673,26.23704646,26.30036475,26.2687056,1.514982896,1.523350493,1.519166695
7/22/2021,22.15848958,22.20848958,22.18348958,30.50780846,30.58331101,30.54555973,26.12042752,26.18825092,26.15433922,1.520464513,1.524617247,1.52254088
7/23/2021,21.36239583,21.41239583,21.38739583,29.41174658,29.48915154,29.45044906,25.15849357,25.22594353,25.19221855,1.448543538,1.453412241,1.450977889
7/26/2021,20.24625,20.29625,20.27125,27.89528325,27.96620288,27.93074306,23.85210713,23.917101,23.88460406,1.359054997,1.363070094,1.361062545
7/27/2021,19.2759375,19.3259375,19.3009375,26.63741803,26.71424341,26.67583072,22.78030294,22.84325813,22.81178053,1.300477493,1.304924882,1.302701188
7/28/2021,19.15375,19.20375,19.17875,26.5624205,26.64136238,26.60189144,22.5937635,22.65850463,22.62613406,1.293700272,1.297980412,1.295840342
7/29/2021,19.19177083,19.24177083,19.21677083,26.7821162,26.85766373,26.81988996,22.79406622,22.86114793,22.82760707,1.313263548,1.318037841,1.315650694
7/30/2021,19.18645833,19.23645833,19.21145833,26.74976021,26.82716479,26.7884625,22.79159385,22.85675979,22.82417682,1.314825411,1.319119671,1.316972541
8/3/2021,19.175,19.225,19.2,26.6705075,26.7477425,26.709125,22.77223,22.8412225,22.80672625,1.332828237,1.337205258,1.335016748
8/4/2021,19.19560625,19.24539792,19.22050208,26.76443379,26.83963193,26.80203286,22.82549539,22.89240082,22.85894811,1.346757658,1.350990349,1.348874003
8/5/2021,19.21722917,19.26722917,19.24222917,26.72732233,26.80071577,26.76401905,22.74359072,22.81239933,22.77799503,1.334585411,1.338727169,1.33665629
8/6/2021,19.2291125,19.2791125,19.2541125,26.71692891,26.79411055,26.75551973,22.65381744,22.71465035,22.68423389,1.322351908,1.326812235,1.324582071
8/9/2021,19.24790625,19.29790625,19.27290625,26.71994346,26.79128325,26.75561335,22.63938733,22.70012712,22.66975723,1.316888538,1.320969152,1.318928845
8/10/2021,19.27602083,19.3258125,19.30091667,26.67994044,26.75272224,26.71633134,22.5780032,22.64212193,22.61006256,1.299361027,1.303270853,1.30131594
8/11/2021,19.29598958,19.34578125,19.32088542,26.71529758,26.79197245,26.75363502,22.6052518,22.67325563,22.63925371,1.300663246,1.304599886,1.302631566
8/16/2021,19.17557292,19.22557292,19.20057292,26.58309673,26.65817941,26.62063807,22.59266001,22.65733768,22.62499885,1.300241591,1.304082924,1.302162258
8/17/2021,19.12802083,19.17802083,19.15302083,26.32398227,26.40046348,26.36222288,22.45055805,22.51307866,22.48181835,1.283062284,1.287227801,1.285145042
8/18/2021,19.00635417,19.05635417,19.03135417,26.15464397,26.22916588,26.19190492,22.26214264,22.32451891,22.29333077,1.273406373,1.277329707,1.27536804
8/19/2021,17.94427083,17.99427083,17.96927083,24.5477625,24.61796193,24.58286221,20.98941359,21.0550963,21.02225495,1.184026105,1.188015108,1.186020607
8/20/2021,17.26197917,17.31197917,17.28697917,23.52117281,23.59103401,23.55610341,20.15508688,20.21866047,20.18687367,1.12886846,1.13279759,1.130833025
8/23/2021,16.84197917,16.89197917,16.86697917,23.05330108,23.12849788,23.09089948,19.75732576,19.82104835,19.78918706,1.110084444,1.113871927,1.111978186
8/25/2021,16.53104167,16.58104167,16.55604167,22.65083329,22.7210014,22.68591734,19.39256498,19.45619429,19.42437964,1.103901922,1.107832624,1.105867273
8/26/2021,16.43458333,16.48458333,16.45958333,22.54824833,22.62509063,22.58666948,19.32049617,19.38587,19.35318308,1.099266468,1.103311916,1.101289192
8/27/2021,16.04104167,16.09104167,16.06604167,22.00028865,22.07369096,22.0369898,18.84661985,18.91019217,18.87840601,1.075995041,1.079950178,1.07797261
8/30/2021,15.8628125,15.9128125,15.8878125,21.80343578,21.87693463,21.8401852,18.70384222,18.7643885,18.73411536,1.083532845,1.087542459,1.085537652
8/31/2021,15.91354167,15.96354167,15.93854167,21.89066792,21.96742969,21.9290488,18.80662354,18.87369531,18.84015943,1.090857731,1.094660372,1.092759051
9/1/2021,15.97416667,16.02416667,15.99916667,22.01399908,22.0845065,22.04925279,18.90223142,18.96620367,18.93421754,1.105669954,1.110360438,1.108015196
9/2/2021,16.03147917,16.08147917,16.05647917,22.09939403,22.16992718,22.13466061,18.99409652,19.05976911,19.02693281,1.117176249,1.121442062,1.119309155
9/3/2021,16.07054167,16.12054167,16.09554167,22.25609315,22.33178637,22.29393976,19.1126952,19.17699637,19.14484579,1.123727662,1.128036336,1.125881999
9/6/2021,16.09617708,16.14617708,16.12117708,22.26423214,22.33823599,22.30123407,19.09811411,19.16389758,19.13100584,1.129564213,1.133868713,1.131716463
9/7/2021,16.13075,16.18075,16.15575,22.22494735,22.30030965,22.2626285,19.11009953,19.17257068,19.1413351,1.125717935,1.129696085,1.12770701
9/8/2021,16.154625,16.20452083,16.17957292,22.22553308,22.30228202,22.26390755,19.0883049,19.14888227,19.11859358,1.131735929,1.135637204,1.133686567
9/9/2021,16.17972917,16.22972917,16.20472917,22.39598111,22.47006003,22.43302057,19.13738366,19.20301555,19.1701996,1.144681469,1.148885369,1.146783419
9/10/2021,16.208125,16.25791667,16.23302083,22.483911,22.55623358,22.52007229,19.16610781,19.23148963,19.19879872,1.14677966,1.151337143,1.149058402
9/13/2021,16.24877083,16.29877083,16.27377083,22.47042519,22.54445982,22.5074425,19.14592667,19.2097313,19.17782899,1.146702247,1.150734325,1.148718286
9/14/2021,16.2889375,16.3389375,16.3139375,22.64976759,22.72092649,22.68534704,19.28121532,19.34693589,19.31407561,1.146833681,1.150759064,1.148796373
9/15/2021,16.33427083,16.38427083,16.35927083,22.58376285,22.65780814,22.62078549,19.29894099,19.36620813,19.33257456,1.142057041,1.14646674,1.144261891
9/16/2021,16.35934375,16.40934375,16.38434375,22.55135536,22.62520316,22.58827926,19.22550078,19.28754264,19.25652171,1.122640627,1.126643946,1.124642287
9/17/2021,16.38070208,16.43070208,16.40570208,22.60045466,22.67436888,22.63741177,19.28991477,19.35372398,19.32181938,1.120676351,1.124566385,1.122621368
9/20/2021,16.40959375,16.45938542,16.43448958,22.42370986,22.49997986,22.46184486,19.22055716,19.28546189,19.25300953,1.11129429,1.115777068,1.113535679
9/21/2021,16.4321875,16.481875,16.45703125,22.44801134,22.52413038,22.48607086,19.28152881,19.3431285,19.31232866,1.105138073,1.109203389,1.107170731
9/22/2021,16.45972083,16.50972083,16.48472083,22.4461213,22.52091019,22.48351574,19.30725254,19.37250643,19.33987948,1.110432633,1.115310673,1.112871653
9/23/2021,16.5266875,16.5766875,16.5516875,22.65478323,22.73161157,22.6931974,19.38415177,19.44445444,19.4143031,1.127485844,1.131483611,1.129484728
9/24/2021,16.57697917,16.62697917,16.60197917,22.66238822,22.73573131,22.69905977,19.40335411,19.46520451,19.43427931,1.105190888,1.109974844,1.107582866
9/27/2021,16.62010417,16.66989583,16.645,22.77452874,22.84775923,22.81114398,19.44552188,19.50877909,19.47715048,1.102143541,1.106208332,1.104175936
9/28/2021,16.66865,16.71810833,16.69337917,22.58768762,22.65972404,22.62370583,19.4739838,19.53845321,19.5062185,1.102161522,1.10619249,1.104177006
9/29/2021,16.71467708,16.76467708,16.73967708,22.50296976,22.57531416,22.53914196,19.45755559,19.51911353,19.48833456,1.107364936,1.111340136,1.109352536
9/30/2021,16.75932292,16.80932292,16.78432292,22.56475238,22.63711517,22.60093377,19.4106478,19.4736006,19.4421242,1.105109884,1.109335884,1.107222884
10/1/2021,16.80970833,16.85970833,16.83470833,22.77211188,22.84659076,22.80935132,19.50094264,19.56400555,19.53247409,1.123711208,1.12802641,1.125868809
10/4/2021,16.89491667,16.94491667,16.91991667,22.9703287,23.04169768,23.00601319,19.63865113,19.69846563,19.66855838,1.129513004,1.133393755,1.131453379
10/5/2021,16.96989583,17.01989583,16.99489583,23.1163921,23.19301205,23.15470208,19.67150325,19.73456922,19.70303623,1.127485422,1.131574296,1.129529859
10/6/2021,17.026625,17.076625,17.051625,23.1289674,23.20371805,23.16634273,19.65723856,19.72008655,19.68866256,1.126844805,1.13114203,1.128993417
10/7/2021,17.10948958,17.15948958,17.13448958,23.24837445,23.32489419,23.28663432,19.76317142,19.82779021,19.79548082,1.145926821,1.149868631,1.147897726
10/8/2021,17.10169792,17.15169792,17.12669792,23.29935324,23.37090358,23.33512841,19.77811364,19.84108415,19.8095989,1.150544801,1.154942051,1.152743426
10/11/2021,16.97333333,17.02333333,16.99833333,23.12956133,23.20450567,23.1670335,19.63135733,19.692592,19.66197467,1.132197134,1.136404094,1.134300614
10/12/2021,16.87520833,16.92520833,16.90020833,22.97897119,23.05551879,23.01724499,19.48411554,19.5469231,19.51551932,1.129222123,1.133098683,1.131160403
10/13/2021,16.83623958,16.88623958,16.86123958,22.93600918,23.01087868,22.97344393,19.46606021,19.52724745,19.49665383,1.133226957,1.137495846,1.135361402
10/14/2021,16.8503125,16.9003125,16.8753125,23.10683353,23.17708856,23.14196105,19.5463625,19.60943259,19.57789755,1.138780851,1.142685091,1.140732971
10/15/2021,16.88291667,16.93291667,16.90791667,23.18530946,23.26074763,23.22302854,19.56730042,19.628637,19.59796871,1.145746382,1.149529654,1.147638018
10/19/2021,16.95491667,17.00491667,16.97991667,23.40795795,23.48378992,23.44587393,19.74400046,19.80902743,19.77651394,1.161470678,1.165670421,1.16357055
10/20/2021,17.03314583,17.08314583,17.05814583,23.49041142,23.56619968,23.52830555,19.83339501,19.89673995,19.86506748,1.179058162,1.183289176,1.181173669
10/21/2021,17.0628125,17.11260417,17.08770833,23.55350638,23.62737257,23.59043947,19.86452631,19.92591629,19.8952213,1.173322824,1.177669942,1.175496383
10/22/2021,17.09054167,17.14054167,17.11554167,23.55589358,23.6316648,23.59377919,19.88313618,19.94302023,19.9130782,1.162693067,1.167158642,1.164925855
10/26/2021,17.12132292,17.17132292,17.14632292,23.61886496,23.69470849,23.65678673,19.89155296,19.95307723,19.9223151,1.160547348,1.164441689,1.162494518
10/27/2021,17.17020833,17.22020833,17.19520833,23.58843221,23.66228827,23.62536024,19.94663102,20.0116041,19.97911756,1.146323619,1.150276099,1.148299859
10/28/2021,17.21451042,17.26451042,17.23951042,23.68544488,23.76114569,23.72329528,20.03080432,20.09589013,20.06334722,1.134690986,1.138662218,1.136676602
10/29/2021,17.23838542,17.28838542,17.26338542,23.7096753,23.78017414,23.74492472,20.03617537,20.09774805,20.06696171,1.131290962,1.135265155,1.133278058
11/1/2021,17.26507292,17.31486458,17.28996875,23.63243181,23.70751259,23.6699722,19.99295444,20.05234467,20.02264956,1.126316014,1.130154077,1.128235046
11/2/2021,17.29101042,17.34059375,17.31580208,23.62124933,23.69592136,23.65858534,20.06275939,20.12722717,20.09499328,1.120094475,1.124034572,1.122064524
11/3/2021,17.31466875,17.36445,17.33955938,23.63105991,23.70942003,23.67023997,20.04346055,20.10629666,20.0748786,1.122128602,1.12584368,1.123986141
11/4/2021,17.33270833,17.38263542,17.35767188,23.44422129,23.51349093,23.47885611,20.02447794,20.08911175,20.05679484,1.141909935,1.145395419,1.143652677
11/5/2021,17.35764583,17.40764583,17.38264583,23.36859859,23.44461741,23.406608,19.99253647,20.05708953,20.024813,1.13946904,1.14387774,1.14167339
11/8/2021,17.3878125,17.4378125,17.4128125,23.55353081,23.62474838,23.58913959,20.13682566,20.19821822,20.16752194,1.158253176,1.162218656,1.160235916
11/9/2021,17.4175,17.4675,17.4425,23.604196,23.68068975,23.64244288,20.1520475,20.2168845,20.184466,1.157562788,1.161086406,1.159324597
11/10/2021,17.4343125,17.4843125,17.4593125,23.51017041,23.58458913,23.54737977,20.11396633,20.17864506,20.14630569,1.141766156,1.146166566,1.143966361
11/11/2021,17.44598958,17.49598958,17.47098958,23.37064765,23.43937724,23.40501245,19.99310406,20.05740246,20.02525326,1.143661843,1.147691927,1.145676885
11/12/2021,17.46351042,17.51340625,17.48845833,23.37840139,23.45220231,23.41530185,19.99397308,20.0546015,20.02428729,1.145899634,1.150222726,1.14806118
11/15/2021,17.49051042,17.54030208,17.51540625,23.50549695,23.39876298,23.45212996,20.01963822,20.07838379,20.04901101,1.151873661,1.155952134,1.153912897
11/16/2021,17.52103125,17.57103125,17.54603125,23.55177021,23.62425152,23.58801086,19.91615622,19.98001963,19.94808793,1.147430304,1.150900705,1.149165505
11/17/2021,17.55034375,17.60034375,17.57534375,23.61223248,23.67950248,23.64586748,19.86172402,19.92006906,19.89089654,1.13351614,1.137347818,1.135431979
11/18/2021,17.5780625,17.6280625,17.6030625,23.69347044,23.76791667,23.73069356,19.92824946,19.99198568,19.96011757,1.120121232,1.123994956,1.122058094
11/19/2021,17.61215625,17.66198958,17.63707292,23.67778286,23.75184359,23.71481323,19.87531833,19.93862004,19.90696918,1.121414825,1.12478122,1.123098022
11/22/2021,17.62651042,17.67651042,17.65151042,23.6865047,23.7607653,23.723635,19.87389049,19.93556845,19.90472947,1.118000673,1.121356959,1.119678816
11/23/2021,17.65320833,17.70341667,17.6783125,23.59527826,23.6659274,23.63060283,19.8616247,19.92519546,19.89341008,1.11057899,1.114789627,1.112684308
11/24/2021,17.69596875,17.74596875,17.72096875,23.63473586,23.70683965,23.67078776,19.83010258,19.89323097,19.86166678,1.11448906,1.117835175,1.116162118
11/25/2021,17.7222125,17.7722125,17.7472125,23.5935815,23.66725539,23.63041844,19.8825502,19.94575409,19.91415215,1.115888885,1.119869218,1.117879051
11/26/2021,17.73832292,17.78832292,17.76332292,23.65405361,23.72784394,23.69094877,20.02124508,20.08479541,20.05302024,1.080504786,1.102276823,1.091390804
11/29/2021,17.758125,17.808125,17.783125,23.66447738,23.74001144,23.70224441,20.02406175,20.087565,20.05581338,1.097983417,1.101415415,1.099699416
11/30/2021,17.7791875,17.8291875,17.8041875,23.71388029,23.78948488,23.75168258,20.19893492,20.25752284,20.22822888,1.106689459,1.110347786,1.108518622
12/1/2021,17.79197917,17.84197917,17.81697917,23.69179946,23.76551625,23.72865785,20.13162443,20.19176782,20.16169613,1.12456572,1.127911393,1.126238557
12/2/2021,17.80776042,17.85755208,17.83265625,23.7252792,23.7934024,23.7593408,20.20112342,20.25939284,20.23025813,1.12344004,1.126922505,1.125181272
12/3/2021,17.82442708,17.87442708,17.84942708,23.65479718,23.72830195,23.69154957,20.12199573,20.18559051,20.15379312,1.120976749,1.124538505,1.122757627
12/6/2021,17.66416667,17.71416667,17.68916667,23.41561933,23.49075642,23.45318788,19.95344267,20.01169408,19.98256838,1.106825905,1.110376328,1.108601116
12/7/2021,17.5103125,17.5603125,17.5353125,23.18890684,23.26214597,23.22552641,19.69735053,19.75535156,19.72635105,1.09588082,1.099505513,1.097693166
12/8/2021,17.36427083,17.41427083,17.38927083,22.91562822,22.98335465,22.94949143,19.62683532,19.68683318,19.65683425,1.099979148,1.103845768,1.101912458
12/9/2021,16.3040625,16.3540625,16.3290625,21.50016722,21.56773763,21.53395242,18.43826428,18.50135091,18.46980759,1.023314619,1.02742012,1.025367369
12/10/2021,16.09744792,16.14744792,16.12244792,21.25989946,21.32754921,21.29372434,18.14021406,18.19978855,18.1700013,1.006241431,1.009909808,1.008075619
12/13/2021,16.18214583,16.23214583,16.20714583,21.45752538,21.53031823,21.4939218,18.25993336,18.32284622,18.29138979,1.014732733,1.018072368,1.01640255
12/14/2021,16.27122917,16.32122917,16.29622917,21.56100577,21.62889289,21.59494933,18.40601443,18.46420656,18.43511049,1.014618201,1.018313867,1.016466034
12/15/2021,16.3403125,16.3903125,16.3653125,21.65418213,21.72863728,21.6914097,18.40409397,18.46696509,18.43552953,1.01103908,1.014427778,1.012733429
12/16/2021,16.36416667,16.41416667,16.38916667,21.87234517,21.94738225,21.90986371,18.55532858,18.613665,18.58449679,1.024309685,1.028321253,1.026315469
12/17/2021,16.41072917,16.46029167,16.43551042,21.81642335,21.88889586,21.85265961,18.59499722,18.65280252,18.62389987,1.037235752,1.040874905,1.039055328
12/20/2021,16.44839583,16.49839583,16.47339583,21.75958285,21.83397705,21.79677995,18.53569726,18.59534194,18.5655196,1.040168709,1.043693632,1.041931171
12/21/2021,16.47182292,16.52182292,16.49682292,21.82516536,21.89306755,21.85911646,18.59504089,18.6597468,18.62739385,1.038923658,1.042636273,1.040779966
12/22/2021,16.49597917,16.54597917,16.52097917,21.98089224,22.05413563,22.01751394,18.65860204,18.72177543,18.69018873,1.037189422,1.041315282,1.039252352
12/23/2021,16.5216875,16.57022917,16.54595833,22.18532198,22.25216075,22.21874136,18.67281121,18.73264407,18.70272764,1.04963581,1.053335357,1.051485583
12/24/2021,16.54765625,16.59765625,16.57265625,22.18875227,22.26243633,22.2255943,18.72698258,18.78688711,18.75693484,1.065062062,1.068913177,1.06698762
12/26/2021,16.56572917,16.61552083,16.590625,22.21629939,22.28639809,22.25134874,18.73086997,18.79547717,18.76317357,1.06646554,1.070235994,1.068350767
12/28/2021,16.58739583,16.63739583,16.61239583,22.30507118,22.37396992,22.33952055,18.79186074,18.85016948,18.82101511,1.054942973,1.058661566,1.056802269
12/29/2021,16.61052083,16.66052083,16.63552083,22.34779473,22.42172894,22.38476183,18.79480432,18.85804353,18.82642393,1.043112336,1.046521701,1.044817019
12/30/2021,16.62639583,16.67639583,16.65139583,22.46059813,22.52981077,22.49520445,18.84435704,18.90436232,18.87435968,1.045599783,1.04908065,1.047340217
12/31/2021,16.64314583,16.69314583,16.66814583,22.43496058,22.50569921,22.4703299,18.85169129,18.91500354,18.88334741,1.043320054,1.047051736,1.045185895
1/3/2022,16.66985417,16.71985417,16.69485417,22.51430504,22.58350702,22.54890603,18.92861941,18.98706639,18.9578429,1.053107811,1.05696765,1.055037731
1/4/2022,16.7040625,16.7540625,16.7290625,22.52876909,22.60123031,22.5649997,18.83884169,18.90025791,18.8695498,1.041471828,1.044888926,1.043180377
1/5/2022,16.74864583,16.79864583,16.77364583,22.68771565,22.75880538,22.72326051,18.95109276,19.01102749,18.98106013,1.056403638,1.060929135,1.058666386
1/6/2022,16.79379167,16.84379167,16.81879167,22.73375578,22.8081783,22.77096704,19.00385465,19.06380341,19.03382903,1.066963473,1.070616271,1.068789872
1/7/2022,16.84608333,16.89608333,16.87108333,22.81296605,22.88743448,22.85020027,19.03270495,19.09595338,19.06432917,1.077067096,1.080754486,1.078910791
1/10/2022,16.893,16.943,16.918,22.9204224,22.9950396,22.957731,19.1110509,19.1760874,19.14356915,1.080273953,1.083928834,1.082101394
1/11/2022,16.93791667,16.98791667,16.96291667,23.00338463,23.07298842,23.03818652,19.19912854,19.25750233,19.22831544,1.084109926,1.087720927,1.085915427
1/12/2022,16.97197917,17.02197917,16.99697917,23.14977958,23.22308618,23.18643288,19.28356273,19.34718152,19.31537213,1.097763925,1.101411167,1.099587546
1/13/2022,17.0445,17.0945,17.0695,23.37312285,23.453654,23.41338843,19.5398148,19.60226315,19.57103898,1.107137985,1.110883664,1.109010825
1/14/2022,17.11885417,17.16885417,17.14385417,23.46652529,23.53678218,23.50165373,19.58910482,19.65318736,19.62114609,1.112198895,1.116150757,1.114174826
1/17/2022,17.19138542,17.24138542,17.21638542,23.45420712,23.52414626,23.48917669,19.60505593,19.66380007,19.634428,1.112869497,1.116453113,1.114661305
1/18/2022,17.23502083,17.28502083,17.26002083,23.41894631,23.49034331,23.45464481,19.59621869,19.6599827,19.62810069,1.11771288,1.121173571,1.119443226
1/19/2022,17.30374583,17.35312083,17.32843333,23.59884857,23.6679215,23.63338504,19.62590852,19.68711559,19.65651205,1.128853635,1.132636305,1.13074497
1/20/2022,17.37859375,17.42859375,17.40359375,23.65400395,23.73251611,23.69326003,19.69863602,19.76228245,19.73045923,1.142501726,1.146346507,1.144424116
1/21/2022,17.4346875,17.4846875,17.4596875,23.64841013,23.72147553,23.68494283,19.78139644,19.84337184,19.81238414,1.152653266,1.157152335,1.1549028
1/24/2022,17.54153125,17.59153125,17.56653125,23.65475489,23.7292165,23.6919857,19.82543862,19.88898523,19.85721193,1.149540699,1.153316151,1.151428425
1/25/2022,17.6221875,17.6721875,17.6471875,23.71417772,23.78853159,23.75135466,19.85491866,19.91478809,19.88485338,1.149717989,1.153823239,1.151770614
1/26/2022,17.73015625,17.78015625,17.75515625,23.96230617,24.03699323,23.9996497,19.9942972,20.05246022,20.02337871,1.169196028,1.173460507,1.171328267
1/27/2022,17.8595,17.9095,17.8845,23.90136885,23.97902955,23.9401992,19.9276301,19.987002,19.95731605,1.165946362,1.171076034,1.168511198
1/28/2022,17.95473958,18.00421875,17.97947917,24.06653294,24.1400565,24.10329472,20.01594369,20.07830475,20.04712422,1.153851664,1.157745674,1.155798669
2/1/2022,18.11145833,18.16140625,18.13643229,24.41786813,24.48884019,24.45335416,20.39350208,20.45337572,20.4234389,1.187558739,1.191239964,1.189399352
2/2/2022,18.17148889,18.22148889,18.19648889,24.66416187,24.73749332,24.70082759,20.57375972,20.63219187,20.60297579,1.184520292,1.188422559,1.186471425
2/3/2022,18.27035556,18.32035556,18.29535556,24.79652656,24.8662186,24.83137258,20.61626921,20.67818532,20.64722726,1.193212832,1.197189766,1.195201299
2/4/2022,18.32755556,18.37755556,18.35255556,24.82284124,24.89791227,24.86037676,21.00704418,21.0717052,21.03937469,1.193775358,1.197984117,1.195879738
2/7/2022,18.38182292,18.43182292,18.40682292,25.08199737,25.1575951,25.11979623,21.25306366,21.32008957,21.28657661,1.196725472,1.200746755,1.198736113
2/8/2022,18.46407292,18.51407292,18.48907292,24.9671194,25.03658081,25.0018501,21.06012157,21.1245572,21.09233938,1.192592374,1.196177269,1.194384822
2/9/2022,18.524375,18.574375,18.549375,25.15239638,25.22585869,25.18912753,21.18447525,21.24722756,21.21585141,1.207791086,1.211438122,1.209614604
2/10/2022,18.60651042,18.65651042,18.63151042,25.20623966,25.2459899,25.22611478,21.18723341,21.25163102,21.21943221,1.222118545,1.225611963,1.223865254
2/11/2022,18.70094792,18.75084375,18.72589583,25.4220686,25.49177208,25.45692034,21.34526195,21.40971339,21.37748767,1.234875061,1.238488765,1.236681913
2/14/2022,18.7635,18.8135,18.7885,25.368252,25.4433774,25.4058147,21.2252712,21.2893566,21.2573139,1.240168409,1.243843097,1.242005753
2/15/2022,18.42697917,18.47697917,18.45197917,24.95012979,25.02152519,24.98582749,20.92014945,20.97876215,20.9494558,1.213051438,1.21690371,1.214977574
2/16/2022,17.84114583,17.89114583,17.86614583,24.16940026,24.23892438,24.20416232,20.2835987,20.3404437,20.3120212,1.17815442,1.181783979,1.1799692
2/17/2022,17.61135417,17.66135417,17.63635417,23.9778587,24.05299824,24.01542847,20.01706515,20.08095969,20.04901242,1.178426889,1.18224718,1.180337034
2/18/2022,17.455,17.505,17.48,23.759746,23.834808,23.797277,19.818407,19.882179,19.850293,1.159608039,1.163896277,1.161752158
2/21/2022,17.48041667,17.53041667,17.50541667,23.78909904,23.86240317,23.8257511,19.81580033,19.87598642,19.84589338,1.152780434,1.156565923,1.154673179
2/22/2022,17.56322917,17.61322917,17.58822917,23.7964192,23.87297081,23.83469501,19.92548349,19.98396981,19.95472665,1.159832606,1.163810809,1.161821707
2/23/2022,17.63291667,17.68291667,17.65791667,23.95431729,24.03462033,23.99446881,19.99925408,20.06303725,20.03114567,1.171419998,1.17496805,1.173194024
2/24/2022,17.6584375,17.70802083,17.68322917,23.61639431,23.68979027,23.65309229,19.71034794,19.77277606,19.741562,1.147807046,1.151246999,1.149527022
2/25/2022,17.703125,17.753125,17.728125,23.71864688,23.7891875,23.75391719,19.86290625,19.9261075,19.89450688,1.167505869,1.171405902,1.169455886
2/28/2022,17.73958333,17.78958333,17.76458333,23.76749375,23.8451575,23.80632563,19.85946354,19.91899646,19.88923,1.148029623,1.151481513,1.149755568
3/1/2022,17.791875,17.841875,17.816875,23.84645006,23.92060181,23.88352594,19.85929088,19.91866925,19.88898006,1.15301801,1.157278282,1.155148146
3/2/2022,17.8490625,17.8990625,17.8740625,23.79101541,23.86482003,23.82791772,19.83566316,19.89838778,19.86702547,1.153494756,1.157107371,1.155301063
3/3/2022,17.90666667,17.95666667,17.93166667,23.96807333,24.03858967,24.0033315,19.83521467,19.89778233,19.8664985,1.174492609,1.178081173,1.176286891
3/4/2022,17.9853125,18.0353125,18.0103125,23.86650969,23.94187734,23.90419352,19.66873775,19.72882834,19.69878305,1.170469188,1.174036408,1.172252798
3/7/2022,18.04135417,18.09135417,18.06635417,23.77309239,23.84621393,23.80965316,19.64523055,19.70510296,19.67516676,1.176773779,1.18043548,1.17860463
3/9/2022,18.09375,18.14375,18.11875,23.79147188,23.86447438,23.82797313,19.87236563,19.93090938,19.9016375,1.195277354,1.198857554,1.197067454
3/10/2022,18.16270833,18.21270833,18.18770833,23.92028688,23.9970645,23.95867569,20.12428083,20.18696592,20.15562338,1.205895013,1.209632338,1.207763676
3/11/2022,18.21691667,18.26691667,18.24191667,23.84594392,23.91687399,23.88140895,20.21895581,20.27518149,20.24706865,1.214737261,1.2184199,1.216578581
3/14/2022,18.7635,18.8135,18.7885,25.368252,25.4433774,25.4058147,21.2252712,21.2893566,21.2573139,1.240168409,1.243843097,1.242005753
3/15/2022,18.42697917,18.47697917,18.45197917,24.95012979,25.02152519,24.98582749,20.92014945,20.97876215,20.9494558,1.213051438,1.21690371,1.214977574
3/16/2022,17.84114583,17.89114583,17.86614583,24.16940026,24.23892438,24.20416232,20.2835987,20.3404437,20.3120212,1.17815442,1.181783979,1.1799692
3/17/2022,17.61135417,17.66135417,17.63635417,23.9778587,24.05299824,24.01542847,20.01706515,20.08095969,20.04901242,1.178426889,1.18224718,1.180337034
3/21/2022,17.48041667,17.53041667,17.50541667,23.78909904,23.86240317,23.8257511,19.81580033,19.87598642,19.84589338,1.152780434,1.156565923,1.154673179
3/22/2022,17.56322917,17.61322917,17.58822917,23.7964192,23.87297081,23.83469501,19.92548349,19.98396981,19.95472665,1.159832606,1.163810809,1.161821707
3/23/2022,17.63291667,17.68291667,17.65791667,23.95431729,24.03462033,23.99446881,19.99925408,20.06303725,20.03114567,1.171419998,1.17496805,1.173194024
3/24/2022,17.6584375,17.70802083,17.68322917,23.61639431,23.68979027,23.65309229,19.71034794,19.77277606,19.741562,1.147807046,1.151246999,1.149527022
3/25/2022,17.703125,17.753125,17.728125,23.71864688,23.7891875,23.75391719,19.86290625,19.9261075,19.89450688,1.167505869,1.171405902,1.169455886
3/28/2022,17.93489583,17.98489583,17.95989583,23.4678112,23.54043016,23.50412068,19.63512396,19.69705792,19.66609094,1.2232397,1.227503879,1.225371789
3/29/2022,17.97364583,18.02364583,17.99864583,23.60478907,23.67766353,23.6412263,19.97770734,20.03688707,20.00729721,1.236143206,1.240127829,1.238135518
3/30/2022,18.0046875,18.0546875,18.0296875,23.67076266,23.745525,23.70814383,20.03021484,20.09306172,20.06163828,1.242679589,1.248336272,1.245507931
3/31/2022,18.04407292,18.09407292,18.06907292,23.67382367,23.7484707,23.71114718,19.98741957,20.0500422,20.01873088,1.236411988,1.241224407,1.238818198
4/1/2022,17.93776042,17.98776042,17.96276042,23.52357901,23.59814289,23.56086095,19.81584393,19.87827404,19.84705898,1.227974508,1.232122777,1.230048642
4/4/2022,17.61255208,17.66255208,17.63755208,23.08124951,23.15913829,23.1201939,19.37204604,19.43410606,19.40307605,1.205430982,1.209531876,1.207481429
4/5/2022,17.56,17.61,17.585,23.063304,23.136018,23.099661,19.25454,19.314648,19.284594,1.208600611,1.211675015,1.210137813
4/6/2022,17.5403125,17.5903125,17.5653125,22.97254728,23.04155034,23.00704881,19.17506963,19.23676575,19.20591769,1.199345807,1.203365293,1.20135555
4/7/2022,17.53166667,17.58166667,17.55666667,22.91213517,22.98451283,22.948324,19.134061,19.19742183,19.16574142,1.189232578,1.193085555,1.191159067
4/8/2022,17.50833333,17.55833333,17.53333333,22.76258417,22.8346125,22.79859833,18.98078417,19.04025667,19.01052042,1.18539833,1.189081444,1.187239887
4/11/2022,17.50777083,17.55777083,17.53277083,22.81787773,22.89006584,22.85397178,19.08347021,19.14323754,19.11335387,1.200189946,1.204600211,1.202395078
4/12/2022,17.4575,17.5075,17.4825,22.7610885,22.83153075,22.79630963,19.00947175,19.07091975,19.04019575,1.203243571,1.207355507,1.205299539
4/13/2022,17.39625,17.44625,17.42125,22.6220835,22.69233738,22.65721044,18.82448213,18.88556563,18.85502388,1.195536389,1.200391501,1.197963945
4/14/2022,17.38885417,17.43885417,17.41385417,22.74462125,22.81874068,22.78168096,18.81647909,18.87232798,18.84440354,1.184228373,1.187868111,1.186048242
4/19/2022,17.3915625,17.4415625,17.4165625,22.57946559,22.65135722,22.61541141,18.75853931,18.81944594,18.78899263,1.168034232,1.171833009,1.16993362
4/20/2022,17.40440625,17.45440625,17.42940625,22.70926928,22.7797456,22.74450744,18.84375065,18.90312197,18.87343631,1.155932033,1.159661043,1.157796538
4/21/2022,17.42572917,17.47572917,17.45072917,22.73883399,22.81456443,22.77669921,18.97836164,19.03805935,19.00821049,1.14193693,1.14547624,1.143706585
4/22/2022,17.025625,17.075625,17.050625,21.92389731,21.99682013,21.96035872,18.43704931,18.49802456,18.46753694,1.093011723,1.096876506,1.094944114
4/25/2022,16.9355625,16.9855625,16.9605625,21.55219684,21.62431962,21.58825823,18.17355212,18.23230279,18.20292745,1.079929506,1.083725986,1.081827746
4/26/2022,17.00184375,17.05184375,17.02684375,21.55493751,21.62514824,21.59004288,18.14776802,18.20625357,18.1770108,1.082354678,1.085924863,1.08413977
4/27/2022,17.00770833,17.05770833,17.03270833,21.33276856,21.3988951,21.36583183,17.95163615,18.00270538,17.97717076,1.06681564,1.070542833,1.068679236
4/29/2022,17.00591667,17.05591667,17.03091667,21.33222187,21.40176423,21.36699305,17.90893084,17.96499703,17.93696393,1.079083014,1.082764101,1.080923557
5/3/2022,16.989375,17.039375,17.014375,21.34035394,21.41167863,21.37601628,17.95607044,18.01232331,17.98419688,1.072900221,1.076248089,1.074574155
5/4/2022,16.975,17.025,17,21.25949,21.3306225,21.29505625,17.9035325,17.9596725,17.9316025,1.076472341,1.080204811,1.078338576
5/5/2022,16.98197917,17.03197917,17.00697917,21.0321812,21.09921579,21.06569849,17.92278081,17.97725401,17.95001741,1.081902804,1.085627728,1.083765266
5/6/2022,16.99697917,17.04697917,17.02197917,20.94197803,21.00528773,20.97363288,17.93691211,17.99649591,17.96670401,1.000410781,1.006315181,1.003362981
5/9/2022,17.01208333,17.06208333,17.03708333,21.05585554,21.12285917,21.08935735,17.95965638,18.01414758,17.98690198,1.049014832,1.052708161,1.050861497
5/10/2022,17.02447917,17.07447917,17.04947917,20.98267057,21.04771047,21.01519052,17.96593286,18.02552766,17.99573026,1.056495812,1.059947306,1.058221559
5/11/2022,17.04729167,17.09729167,17.07229167,20.97498767,21.03992713,21.0074574,17.96784542,18.0256746,17.99676001,1.056809705,1.060172238,1.058490971
5/12/2022,17.05177083,17.10208333,17.07692708,20.85772608,20.92439896,20.89106252,17.7611245,17.81695042,17.78903746,1.053039964,1.05634274,1.054691352
5/13/2022,16.96510417,17.01510417,16.99010417,20.64483526,20.71078479,20.67781003,17.56566885,17.62254339,17.59410612,1.042601304,1.046079097,1.044340201
5/16/2022,16.97604167,17.02604167,17.00104167,20.79565104,20.83646979,20.81606042,17.69752344,17.75645885,17.72699115,1.045097526,1.048944138,1.047020832
5/17/2022,17.01020833,17.06020833,17.03520833,21.19812163,21.27066775,21.23439469,17.91174938,17.96951744,17.94063341,1.066343717,1.069820173,1.068081945
5/18/2022,17.01354167,17.06354167,17.03854167,21.11550656,21.18609333,21.15079995,17.89994719,17.96108396,17.93051557,1.069818758,1.073246221,1.071532489
5/19/2022,17.0303125,17.0803125,17.0553125,21.1720845,21.24107663,21.20658056,17.96187059,18.01972969,17.99080014,1.070543465,1.074280786,1.072412126
5/20/2022,17.0565625,17.10614583,17.08135417,21.28147303,21.35189123,21.31668213,18.01514131,18.07093246,18.04303689,1.076762402,1.080301734,1.078532068
5/23/2022,17.12285417,17.17285417,17.14785417,21.50801712,21.57940855,21.54371283,18.23241512,18.29252426,18.26246969,1.088589149,1.091962291,1.09027572
5/24/2022,17.153125,17.203125,17.178125,21.42425313,21.49530469,21.45977891,18.37614281,18.43142813,18.40378547,1.09640362,1.100464734,1.098434177
5/26/2022,17.18635417,17.23635417,17.21135417,21.62043354,21.68850445,21.65446899,18.40658531,18.46702985,18.43680758,1.084723186,1.08890986,1.086816523
5/27/2022,17.2134375,17.2634375,17.2384375,21.7302435,21.80544791,21.7678457,18.44247694,18.50122597,18.47185145,1.103319392,1.106630609,1.104975001
5/30/2022,17.23145833,17.28145833,17.25645833,21.76850131,21.8385789,21.8035401,18.53415658,18.59484917,18.56450288,1.110517661,1.114393573,1.112455617
5/31/2022,17.25182292,17.30182292,17.27682292,21.67864068,21.75012159,21.71438113,18.43357279,18.49391852,18.46374565,1.100840565,1.104700735,1.10277065
6/1/2022,17.26010417,17.31010417,17.28510417,21.72701913,21.79861418,21.76281665,18.51318773,18.57374177,18.54346475,1.11415891,1.117660621,1.115909765
6/2/2022,17.18864583,17.23864583,17.21364583,21.56487506,21.63277666,21.59882586,18.39356991,18.45397036,18.42377014,1.108215615,1.111797709,1.110006662
6/3/2022,17.03385417,17.08385417,17.05885417,21.36897005,21.43852859,21.40374932,18.27051198,18.33268391,18.30159794,1.098781111,1.10295977,1.10087044
6/6/2022,16.9165625,16.9665625,16.9415625,21.22351931,21.28794597,21.25573264,18.11594678,18.17627841,18.14611259,1.102084908,1.105796178,1.103940543
6/7/2022,16.8565625,16.9065625,16.8815625,21.07576009,21.14503772,21.11039891,17.98089522,18.04099284,18.01094403,1.095499639,1.098956234,1.097227937
6/8/2022,16.8590625,16.9090625,16.8840625,21.12946303,21.20058256,21.1650228,18.08808816,18.14849678,18.11829247,1.099958407,1.103631056,1.101794731
6/9/2022,16.93177083,16.98177083,16.95677083,21.21720203,21.28834792,21.25277497,18.11699479,18.23842188,18.17770833,1.101317855,1.105648823,1.103483339
6/10/2022,16.91885417,16.96885417,16.94385417,20.95400089,21.02271343,20.98835716,17.81386155,17.86990032,17.84188094,1.071376366,1.075523326,1.073449846
6/13/2022,16.89052083,16.94052083,16.91552083,20.57096532,20.63355438,20.60225985,17.65903953,17.71809074,17.68856514,1.049772266,1.053050011,1.051411139
6/14/2022,16.8940625,16.9440625,16.9190625,20.38606522,20.45995547,20.42301034,17.65598472,17.70993413,17.68295942,1.054106689,1.057800658,1.055953674
6/15/2022,16.90313542,16.95291667,16.92802604,20.38518131,20.45030338,20.41774234,17.58940271,17.64459567,17.61699919,1.053857426,1.057772301,1.055814864
6/16/2022,16.9221875,16.9721875,16.9471875,20.67891313,20.746802,20.71285756,17.64307269,17.70199156,17.67253213,1.058867652,1.06247496,1.060671306
6/17/2022,16.95364583,17.0034375,16.97854167,20.74617641,20.81390784,20.78004213,17.77420229,17.83320525,17.80370377,1.061347454,1.064711177,1.063029316
6/20/2022,16.9640625,17.0140625,16.9890625,20.77079813,20.83882375,20.80481094,17.83431891,17.89368953,17.86400422,1.057946261,1.061329214,1.059637738
6/21/2022,16.98089583,17.03089583,17.00589583,20.84404964,20.91223699,20.87814331,17.89786421,18.01868779,17.958276,1.066699489,1.070788798,1.068744143
6/22/2022,16.99191667,17.04191667,17.01691667,20.82529307,20.89338983,20.85934145,17.91287855,17.97240532,17.94264193,1.064056401,1.067789265,1.065922833
6/23/2022,17.01147917,17.06147917,17.03647917,20.84926887,20.91737346,20.88332116,17.8858692,17.94526379,17.91556649,1.062108872,1.065742967,1.06392592
6/24/2022,17.0475,17.0975,17.0725,20.92239675,20.99060075,20.95649875,17.93397,17.9899895,17.96197975,1.072237248,1.075720398,1.073978823
6/27/2022,17.0803125,17.1303125,17.1053125,20.95583541,21.02403253,20.98993397,18.0641385,18.12387063,18.09400456,1.074017336,1.077615356,1.075816346
6/28/2022,17.10010417,17.15010417,17.12510417,20.88264721,20.95056725,20.91660723,18.01324973,18.07277977,18.04301475,1.067122479,1.070416378,1.068769429
6/29/2022,17.11677083,17.16677083,17.14177083,20.82255172,20.89024343,20.85639757,18.00684292,18.06630963,18.03657627,1.062777205,1.066080274,1.06442874
6/30/2022,16.93572917,16.98572917,16.96072917,20.5481202,20.61557949,20.58184984,17.62670692,17.68554121,17.65612406,1.030956533,1.034252105,1.032604319
7/1/2022,16.68125,16.73125,16.70625,20.01583188,20.08251938,20.04917563,17.33849125,17.3938075,17.36614938,1.011929316,1.015208791,1.013569053
7/6/2022,16.34229167,16.39229167,16.36729167,19.46693783,19.53305475,19.49999629,16.65606367,16.71358058,16.68482213,0.977819163,0.981045644,0.979432403
7/7/2022,16.32977083,16.37977083,16.35477083,19.51081019,19.5771021,19.54395615,16.59757908,16.65495098,16.62626503,0.972531167,0.975741397,0.974136282
7/8/2022,16.36072917,16.41072917,16.38572917,19.62796678,19.68959285,19.65877982,16.6126844,16.67001869,16.64135154,0.972226762,0.975348677,0.973787719
7/11/2022,16.3671875,16.4171875,16.3921875,19.50641406,19.57257094,19.5394925,16.49321484,16.55016672,16.52169078,0.962040058,0.965188897,0.963614477
7/12/2022,16.40192708,16.45192708,16.42692708,19.46580706,19.53337303,19.49959004,16.48229653,16.53583191,16.50906422,0.962322861,0.966123689,0.964223275
7/13/2022,16.39239583,16.44239583,16.41739583,19.43318526,19.49739298,19.46528912,16.41042747,16.46705943,16.43874345,0.961334989,0.964776463,0.963055726
7/14/2022,16.40802083,16.45802083,16.43302083,19.45991271,19.53567073,19.49779172,16.43591447,16.49093688,16.46342567,0.961687337,0.965126979,0.963407158
7/15/2022,16.41489583,16.46489583,16.43989583,19.43851965,19.50266911,19.47059438,16.53144159,16.58838255,16.55991207,0.960474643,0.963614519,0.962044581
7/18/2022,16.4325,16.4825,16.4575,19.672989,19.739442,19.7062155,16.6461225,16.70171725,16.67391988,0.959674123,0.962892211,0.961283167
7/19/2022,16.45163542,16.50163542,16.47663542,19.75512381,19.82176446,19.78844414,16.8267327,16.88447336,16.85560303,0.963210504,0.966567994,0.964889249
7/20/2022,16.45927083,16.50927083,16.48427083,19.72314424,19.78966295,19.75640359,16.80656145,16.85926738,16.83291441,0.963697039,0.966879309,0.965288174
7/21/2022,16.47527083,16.52527083,16.50027083,19.64676047,19.71299558,19.67987802,16.79653861,16.8524712,16.82450491,0.961335451,0.965148396,0.963241924
7/22/2022,16.48927083,16.53927083,16.51427083,19.73271041,19.80081504,19.76676272,16.80751376,16.86178661,16.83465019,0.978342075,0.981617356,0.979979716
7/25/2022,16.36197917,16.41197917,16.38697917,19.74890885,19.81254125,19.78072505,16.75630286,16.81079026,16.78354656,0.976065379,0.979229191,0.977647285
7/26/2022,16.255625,16.305625,16.280625,19.52138006,19.58957788,19.55547897,16.49295713,16.54531769,16.51913741,0.963359093,0.966872328,0.96511571
7/27/2022,16.29270833,16.34270833,16.31770833,19.61967938,19.68642646,19.65305292,16.52080625,16.57804333,16.54942479,0.965699843,0.968921873,0.967310858
7/28/2022,16.31619792,16.36619792,16.34119792,19.80460103,19.87183751,19.83821927,16.58867842,16.6460599,16.61736916,0.977082198,0.980340588,0.978711393
7/29/2022,16.3428125,16.3928125,16.3678125,19.72904325,19.79596038,19.76250181,16.59122325,16.64854038,16.61988181,0.984239965,0.987518825,0.985879395
8/2/2022,16.0502,16.1002,16.0752,19.6166,19.6841,19.6503,16.4001,16.4576,16.4289,0.9707,0.974,0.9724
8/3/2022,15.9855,16.0355,16.0105,19.4528,19.5216,19.4872,16.2733,16.3274,16.3003,0.9482,0.9514,0.9498
8/4/2022,16.0345,16.0845,16.0595,19.514,19.5829,19.5484,16.3247,16.3804,16.3526,0.9511,0.9543,0.9527
8/5/2022,16.0576,16.1076,16.0826,19.3061,19.3694,19.3377,16.3097,16.3653,16.3375,0.9532,0.9564,0.9548
8/8/2022,16.0109,16.0609,16.0359,19.3844,19.4514,19.4179,16.3199,16.3773,16.3486,0.9617,0.9651,0.9634
8/9/2022,16.023,16.073,16.048,19.3975,19.4644,19.4309,16.4028,16.4572,16.43,0.9636,0.967,0.9653
8/10/2022,16.0315,16.0815,16.0565,19.5777,19.6452,19.6114,16.5301,16.5865,16.5583,0.9822,0.9858,0.984
8/11/2022,16.0457,16.0953,16.0705,19.6287,19.6958,19.6623,16.6089,16.6651,16.637,0.9946,0.9982,0.9964
8/12/2022,16.0763,16.1263,16.1013,19.4716,19.5386,19.5051,16.5103,16.5665,16.5384,0.9894,0.9928,0.9911
8/15/2022,16.0846875,16.1346875,16.1096875,19.45764647,19.52297188,19.49030917,16.41281513,16.46867553,16.44074533,0.980552406,0.983810411,0.982181408
8/16/2022,16.07375,16.12375,16.09875,19.37369088,19.44201775,19.40785431,16.31485625,16.368831,16.34184363,0.977573362,0.98104982,0.979311591
8/17/2022,16.08208333,16.13208333,16.10708333,19.39820892,19.46497175,19.43159033,16.34422129,16.40148913,16.37285521,0.965769082,0.969021933,0.967395508
8/18/2022,16.0984375,16.1484375,16.1234375,19.32939391,19.39588828,19.36264109,16.30610734,16.36321172,16.33465953,0.95950253,0.963108338,0.961305434
8/19/2022,16.10222917,16.15222917,16.12722917,19.04249621,19.1080871,19.07529166,16.18596076,16.24106643,16.21351359,0.948573753,0.951850057,0.950211905
8/22/2022,16.1271875,16.1771875,16.1521875,19.04782116,19.11334703,19.08058409,16.1271875,16.17880522,16.15299636,0.944961621,0.948024654,0.946493137
8/23/2022,16.11958333,16.16958333,16.14458333,18.97758546,19.04291829,19.01025188,16.02608975,16.07903367,16.05256171,0.943432576,0.9466027,0.945017638
8/24/2022,16.09104167,16.14104167,16.11604167,18.93271963,18.99800604,18.96536283,15.97357706,16.02805438,16.00081572,0.945836395,0.949422776,0.947629585
8/25/2022,16.10708333,16.15708333,16.13208333,18.95159425,19.01688708,18.98424067,15.98950163,16.04398375,16.01674269,0.946779329,0.950366353,0.948572841
8/26/2022,16.108125,16.158125,16.133125,19.11712275,19.182926,19.15002438,16.20638456,16.26315281,16.23476869,0.962523827,0.965984839,0.964254333
8/29/2022,16.05,16.1,16.075,18.812205,18.87403,18.8431175,16.070865,16.12737,16.0991175,0.951438124,0.954702056,0.95307009
8/30/2022,15.99177083,16.04177083,16.01677083,18.73755789,18.80255959,18.77005874,16.04774203,16.10433374,16.07603789,0.948925728,0.952118636,0.950522182
8/31/2022,15.85322917,15.90322917,15.87822917,18.46425601,18.53203295,18.49814448,15.88969159,15.94298724,15.91633942,0.93116805,0.934379303,0.932773676
9/1/2022,15.36166667,15.41166667,15.38666667,17.779593,17.8420865,17.81083975,15.355522,15.41166667,15.38359433,0.896220453,0.899273929,0.897747191
9/2/2022,15.39885417,15.44885417,15.42385417,17.80569507,17.86968961,17.83769234,15.40963336,15.46584791,15.43774064,0.893526336,0.896703379,0.895114857
9/5/2022,15.41972917,15.46972917,15.44472917,17.7296046,17.79328249,17.76144354,15.30253923,15.35834712,15.33044317,0.894846659,0.898008856,0.896427757
9/6/2022,15.42385417,15.47385417,15.44885417,17.78524624,17.8475434,17.81639482,15.25881893,15.31447347,15.2866462,0.892604815,0.896276437,0.894440626
9/7/2022,15.46322917,15.51322917,15.48822917,17.66828565,17.73162094,17.69995329,15.28694835,15.34258365,15.314766,0.88685137,0.890009935,0.888430652
9/8/2022,15.4821875,15.5321875,15.5071875,17.78284056,17.84648344,17.814662,15.42335519,15.47627163,15.44981341,0.886707989,0.889867226,0.888287608
9/9/2022,15.49770833,15.54770833,15.52270833,17.96649327,18.03067735,17.99858531,15.58914481,15.6456589,15.61740185,0.896334222,0.90000685,0.898170536
9/12/2022,15.50552083,15.55552083,15.53052083,18.1213022,18.18595941,18.1536308,15.70554205,15.76240926,15.73397566,0.908125759,0.911486563,0.909806161
9/13/2022,15.5309375,15.5809375,15.5559375,17.93667972,18.00065709,17.96866841,15.55889319,15.61521556,15.58705438,0.895330353,0.898990139,0.897160246
9/14/2022,15.56479167,15.61479167,15.58979167,17.98822973,18.05226065,18.02024519,15.54922688,15.60073835,15.57498261,0.890373182,0.893422496,0.891897839
9/15/2022,15.59552083,15.64552083,15.62052083,17.95356358,18.02207545,17.98781952,15.61111635,15.66742456,15.63927046,0.893014781,0.896498976,0.894756879
9/16/2022,15.62041667,15.67041667,15.64541667,17.77291008,17.83606825,17.80448917,15.54700071,15.60303388,15.57501729,0.882544319,0.885799695,0.884172007
9/19/2022,15.653125,15.703125,15.678125,17.79916844,17.86230469,17.83073656,15.62494938,15.68114063,15.653045,0.881866197,0.88543135,0.883648774
9/20/2022,15.68604167,15.73604167,15.71104167,17.86640146,17.92649867,17.89645006,15.6248661,15.68096552,15.65291581,0.881144241,0.884698383,0.882921312
9/21/2022,15.6840625,15.7340625,15.7090625,17.78572688,17.8487205,17.81722369,15.53192709,15.58773572,15.55983141,0.886285487,0.889925595,0.888105541
9/22/2022,15.69704167,15.74704167,15.72204167,17.72352975,17.78628356,17.75490665,15.49141042,15.54390483,15.51765763,0.892521403,0.895644454,0.894082929
9/23/2022,15.75104167,17.41908198,15.37932208,17.38828427,17.44987969,17.41908198,15.35176188,15.40688229,15.37932208,0.881919831,0.884922349,0.88342109
9/26/2022,15.7521875,15.80135417,15.77677083,17.11002606,17.1681713,17.13909868,15.20873703,15.26252799,15.23563251,0.873704185,0.876776523,0.875240354
9/27/2022,15.78052083,15.82927083,15.80489583,16.98930873,17.04812469,17.01871671,15.0372583,15.24833659,15.14279745,0.880241017,0.884069859,0.882155438
9/28/2022,15.78125,15.83,15.805625,16.80703125,16.865282,16.83615663,15.12790625,15.18097,15.15443813,0.876443963,0.87963992,0.878041942
9/29/2022,15.76922917,15.81802083,15.793625,17.2925367,17.35236885,17.32245278,15.34661383,15.40042508,15.37351945,0.876984248,0.879961995,0.878473122
9/30/2022,15.74479167,15.79354167,15.76916667,17.41531406,17.47555385,17.44543396,15.34644844,15.40028248,15.37336546,0.874875902,0.878316816,0.876596359
10/3/2022,15.72802083,15.77677083,15.75239583,17.67357701,17.73466809,17.70412255,15.38043157,15.43441491,15.40742324,0.877268514,0.88016931,0.878718912
10/4/2022,15.7340625,15.7828125,15.7584375,17.87232159,17.929275,17.9007983,15.60032297,15.65497172,15.62764734,0.888072117,0.891039954,0.889556035
10/5/2022,15.74197917,15.79072917,15.76635417,17.76797189,17.8293123,17.79864209,15.54520443,15.59966134,15.57243289,0.884445446,0.887433708,0.885939577
10/6/2022,15.7609375,15.8096875,15.7853125,17.68850016,17.74479325,17.7166467,15.50718641,15.55831347,15.53274994,0.881257479,0.884240383,0.882748931
10/7/2022,15.776625,15.825375,15.801,17.5562283,17.61205984,17.58414407,15.37116574,15.4202454,15.39570557,0.871092909,0.874170731,0.87263182
10/10/2022,15.7991875,15.8479375,15.8235625,17.45494235,17.51197094,17.48345664,15.32521188,15.37883855,15.35202521,0.872642226,0.876060669,0.874351447
10/11/2022,15.81515625,15.86390625,15.83953125,17.52635616,17.58672647,17.55654131,15.3644243,15.41813048,15.39127739,0.871829211,0.874950707,0.873389959
10/12/2022,15.83492708,15.88367708,15.85930208,17.46750807,17.52287256,17.49519031,15.3535453,15.40716677,15.38035604,0.866086925,0.869009956,0.867548441
10/13/2022,15.84822917,15.89697917,15.87260417,17.71990503,17.7775918,17.74874842,15.30621973,15.35489218,15.33055595,0.857592799,0.860584722,0.859088761
10/14/2022,15.8646875,15.9134375,15.8890625,17.89854044,17.96149691,17.93001867,15.54104788,15.59516875,15.56810831,0.875153079,0.878045736,0.876599407
10/17/2022,15.892875,15.941625,15.91725,18.0288774,18.08896189,18.05891964,15.53846389,15.59250341,15.56548365,0.879458752,0.88247383,0.880966291
10/19/2022,15.92197917,15.97072917,15.94635417,17.93610953,17.99262348,17.96436651,15.58602541,15.64013507,15.61308024,0.873902498,0.8769681,0.875435299
10/20/2022,15.94401042,15.99276042,15.96838542,17.94976693,18.01104678,17.98040685,15.62194141,15.67610376,15.64902258,0.871624149,0.874461302,0.873042725
10/21/2022,15.97122917,16.01997917,15.99560417,17.80951764,17.86548077,17.83749921,15.61986213,15.66914162,15.64450187,0.869726859,0.872742778,0.871234818
10/25/2022,16.013,16.06175,16.037375,18.2179901,18.27666533,18.24732771,15.820844,15.8754337,15.84813885,0.868544092,0.871897664,0.870220878
10/26/2022,16.0590625,16.1078125,16.0834375,18.54821719,18.61096656,18.57959188,16.07351566,16.12875266,16.10113416,0.888222483,0.891658594,0.889940539
10/27/2022,16.09651042,16.14526042,16.12088542,18.60756604,18.67199367,18.63977986,16.05787879,16.10974084,16.08380982,0.893749086,0.896709826,0.895229456
10/28/2022,16.124375,16.173125,16.14875,18.64461481,18.70745369,18.67603425,16.09212625,16.147248,16.11968713,0.89073626,0.893977459,0.892356859
10/31/2022,16.1465625,16.1953125,16.1709375,18.58953741,18.65214141,18.62083941,16.00447275,16.05441328,16.02944302,0.8805839,0.883473848,0.882028874
11/1/2022,16.17583333,16.22458333,16.20020833,18.673382,18.73777129,18.70557665,16.06907283,16.120746,16.09490942,0.894230964,0.897188828,0.895709896
11/2/2022,16.19286458,16.24130208,16.21708333,18.63312928,18.69536283,18.66424605,16.04550952,16.09513036,16.07031994,0.892670514,0.895681446,0.89417598
11/3/2022,16.20208333,16.250625,16.22635417,18.11068875,18.17144888,18.14106881,15.80189188,15.85573481,15.82881334,0.875494879,0.878378926,0.876936903
11/4/2022,16.21585417,16.26439583,16.240125,18.12608179,18.18684742,18.1564646,15.81532257,15.86917101,15.84224679,0.876238999,0.879123267,0.877681133
11/7/2022,16.24083333,16.28958333,16.26520833,18.61524317,18.67763625,18.64643971,16.23108883,16.28632542,16.25870713,0.912693507,0.915628665,0.914161086
11/8/2022,16.2765625,16.3253125,16.3009375,18.61387688,18.6761575,18.64501719,16.26516891,16.32041491,16.29279191,0.910719581,0.913958667,0.912339124
11/9/2022,16.30104167,16.34979167,16.32541667,18.66958302,18.73195631,18.70076967,16.37765656,16.4331756,16.40541608,0.915866037,0.919379856,0.917622947
11/10/2022,16.32827083,16.37691667,16.35259375,18.59790048,18.65985885,18.62887966,16.23846534,16.29339439,16.26592987,0.917906459,0.920931039,0.919418749
11/11/2022,16.36358333,16.41233333,16.38795833,19.28775568,19.35178223,19.31976895,16.8675817,16.92439813,16.89598992,0.947783872,0.950811251,0.949297562
11/14/2022,16.4275,16.47625,16.451875,19.37623625,19.44032738,19.40828181,16.95810825,17.01502338,16.98656581,0.950110179,0.953243966,0.951677072
11/15/2022,16.471875,16.520625,16.49625,19.59164813,19.65458756,19.62311784,17.13733875,17.1946665,17.16600263,0.957461186,0.961132895,0.959297041
11/16/2022,16.5174375,16.5661875,16.5418125,19.67557155,19.73695579,19.70626367,17.20951813,17.26693723,17.23822768,0.955311855,0.958524996,0.956918425
11/17/2022,16.56427083,16.61302083,16.58864583,19.56240385,19.62662281,19.59451333,17.10095321,17.15792792,17.12944056,0.945659755,0.948729974,0.947194865
11/18/2022,16.61422917,16.66297917,16.63860417,19.76594844,19.83061151,19.79827997,17.20901857,17.26617901,17.23759879,0.960759921,0.963840975,0.962300448
11/21/2022,16.65322917,16.7009375,16.67708333,19.66246768,19.720467,19.69146734,17.05457199,17.10510019,17.07983609,0.957836294,0.960994862,0.959415578
11/22/2022,16.69104167,16.73979167,16.71541667,19.84231033,19.90696025,19.87463529,17.14003069,17.19678798,17.16840933,0.965654114,0.968816436,0.967235275
11/23/2022,16.73895833,16.78729167,16.763125,19.99468573,20.06081354,20.02774964,17.2762789,17.32952119,17.30290004,0.97572533,0.979033503,0.977379417
11/24/2022,16.7946875,16.84239583,16.81854167,20.34508444,20.40961527,20.37734985,17.48494916,17.53630254,17.51062585,0.985864078,0.989419641,0.987641859
11/25/2022,16.86052083,16.90885417,16.8846875,20.38605574,20.45125911,20.41865743,17.50122063,17.55815417,17.5296874,0.984170913,0.987857132,0.986014022
11/28/2022,16.90708333,16.95479167,16.9309375,20.44066375,20.51190696,20.47628535,17.69495342,17.75166688,17.72331015,0.986353383,0.989511901,0.987932642
11/29/2022,16.96625,17.0134375,16.98984375,20.39852238,20.46206128,20.43029183,17.60078775,17.65654544,17.62866659,0.999779022,1.003446623,1.001612823
11/30/2022,17.03709375,17.08459375,17.06084375,20.44110508,20.50492942,20.47301725,17.66065138,17.71501526,17.68783332,1.004877421,1.008571363,1.006724392
12/1/2022,17.08471875,17.13284375,17.10878125,20.81431285,20.87979668,20.84705477,17.83644638,17.89354201,17.86499419,0.964197885,0.96773311,0.965965498
12/2/2022,17.1190625,17.16697917,17.14302083,21.02563256,21.0913506,21.05849158,18.03664425,18.09399604,18.06532015,0.986524587,0.98963948,0.988082033
12/5/2022,17.15177083,17.19989583,17.17583333,21.10010848,21.16619181,21.13315015,18.16029496,18.21812967,18.18921231,0.999013952,1.00207383,1.000543891
12/6/2022,17.1896875,17.2378125,17.21375,20.99892225,21.06460688,21.03176456,18.08355125,18.14107388,18.11231256,0.99312986,0.99623259,0.994681225
12/7/2022,17.23020833,17.27833333,17.25427083,21.01396208,21.07956667,21.04676438,18.1451324,18.20272417,18.17392828,0.998945313,1.002223511,1.000584412
12/8/2022,17.274875,17.32216667,17.29852083,21.06498258,21.1295789,21.09728074,18.16971353,18.22291933,18.19631643,1.007598602,1.010604576,1.009101589
12/9/2022,17.336775,17.38385833,17.36031667,21.29822809,21.36823866,21.33323338,18.29723234,18.35387763,18.32555498,1.003605025,1.007205211,1.005405118
12/12/2022,17.38322917,17.43010417,17.40666667,21.34486709,21.40939695,21.37713202,18.34799839,18.40444699,18.37622269,0.99361127,0.996717894,0.995164582
12/13/2022,17.42434375,17.47121875,17.44778125,21.42323064,21.48785194,21.45554129,18.36700075,18.42165305,18.3943269,0.982267432,0.985743474,0.984005453
12/14/2022,17.49041667,17.53729167,17.51385417,21.62690021,21.69538352,21.66114186,18.62379567,18.68072308,18.65225938,1.021201046,1.02483545,1.023018248
12/15/2022,17.54833333,17.59479167,17.5715625,21.616037,21.67502385,21.64553043,18.6415945,18.6979851,18.6697898,1.015082101,1.018146406,1.016614253
12/16/2022,17.60660417,17.65410417,17.63035417,21.41667331,21.48151395,21.44909363,18.68941032,18.7451278,18.71726906,1.000585587,1.004141,1.002363294
12/19/2022,17.6645,17.71095833,17.68772917,21.4976965,21.56132068,21.52950859,18.7314358,18.7877846,18.7596102,1.022440498,1.02552726,1.023983879
12/20/2022,17.74495833,17.791625,17.76829167,21.51221299,21.57590364,21.54405831,18.80610684,18.86268083,18.83439383,1.019098937,1.022066638,1.020582788
12/21/2022,17.8135,17.85933333,17.83641667,21.6220263,21.68658847,21.65430738,18.953564,19.0094744,18.9815192,1.030408728,1.033783484,1.032096106
12/22/2022,17.85494792,17.90182292,17.87838542,21.51521224,21.5734868,21.54434952,18.98695161,19.04037885,19.01366523,1.043270457,1.046461853,1.044866155
12/23/2022,17.89333333,17.94145833,17.91739583,21.58651733,21.65175192,21.61913463,18.99914133,19.0520346,19.02558797,1.049013228,1.052346667,1.050679948
12/27/2022,17.92539583,17.97352083,17.94945833,21.55528849,21.61495615,21.58512232,19.04573307,19.10405529,19.07489418,1.039328109,1.042698816,1.041013462
12/28/2022,17.96828125,18.01442708,17.99135417,21.69849644,21.76142792,21.72996218,19.11286077,19.16915186,19.14100631,1.045579357,1.048453726,1.047016542
12/29/2022,18.0171875,18.065,18.04109375,21.67647828,21.7412275,21.70885289,19.18830469,19.246451,19.21737784,1.053809249,1.05724887,1.05552906
12/30/2022,18.05072917,18.09697917,18.07385417,21.71683226,21.77971443,21.74827334,19.27276353,19.32938345,19.30107349,1.064814132,1.068046457,1.066430295
1/3/2023,18.10033333,18.14564583,18.12298958,21.64075853,21.69674872,21.66875363,19.0759413,19.1309544,19.10344785,1.060520837,1.063506006,1.062013422
1/4/2023,18.15178125,18.19782292,18.17480208,21.87289641,21.93201618,21.90245629,19.24633366,19.30243077,19.27438221,1.079345276,1.082707504,1.08102639
1/5/2023,18.17760417,18.2246875,18.20114583,21.8313026,21.88967216,21.86048738,19.27734922,19.3327485,19.30504886,1.063895034,1.066981693,1.065438363
1/6/2023,18.203125,18.24895833,18.22604167,21.57616406,21.6341401,21.60515208,19.09325781,19.14863198,19.1209449,1.045327556,1.048863044,1.0470953
1/9/2023,18.24437917,18.2920875,18.26823333,22.20705832,22.27061653,22.23883743,19.5597989,19.61277622,19.58628756,1.075102338,1.078180535,1.076641436
1/10/2023,18.28822917,18.33677083,18.3125,22.18727963,22.24983773,22.21855868,19.5994952,19.65518466,19.62733993,1.069818667,1.072940681,1.071379674
1/11/2023,18.3159375,18.36052083,18.33822917,22.17876872,22.23826283,22.20851578,19.66215891,19.71185517,19.68700704,1.075889186,1.078907304,1.077398245
1/12/2023,18.34666667,18.39114583,18.36890625,22.26001067,22.3213337,22.29067218,19.74468267,19.7999076,19.77229514,1.086218601,1.089522857,1.087870729
1/13/2023,18.37130208,18.41734375,18.39432292,22.36522316,22.42864122,22.39693219,19.85570329,19.91283206,19.88426768,1.086255851,1.089583789,1.08791982
1/16/2023,18.4059375,18.4528125,18.429375,22.42027247,22.48475203,22.45251225,19.90602141,19.96040728,19.93321434,1.077624692,1.08084372,1.079234206
1/17/2023,18.43895833,18.48375,18.46135417,22.59694344,22.653684,22.62531372,19.98045525,20.036385,20.00842013,1.077161504,1.080099924,1.078630714
1/18/2023,18.46614583,18.51302083,18.48958333,22.85370208,22.91726849,22.88548529,20.00991563,20.06811458,20.0390151,1.087939779,1.090945676,1.089442727
1/19/2023,18.4959375,18.5403125,18.518125,22.81103972,22.86947547,22.84025759,19.99595803,20.05134797,20.023653,1.069586846,1.072624385,1.071105616
1/20/2023,18.53770833,18.58479167,18.56125,22.90519242,22.9708025,22.93799746,20.0652155,20.12361242,20.09441396,1.081086138,1.084065871,1.082576004
1/23/2023,18.60588889,18.64622222,18.62605556,23.00618161,23.0579184,23.03205001,20.23204358,20.28336053,20.25770206,1.08379189,1.086527374,1.085159632
1/24/2023,18.72566667,18.76988889,18.74777778,23.00073637,23.0588085,23.02977243,20.32296603,20.37846837,20.3507172,1.083003191,1.086503365,1.084753278
1/25/2023,18.80622222,18.85,18.82811111,23.17678827,23.23828,23.20753413,20.45552791,20.510685,20.48310646,1.094836308,1.097781143,1.096308725
1/26/2023,18.88165625,18.92186458,18.90176042,23.38681943,23.44419022,23.41550483,20.56589999,20.61726365,20.59158182,1.100047555,1.102871998,1.101459776
1/27/2023,18.9096875,18.9540625,18.931875,23.37237375,23.43480288,23.40358831,20.54537547,20.59737972,20.57137759,1.097065982,1.099806342,1.098436162
1/30/2023,18.9484375,18.9909375,18.9696875,23.47521922,23.53546884,23.50534403,20.65379688,20.70392006,20.67885847,1.093237953,1.096044134,1.094641044
1/31/2023,19.01164583,19.05566667,19.03365625,23.40333602,23.46514793,23.43424198,20.58581011,20.64109813,20.61345412,1.087417469,1.090421829,1.088919649
2/1/2023,19.08041667,19.12520833,19.1028125,23.54905025,23.57755683,23.56330354,20.78429788,20.84073952,20.8125187,1.103615979,1.106968666,1.105292322
2/2/2023,19.12041667,19.166875,19.14364583,23.52384863,23.582923,23.55338581,21.01524996,21.068229,21.04173948,1.123666214,1.126727548,1.125196881
2/3/2023,19.12604167,19.17354167,19.14979167,23.41792542,23.48375383,23.45083963,20.90858875,20.96435046,20.9364696,1.114330923,1.117404375,1.115867649
2/6/2023,19.14427083,19.1915625,19.16791667,23.10330604,23.16613509,23.13472057,20.62220854,20.68082775,20.65151815,1.089246564,1.092366155,1.090806359
2/7/2023,19.19322917,19.23947917,19.21635417,22.98389193,23.04697209,23.01543201,20.53291656,20.5900906,20.56150358,1.087817203,1.091366353,1.089591778
2/8/2023,19.22066667,19.26691667,19.24379167,23.23394187,23.29177556,23.26285871,20.62761947,20.68496173,20.6562906,1.091333042,1.094394049,1.092863545
2/9/2023,19.24391667,19.28947917,19.26669792,23.40445145,23.46758035,23.4360159,20.71992508,20.77669801,20.74831154,1.090004286,1.092975033,1.091489659
2/10/2023,19.26333333,19.30802083,19.28567708,23.29322267,23.354982,23.32410233,20.57709267,20.63255106,20.60482186,1.077024289,1.079806545,1.078415417
2/13/2023,19.278125,19.3228125,19.30046875,23.34195375,23.4037905,23.37287213,20.60253219,20.65801884,20.63027552,1.074828557,1.077638492,1.076233524
2/14/2023,19.29645833,19.34229167,19.319375,23.55518669,23.61887235,23.58702952,20.76491881,20.82197698,20.7934479,1.083760177,1.086578451,1.085169314
2/15/2023,19.33473958,19.37739583,19.35606771,23.28482688,23.34394876,23.31438782,20.68237093,20.73575128,20.70906111,1.071598223,1.074855964,1.073227094
2/16/2023,19.39035417,19.4330625,19.41170833,23.34016931,23.39935056,23.36975993,20.74380089,20.79726349,20.77053219,1.068439147,1.071678211,1.070058679
2/17/2023,19.435,19.48125,19.458125,23.2345425,23.29567875,23.26511063,20.647744,20.7046725,20.67620825,1.071265179,1.074703069,1.072984124
2/20/2023,19.48025,19.52525,19.50275,23.42694865,23.48887575,23.4579122,20.79321885,20.84906195,20.8211404,1.074037624,1.077409725,1.075723674
2/21/2023,19.544375,19.58958333,19.56697917,23.69364581,23.75628771,23.72496676,20.83625819,20.89229063,20.86427441,1.07106551,1.073772499,1.072419004
2/22/2023,19.58239583,19.62708333,19.60473958,23.69274072,23.75465896,23.72369984,20.83762741,20.89303021,20.86532881,1.073143236,1.076181938,1.074662587
2/23/2023,19.65697917,19.7046875,19.68083333,23.66110582,23.72641422,23.69376002,20.85802059,20.91258484,20.88530272,1.073635583,1.07650593,1.075070757
2/24/2023,19.71572917,19.76414583,19.7399375,23.61155725,23.67744671,23.64450198,20.83361101,20.89267856,20.86314479,1.068053261,1.070966205,1.069509733
2/27/2023,19.76208333,19.80916667,19.785625,23.67695204,23.7353435,23.70614777,20.84702171,20.90461358,20.87581765,1.071440835,1.074144968,1.072792901
2/28/2023,19.82770833,19.87260417,19.85015625,23.99350985,24.05578734,24.0246486,21.04909517,21.10470563,21.0769004,1.076416976,1.079147231,1.077782103
3/1/2023,19.87989583,19.92520833,19.90255208,23.98111834,24.0437489,24.01243362,21.23968071,21.29606267,21.26787169,1.096343984,1.099382495,1.097863239
3/2/2023,19.935,19.97739583,19.95619792,23.8123575,23.87099028,23.84167389,21.139074,21.1920215,21.16554775,1.092741913,1.095384083,1.094062998
3/3/2023,19.99979167,20.04604167,20.02291667,23.98575015,24.04923619,24.01749317,21.2257789,21.28288244,21.25433067,1.101164585,1.104623344,1.102893965
3/6/2023,20.04958333,20.09625,20.07291667,24.08556446,24.14966363,24.11761404,21.34879633,21.4065255,21.37766092,1.101740475,1.104565841,1.103153158
3/7/2023,20.10479167,20.15229167,20.12854167,24.10966617,24.17468908,24.14217763,21.44779175,21.50652567,21.47715871,1.092052279,1.095524986,1.093788633
3/9/2023,20.16083333,20.20791667,20.184375,23.95107,24.01508817,23.98307908,21.27975958,21.33753921,21.3086494,1.082431792,1.085268508,1.08385015
3/10/2023,20.209375,20.253125,20.23125,24.23912438,24.29969938,24.26941188,21.40577,21.46021125,21.43299063,1.104687551,1.107581525,1.106134538
3/14/2023,20.27647917,20.32189583,20.2991875,24.7251387,24.78864854,24.75689362,21.76274509,21.81961956,21.79118232,1.119554705,1.122992442,1.121273573
3/15/2023,20.39002083,20.43439583,20.41220833,24.61687215,24.67861985,24.647746,21.50331597,21.55420073,21.52875835,1.111336318,1.114666236,1.113001277
3/16/2023,20.4796875,20.5246875,20.5021875,24.72103078,24.78356016,24.75229547,21.69003703,21.74180147,21.71591925,1.114152758,1.116843922,1.11549834
3/17/2023,20.5514375,20.5983125,20.574875,24.95150027,25.01665053,24.9840754,21.85028835,21.90836518,21.87932676,1.118469926,1.121197957,1.119833941
3/20/2023,20.623,20.66904167,20.64602083,25.2198667,25.28443867,25.25215269,22.0727969,22.13034291,22.10156991,1.11644047,1.119205618,1.117823044
3/21/2023,20.77208333,20.81708333,20.79458333,25.41256675,25.47594658,25.44425667,22.39438304,22.44706096,22.420722,1.120169294,1.12286848,1.121518887
3/22/2023,20.8778125,20.92552083,20.90166667,25.58367144,25.65050344,25.61708744,22.514633,22.57026677,22.54244989,1.134645223,1.137738869,1.136192046
3/23/2023,20.9980625,21.04191667,21.01998958,25.78562075,25.84789043,25.81675559,22.83329316,22.88939695,22.86134506,1.153505194,1.15647969,1.154992442
3/24/2023,21.09552083,21.1409375,21.11822917,25.77028825,25.83422563,25.80225694,22.66924669,22.72650781,22.69787725,1.157987464,1.160869213,1.159428339
3/27/2023,21.15869792,21.20421875,21.18145833,25.94902713,26.01333556,25.98118134,22.83023505,22.88783372,22.85903439,1.157110868,1.160552288,1.158831578
3/28/2023,21.21816667,21.26252083,21.24034375,26.11319772,26.1762894,26.14474356,22.97715268,23.02943631,23.0032945,1.167237867,1.170128437,1.168683152
3/29/2023,21.30445833,21.34695833,21.32570833,26.26839713,26.32933841,26.29886777,23.12172863,23.17639266,23.14906065,1.176359478,1.179683255,1.178021366
3/30/2023,21.3763125,21.42308333,21.39969792,26.46387488,26.5303464,26.49711064,23.34720851,23.40686085,23.37703468,1.201247113,1.204891049,1.203069081
3/31/2023,21.2815625,21.33135417,21.30645833,26.35083069,26.42101527,26.38592298,23.15646816,23.21917901,23.18782358,1.201018223,1.2041272,1.202572711
4/3/2023,20.79989583,20.84989583,20.82489583,25.758591,25.82676597,25.79267848,22.60532679,22.66800675,22.63666677,1.162654882,1.166427739,1.16454131
4/4/2023,20.3703125,20.4203125,20.3953125,25.40585375,25.47638188,25.44111781,22.18530734,22.24793047,22.21661891,1.137764748,1.141513824,1.139639286
4/5/2023,19.9490625,19.9990625,19.9740625,24.90241472,24.97282934,24.93762203,21.83823872,21.90097334,21.86960603,1.114373157,1.117584479,1.115978818
4/6/2023,19.7265625,19.7765625,19.7515625,24.50433594,24.57435656,24.53934625,21.47828125,21.53667656,21.50747891,1.077442008,1.080609711,1.07902586
4/11/2023,19.410625,19.460625,19.435625,24.13711219,24.20123325,24.16917272,21.19057931,21.25294856,21.22176394,1.060116385,1.063102619,1.061609502
4/12/2023,18.8890625,18.9390625,18.9140625,23.53954969,23.61132922,23.57543945,20.73074609,20.79319672,20.76197141,1.029859362,1.032855737,1.031357549
4/13/2023,18.5140625,18.5640625,18.5390625,23.19812031,23.26819594,23.23315813,20.45803906,20.52071469,20.48937688,1.022430127,1.025338575,1.023884351
4/14/2023,18.20822917,18.25822917,18.23322917,22.71658671,22.78627,22.75142835,20.0782143,20.13700095,20.10760763,1.006914106,1.010517327,1.008715717
4/17/2023,17.70947917,17.75947917,17.73447917,21.97923459,22.04839339,22.01381399,19.39719253,19.45906132,19.42812693,0.974912424,0.977944888,0.976428656
4/18/2023,17.19125,17.24125,17.21625,21.3652855,21.434322,21.39980375,18.83129525,18.89296175,18.8621285,0.945129829,0.9481654,0.946647615
4/19/2023,17.2828125,17.3328125,17.3078125,21.50327531,21.57241844,21.53784688,18.93332109,18.99156266,18.96244188,0.949970456,0.953504924,0.95173769
4/20/2023,17.3475,17.3975,17.3725,21.5906985,21.6598875,21.625293,19.033677,19.09027675,19.06197688,0.959782897,0.962687723,0.96123531
4/21/2023,17.42697917,17.47697917,17.45197917,21.63733733,21.70640813,21.67187273,19.14353661,19.20545241,19.17449451,0.960428722,0.963582587,0.962005655
4/24/2023,17.5036875,17.5515625,17.527625,21.79734204,21.86398141,21.83066173,19.28906363,19.3488425,19.31895306,0.96484235,0.96777473,0.96630854
4/25/2023,17.60666667,17.65645833,17.6315625,21.84459133,21.91343044,21.87901089,19.38317933,19.44505756,19.41411845,0.962981194,0.966047947,0.964514571
4/26/2023,17.64947917,17.69645833,17.67296875,22.00713557,22.07279248,22.03996403,19.49737964,19.5563561,19.52686787,0.959388103,0.962161454,0.960774778
4/27/2023,17.71135417,17.755625,17.73348958,22.04709367,22.10930425,22.07819896,19.4931164,19.54361644,19.51836642,0.969640377,0.972314251,0.970977314
5/2/2023,17.77760417,17.82614583,17.801875,22.14733927,22.20959509,22.17846718,19.47003208,19.53032538,19.50017873,0.96559688,0.969022931,0.967309906
5/3/2023,17.82802083,17.87677083,17.85239583,22.26541522,22.33523748,22.30032635,19.66965539,19.73059197,19.70012368,0.974869356,0.977765,0.976317178
5/4/2023,17.87833333,17.92625,17.90229167,22.4569745,22.52433313,22.49065381,19.70907467,19.7690685,19.73907158,0.980005226,0.983440402,0.981722814
5/5/2023,17.94020833,17.98916667,17.9646875,22.561606,22.63037167,22.59598883,19.70193679,19.7628985,19.73241765,0.973661954,0.977114509,0.975388231
5/8/2023,18.03285417,18.08108333,18.05696875,22.80615066,22.87437853,22.84026459,19.90286114,19.95789978,19.93038046,0.9817752,0.984888925,0.983332063
5/9/2023,18.14977083,18.19477083,18.17227083,22.83422669,22.89811909,22.86617289,19.86492418,19.92145459,19.89318938,0.981264947,0.98393725,0.982601098
5/10/2023,18.21060417,18.2589375,18.23477083,23.07283548,23.14137739,23.10710643,20.03348564,20.09396072,20.06372318,0.976340435,0.979719669,0.978030052
5/11/2023,18.25291667,18.30208333,18.2775,22.99684971,23.06245521,23.02965246,19.97051613,20.03163021,20.00107317,0.947711146,0.950866246,0.949288696
5/12/2023,18.29979167,18.34833333,18.3240625,22.88388948,22.95009533,22.91699241,19.92115321,19.981335,19.9512441,0.950766943,0.953561412,0.952164178
5/15/2023,18.41310417,18.45702083,18.4350625,23.02374545,23.08419596,23.0539707,20.02425078,20.07939296,20.05182187,0.962897523,0.965345553,0.964121538
5/16/2023,18.49927083,18.54760417,18.5234375,23.14258781,23.21047185,23.17652983,20.12905659,20.18535761,20.1572071,0.971809625,0.975158078,0.973483852
5/17/2023,18.55577083,18.6030625,18.57941667,23.14090181,23.20918078,23.17504129,20.09218866,20.14897699,20.12058283,0.962700889,0.965931217,0.964316053
5/18/2023,18.6334375,18.68135417,18.65739583,23.14645606,23.20971442,23.17808524,20.09802569,20.15718115,20.12760342,0.960714267,0.963358627,0.962036447
5/19/2023,18.71739583,18.7659375,18.74166667,23.2881839,23.35420922,23.32119656,20.22601794,20.28034866,20.2531833,0.966004296,0.968859549,0.967431923
5/22/2023,18.8774375,18.92316667,18.90030208,23.49108323,23.5706964,23.53088981,20.41594866,20.4710817,20.44351518,0.980030085,0.983016538,0.981523312
5/23/2023,19.04748958,19.09519792,19.07134375,23.59412535,23.65895022,23.62653778,20.50652729,20.56552816,20.53602772,0.988771145,0.991561709,0.990166427
5/24/2023,19.17197917,19.22010417,19.19604167,23.77900576,23.84061721,23.80981148,20.67889673,20.7384924,20.70869456,1.000202376,1.003498346,1.001850361
5/26/2023,19.2465625,19.29364583,19.27010417,23.80222384,23.86816926,23.83519655,20.66695881,20.72523435,20.69609658,0.981521783,0.984374708,0.982948246
5/29/2023,19.311875,19.36052083,19.33619792,23.84050969,23.90830718,23.87440843,20.69074288,20.75060623,20.72067455,0.983288018,0.986131414,0.984709716
5/30/2023,19.42291667,19.47125,19.44708333,24.14074313,24.20860513,24.17467413,20.83884729,20.89849263,20.86866996,0.984600398,0.987305797,0.985953097
5/31/2023,19.49385417,19.54177083,19.5178125,24.11974576,24.18684976,24.15329776,20.82138564,20.88038214,20.85088389,0.985414013,0.988855927,0.98713497
6/1/2023,19.56291667,19.60958333,19.58625,24.43017033,24.4962915,24.46323092,20.95384004,21.01166854,20.98275429,0.992024253,0.994673153,0.993348703
6/2/2023,19.66604167,19.71375,19.68989583,24.61991756,24.68752913,24.65372334,21.15082781,21.21002363,21.18042572,1.012450534,1.015691013,1.014070773
6/5/2023,19.755,19.80125,19.778125,24.448788,24.5139475,24.48136775,21.09834,21.1556555,21.12699775,1.021188828,1.023907771,1.0225483
6/6/2023,19.87364583,19.9199375,19.89679167,24.64729556,24.71267446,24.67998501,21.21909166,21.27648524,21.24778845,1.02991469,1.032565171,1.03123993
6/7/2023,20.00958333,20.05635417,20.03296875,24.94994946,25.01629055,24.98312001,21.45227429,21.51043984,21.48135707,1.050531752,1.05342974,1.051980746
6/8/2023,20.09208333,20.14,20.11604167,25.08094763,25.148818,25.11488281,21.58894354,21.648486,21.61871477,1.063078817,1.066144358,1.064611588
6/9/2023,20.20197917,20.24697917,20.22447917,25.38176663,25.44640342,25.41408502,21.75147097,21.80802126,21.77974611,1.078819778,1.081459636,1.080139707
6/12/2023,19.87609375,19.92354167,19.89981771,24.94648527,25.01599892,24.98124209,21.40059014,21.45964673,21.43011843,1.072013427,1.075442579,1.073728003
6/13/2023,19.07291667,19.12291667,19.09791667,24.01089479,24.08148896,24.04619188,20.60447188,20.66613604,20.63530396,1.029021671,1.032554896,1.030788283
6/14/2023,18.99833333,19.04833333,19.02333333,24.07278817,24.1437625,24.10827533,20.57899467,20.63696433,20.6079795,1.037491308,1.041074578,1.039282943
6/15/2023,19.16395833,19.21270833,19.18833333,24.29223358,24.36171417,24.32697388,20.83888829,20.89958413,20.86923621,1.043379412,1.046888566,1.045133989
6/16/2023,19.31114583,19.35979167,19.33546875,24.75109561,24.8211889,24.78614226,21.13798023,21.19897188,21.16847605,1.061547747,1.06454955,1.063048648
6/19/2023,19.41385417,19.463125,19.43848958,24.86332303,24.93420944,24.89876623,21.20575291,21.26735669,21.2365548,1.069834248,1.072969211,1.071401729
6/20/2023,17.70375,17.75375,17.72875,22.54395525,22.61295138,22.57845331,19.3112505,19.372892,19.34207125,0.964508695,0.968023795,0.966266245
6/21/2023,17.48354167,17.53354167,17.50854167,22.24955513,22.32019854,22.28487683,19.09027915,19.15188756,19.12108335,0.949960155,0.953453964,0.951707059
6/22/2023,17.4071875,17.4571875,17.4321875,22.15760897,22.22998256,22.19379577,19.09046253,19.15228041,19.12137147,0.939537523,0.942999692,0.941268607
6/23/2023,17.02083333,17.07083333,17.04583333,21.63858542,21.70897875,21.67378208,18.53228333,18.59355167,18.5629175,0.912024162,0.915041614,0.913532888
6/26/2023,17.10660417,17.15510417,17.13085417,21.73394059,21.79899086,21.76646573,18.67527977,18.73165824,18.703469,0.920412582,0.923300296,0.921856439
6/27/2023,17.23114583,17.27927083,17.25520833,21.95420291,22.02243068,21.98831679,18.89050518,18.95017632,18.92034075,0.933022121,0.935911758,0.93446694
6/28/2023,17.3046875,17.351875,17.32828125,21.86966406,21.93624038,21.90295222,18.92959766,18.98295125,18.95627445,0.925889389,0.928607934,0.927248662
6/29/2023,17.43229167,17.48010417,17.45619792,21.97514688,22.04241135,22.00877911,18.95064427,19.00611726,18.97838077,0.926786164,0.929624651,0.928205407
6/30/2023,17.53895833,17.58854167,17.56375,22.24466085,22.31458281,22.27962183,19.1122029,19.16799271,19.1400978,0.9288325,0.931586618,0.930209559
7/5/2023,17.68145833,17.72927083,17.70536458,22.48197427,22.54985957,22.51591692,19.265717,19.32135935,19.29353818,0.944719163,0.94778018,0.946249672
7/6/2023,17.84072917,17.8903125,17.86552083,22.75406598,22.81909359,22.78657979,19.40179297,19.46287097,19.43233197,0.938758467,0.941744091,0.940251279
7/7/2023,18.0040625,18.051875,18.02796875,22.97678456,23.04141325,23.00909891,19.62802894,19.68737488,19.65770191,0.942966663,0.946214226,0.944590444
7/10/2023,18.1803125,18.2290625,18.2046875,23.19807875,23.26757538,23.23282706,19.90744219,19.96811506,19.93777863,0.959889784,0.962778866,0.961334325
7/11/2023,18.2818125,18.32822917,18.30502083,23.57256904,23.63974998,23.60615951,20.07160194,20.12989409,20.10074802,0.980237019,0.982952423,0.981594721
7/12/2023,18.4009375,18.44947917,18.42520833,23.85865556,23.92897448,23.89381502,20.36615763,20.42726333,20.39671048,1.005142215,1.008620211,1.006881213
7/13/2023,18.52885417,18.5746875,18.55177083,24.25056433,24.31798088,24.2842726,20.71155319,20.77021556,20.74088438,1.028152716,1.030982016,1.029567366
7/14/2023,18.71108333,18.75760417,18.73434375,24.52648803,24.5893433,24.55791567,21.00880437,21.06478948,21.03679692,1.035535078,1.038471777,1.037003428
7/17/2023,18.849375,18.89614583,18.87276042,24.6248235,24.69348338,24.65915344,21.16407825,21.224151,21.19411463,1.040108981,1.04327699,1.041692985
7/18/2023,18.94510417,18.99375,18.96942708,24.78209076,24.85332188,24.81770632,21.27535198,21.33567938,21.30551568,1.101728571,1.104724542,1.103226557
7/19/2023,19.05395833,19.10395833,19.07895833,24.60818719,24.68040377,24.64429548,21.37663585,21.43464125,21.40563855,1.063397608,1.067081402,1.065239505
7/20/2023,19.20739583,19.25364583,19.23052083,24.71991844,24.78714365,24.75353104,21.47578928,21.5332775,21.50453339,1.076394337,1.079893985,1.078144161
7/21/2023,19.379125,19.42583333,19.40247917,24.8672932,24.92917192,24.89823256,21.56315239,21.62289508,21.59302374,1.079454622,1.082369875,1.080912249
7/24/2023,19.46291667,19.511875,19.48739583,24.97481467,25.04544275,25.01012871,21.57269683,21.634767,21.60373192,1.09070777,1.093751752,1.092229761
7/25/2023,19.19489583,19.24489583,19.21989583,24.62897084,24.7008238,24.66489732,21.19884296,21.25598745,21.2274152,1.090898004,1.094118949,1.092508476
7/26/2023,18.678125,18.728125,18.703125,24.1022525,24.17239094,24.13732172,20.66734531,20.72454313,20.69594422,1.054588031,1.058271505,1.056429768
7/27/2023,18.33208333,18.38208333,18.35708333,23.61355654,23.68531438,23.64943546,20.23495358,20.29749642,20.266225,1.042644212,1.046380681,1.044512447
7/28/2023,18.55645833,18.60583333,18.58114583,23.84876025,23.91965933,23.88420979,20.40097029,20.45897433,20.42997231,1.048073646,1.051717738,1.049895692
7/31/2023,18.79322917,18.84302083,18.818125,24.1267476,24.19820735,24.16247748,20.71577651,20.77254617,20.74416134,1.058445505,1.061620505,1.060033005
8/1/2023,18.9778125,19.0278125,19.0028125,24.22707544,24.29851656,24.262796,20.81486475,20.87160753,20.84323614,1.045194881,1.048462528,1.046828705
8/2/2023,19.12604167,19.17427083,19.15015625,24.33597542,24.39925964,24.36761753,20.96022906,21.02075311,20.99049109,1.035805321,1.038642257,1.037223789
8/3/2023,19.255,19.3034375,19.27921875,24.3787555,24.44201256,24.41038403,21.049566,21.10444822,21.07700711,1.029491964,1.032230745,1.030861355
8/4/2023,19.36270833,19.4115625,19.38713542,24.74554125,24.8157415,24.78064138,21.34738594,21.40318881,21.37528738,1.047283897,1.050778818,1.049031358
8/8/2023,19.30822917,19.35791667,19.33307292,24.51179693,24.58261838,24.54720765,21.12899518,21.18723979,21.15811748,1.021150985,1.024120023,1.022635504
8/9/2023,18.93322917,18.98322917,18.95822917,24.09821408,24.17324402,24.13572905,20.78868563,20.85117892,20.81993227,0.994162545,0.997049758,0.995606151
8/10/2023,18.90229167,18.95166667,18.92697917,24.12499485,24.19559283,24.16029384,20.84544725,20.90747867,20.87646296,1.009441225,1.012332094,1.01088666
8/11/2023,19.0640625,19.113125,19.08859375,24.19420172,24.26411219,24.22915695,20.91327656,20.97474338,20.94400997,1.008760616,1.012160087,1.010460351
8/14/2023,19.223625,19.2709375,19.24728125,24.32173035,24.38737141,24.35455088,20.95759598,21.01688444,20.98724021,1.007696521,1.010335513,1.009016017
8/15/2023,19.3909375,19.44072917,19.41583333,24.68466344,24.75582452,24.72024398,21.21756381,21.27982215,21.24869298,1.01374091,1.016668192,1.015204551
8/16/2023,19.5438125,19.591875,19.56784375,24.85582074,24.92478338,24.89030206,21.29689248,21.35710294,21.32699771,1.018878019,1.021697921,1.02028797
8/17/2023,19.5021875,19.5521875,19.5271875,24.84578688,24.98378519,24.91478603,21.27493634,21.33730222,21.30611928,1.025513356,1.02828317,1.026898263
8/18/2023,19.41427083,19.4634375,19.43885417,24.67942108,24.74386809,24.71164459,21.07419099,21.12950775,21.10184937,1.015104041,1.01847358,1.016788811
8/21/2023,19.4628125,19.51270833,19.48776042,24.8189785,24.89041075,24.85469463,21.20862678,21.27080335,21.23971507,1.024574252,1.028012662,1.026293457
8/22/2023,19.45125,19.50125,19.47625,24.76922175,24.84069225,24.804957,21.09877088,21.16080638,21.12978863,1.036509983,1.039556591,1.038033287
8/23/2023,19.48947917,19.53895833,19.51421875,24.60156955,24.67184269,24.63670612,21.05058645,21.11184448,21.08121546,1.043680406,1.046716827,1.045198616
8/24/2023,19.56947917,19.6178125,19.59364583,24.72799388,24.79887678,24.76343533,21.17809035,21.23432025,21.2062053,1.048138483,1.050946734,1.049542608
8/25/2023,19.69010417,19.7396875,19.71489583,24.84694245,24.91148563,24.87921404,21.28697161,21.34847203,21.31772182,1.058021857,1.061090968,1.059556413
8/28/2023,19.79333333,19.840625,19.81697917,24.70999733,24.97537875,24.84268804,21.382738,21.44176344,21.41225072,1.060309808,1.063697896,1.062003852
8/29/2023,19.91895833,19.96895833,19.94395833,25.0480901,25.11695579,25.08252295,21.49454794,21.55649052,21.52551923,1.07298849,1.076064445,1.074526468
8/30/2023,20.02616667,20.07479167,20.05047917,25.44724998,25.51706769,25.48215884,21.86056353,21.9216725,21.89111802,1.08038728,1.083887656,1.082137468
8/31/2023,20.17072917,20.2196875,20.19520833,25.53614313,25.60621225,25.57117769,21.89734358,21.95858063,21.9279621,1.07413953,1.077607456,1.075873493
9/1/2023,20.27854167,20.328125,20.30333333,25.72738581,25.79842344,25.76290463,22.03060767,22.09260625,22.06160696,1.085063871,1.08786832,1.086466095
9/4/2023,20.36989583,20.41947917,20.3946875,25.73125242,25.80205388,25.76665315,21.9994875,22.06120529,22.0303464,1.072703882,1.076165085,1.074434484
9/5/2023,20.4609375,20.51072917,20.48583333,25.73781328,25.81070158,25.77425743,21.98732344,22.04903385,22.01817865,1.069355307,1.07279299,1.071074148
9/6/2023,20.55701042,20.60398958,20.5805,25.80315948,25.87036932,25.8367644,22.05561648,22.11426202,22.08493925,1.064330447,1.067591885,1.065961166
9/7/2023,20.70229167,20.750625,20.72645833,25.80540656,25.86772913,25.83656784,22.13903071,22.19279344,22.16591207,1.081302416,1.084223328,1.082762872
9/8/2023,20.81072917,20.8596875,20.83520833,25.96970893,26.03706194,26.00338543,22.27164235,22.33029547,22.30096891,1.090663346,1.094089286,1.092376316
9/11/2023,20.92802083,20.97697917,20.9525,26.22490291,26.29464339,26.25977315,22.45576635,22.51668944,22.4862279,1.11084682,1.113599183,1.112223001
9/12/2023,21.02010417,21.07010417,21.04510417,26.19945783,26.27020588,26.23483185,22.50832754,22.56608156,22.53720455,1.105721854,1.108882816,1.107302335
9/13/2023,21.08114583,21.1303125,21.10572917,26.29240508,26.36217788,26.32729148,22.61796136,22.67916441,22.64856289,1.115681986,1.118479383,1.117080684
9/14/2023,20.81854167,20.86833333,20.8434375,25.89826583,25.9622935,25.93027967,22.21962952,22.28529317,22.25246134,1.099050362,1.102266685,1.100658523
9/15/2023,20.465,20.51447917,20.48973958,25.388879,25.45846865,25.42367382,21.8259225,21.88689782,21.85641016,1.073309138,1.076050857,1.074679998
9/18/2023,20.594375,20.64208333,20.61822917,25.50201456,25.56934863,25.53568159,21.94948488,22.00446083,21.97697285,1.081398799,1.084051935,1.082725367
9/19/2023,20.67729167,20.72625,20.70177083,25.62743529,25.69640475,25.66192002,22.09575388,22.15636125,22.12605756,1.089884655,1.092856917,1.091370786
9/20/2023,20.76427083,20.81427083,20.78927083,25.69370873,25.76390444,25.72880658,22.20946408,22.26918836,22.23932622,1.103954003,1.107165622,1.105559812
9/21/2023,20.8690625,20.9171875,20.893125,25.60633969,25.67375594,25.64004781,22.21720394,22.27680469,22.24700431,1.102101454,1.105518691,1.103810073
9/22/2023,20.9534375,21.0025,20.97796875,25.68891438,25.757466,25.72319019,22.32588766,22.38656475,22.3562262,1.117731271,1.120689195,1.119210233
9/25/2023,21.01713542,21.06567708,21.04140625,25.67663434,25.7422574,25.70944587,22.29918068,22.3822819,22.34073129,1.120507518,1.123988341,1.122247929
9/26/2023,20.99666667,21.04520833,21.0209375,25.57394,25.64148183,25.60771092,22.24386867,22.30371179,22.27379023,1.10382123,1.106698937,1.105260084
9/27/2023,20.764375,20.813125,20.78875,25.216257,25.28378425,25.25002063,21.90433919,21.95784688,21.93109303,1.084907755,1.087602617,1.086255186
9/28/2023,20.88739583,20.93729167,20.91234375,25.46382426,25.53302719,25.49842572,22.00904899,22.06999915,22.03952407,1.092911454,1.096382708,1.094647081
9/29/2023,20.99020833,21.03895833,21.01458333,25.73399542,25.8021785,25.76808696,22.25171985,22.30550363,22.27861174,1.115082865,1.118052788,1.116567826
10/2/2023,21.0590625,21.108125,21.08359375,25.59097275,25.65270431,25.62183853,22.16887509,22.22896644,22.19892077,1.098542645,1.101613425,1.100078035
10/3/2023,21.15682292,21.20578125,21.18130208,25.53628526,25.60598086,25.57113306,22.13638382,22.19185008,22.16411695,1.094773324,1.097613406,1.096193365
10/4/2023,21.24385417,21.2928125,21.26833333,25.84527298,25.91335281,25.8793129,22.35065897,22.41068516,22.38067206,1.106566005,1.109272192,1.107919098
10/5/2023,21.30760417,21.35697917,21.33229167,25.84399309,25.91242282,25.87820796,22.40707654,22.46754208,22.43730931,1.087877515,1.090543162,1.089210338
10/6/2023,21.36125,21.41083333,21.38604167,25.89410725,25.9627765,25.92844188,22.420768,22.47709283,22.44893042,1.089137307,1.092500935,1.090819121
10/9/2023,21.42645833,21.47427083,21.45036458,26.16384827,26.23082182,26.19733505,22.6027709,22.66179801,22.63228445,1.106292833,1.109053532,1.107673183
10/10/2023,21.4671875,21.5171875,21.4921875,26.28871781,26.35855469,26.32363625,22.73589828,22.79746016,22.76667922,1.122649292,1.125882327,1.124265809
10/11/2023,21.45677083,21.50677083,21.48177083,26.40899354,26.47913625,26.4440649,22.76563385,22.82728656,22.79646021,1.135753613,1.13930481,1.137529212
10/12/2023,21.51114583,21.5603125,21.53572917,26.38342036,26.45234741,26.41788389,22.76309452,22.81943475,22.79126464,1.139741854,1.1432555,1.141498677
10/13/2023,21.38166667,21.43166667,21.40666667,26.05356083,26.1230585,26.08830967,22.52558583,22.5868335,22.55620967,1.133205783,1.136132713,1.134669248
10/16/2023,21.3225,21.3725,21.3475,25.9580115,26.0274305,25.992721,22.473915,22.535164,22.5045395,1.133030448,1.136285096,1.134657772
10/17/2023,21.45270833,21.5009375,21.47682292,26.07147644,26.13223944,26.10185794,22.63475256,22.69208944,22.663421,1.135136005,1.137910755,1.13652338
10/18/2023,21.54614583,21.59489583,21.57052083,26.16348489,26.2248415,26.19416319,22.78504922,22.8452403,22.81514476,1.129531165,1.132484599,1.131007882
10/19/2023,21.60805208,21.65697917,21.63251563,26.23649684,26.3045669,26.27053187,22.87644474,22.93690664,22.90667569,1.131157648,1.134021687,1.132589667
10/20/2023,21.60805208,21.65697917,21.63251563,26.23649684,26.3045669,26.27053187,22.87644474,22.93690664,22.90667569,1.131157648,1.134021687,1.132589667
10/23/2023,21.68208333,21.72979167,21.7059375,26.38492721,26.44515646,26.41504183,23.00685863,23.05965492,23.03325677,1.144076665,1.147241771,1.145659218
10/25/2023,21.75739583,21.8059375,21.78166667,26.39607263,26.46368575,26.42987919,23.00844609,23.06850128,23.03847369,1.136328521,1.139060035,1.137694278
10/26/2023,21.84104167,21.89020833,21.865625,26.46697429,26.53531054,26.50114242,23.05103538,23.11168196,23.08135867,1.148549219,1.152953637,1.150751428
10/27/2023,21.91958333,21.96854167,21.9440625,26.60818221,26.67640015,26.64229118,23.17119154,23.23173281,23.20146218,1.166003507,1.16878191,1.167392709
10/30/2023,21.97864583,22.02583333,22.00223958,26.67987818,26.74596942,26.7129238,23.30615604,23.365004,23.33558002,1.171600833,1.174360369,1.172980601
10/31/2023,22.050625,22.09583333,22.07322917,26.81576506,26.87737167,26.84656836,23.42437894,23.47682292,23.45060093,1.175769961,1.178444444,1.177107203
11/1/2023,22.12490625,22.17126042,22.14808333,26.8087489,26.87378475,26.84126683,23.30858873,23.36629135,23.33744004,1.187225998,1.189879377,1.188552688
11/2/2023,22.17251042,22.22188542,22.19719792,27.07706972,27.14625523,27.11166247,23.63811336,23.6996408,23.66887708,1.209029364,1.211893514,1.210461439
11/3/2023,22.22875,22.275,22.251875,27.37248275,27.4361175,27.40430013,23.7467475,23.8632075,23.8049775,1.212426571,1.216681232,1.214553902
11/6/2023,22.34941667,22.394625,22.37202083,27.69763208,27.76485608,27.73124408,24.00103856,24.05854564,24.0297921,1.223197948,1.226175549,1.224686749
11/7/2023,22.486875,22.535,22.5109375,27.667851,27.731571,27.699711,24.02497725,24.085408,24.05519263,1.222670948,1.225447545,1.224059246
11/8/2023,22.59760417,22.64708333,22.62234375,27.69788343,27.76758888,27.73273615,24.10938389,24.17123204,24.14030796,1.220542074,1.224206371,1.222374222
11/9/2023,22.69760417,22.74635417,22.72197917,27.82726271,27.88930484,27.85828378,24.26373885,24.32495115,24.294345,1.220032367,1.2228368,1.221434584
11/10/2023,22.7665625,22.81635417,22.79145833,27.81618606,27.88158479,27.84888543,24.31696541,24.37927443,24.34811992,1.213718233,1.217346176,1.215532204
11/13/2023,22.85739583,22.9065625,22.88197917,27.9774525,28.04679513,28.01212381,24.39112709,24.45275547,24.42194128,1.219022102,1.221944015,1.220483059
11/14/2023,22.94104167,22.9890625,22.96505208,28.19683431,28.26965016,28.23324223,24.59738488,24.65806844,24.62772666,1.225568104,1.228304107,1.226936106
11/15/2023,23.01041667,23.05885417,23.03463542,28.67788229,28.74747349,28.71267789,25.00081771,25.06266859,25.03174315,1.267980177,1.271700455,1.269840316
11/16/2023,23.06947917,23.11552083,23.0925,28.58308469,28.65631118,28.61969793,25.01885016,25.07802855,25.04843935,1.259168568,1.262046683,1.260607625
11/17/2023,23.15760417,23.2053125,23.18145833,28.78258622,28.85348556,28.81803589,25.15610541,25.21257203,25.18433872,1.262338739,1.265456714,1.263897727
11/20/2023,23.22770833,23.27520833,23.25145833,28.96262952,29.03116735,28.99689844,25.38323967,25.43747519,25.41035743,1.259930913,1.263535497,1.261733205
11/21/2023,23.27854167,23.3259375,23.30223958,29.17499627,29.24372784,29.20936206,25.48069171,25.54190156,25.51129664,1.265495774,1.268251623,1.266873699
11/22/2023,23.32760417,23.37541667,23.35151042,29.24581734,29.30809742,29.27695738,25.44808339,25.50959221,25.4788378,1.253781303,1.256567182,1.255174243
11/23/2023,23.41708333,23.4640625,23.44057292,29.37204763,29.44035922,29.40620342,25.53164596,25.59225297,25.56194946,1.246464716,1.249377682,1.247921199
11/24/2023,23.5103125,23.5578125,23.5340625,29.55481384,29.626305,29.59055942,25.65915506,25.72041969,25.68978738,1.24381342,1.246497868,1.245155644
11/27/2023,23.5934375,23.64291667,23.61817708,29.80794894,29.88228238,29.84511566,25.82773603,25.89135804,25.85954704,1.266211071,1.269186654,1.267698862
11/28/2023,23.65354167,23.7028125,23.67817708,29.82238533,29.89398713,29.85818623,25.89116671,25.95457969,25.9228732,1.264259766,1.267292886,1.265776326
11/29/2023,23.74208333,23.78916667,23.765625,30.14769742,30.2169995,30.18234846,26.08305275,26.13715742,26.11010508,1.283529306,1.287118445,1.285323876
11/30/2023,23.75927083,23.80864583,23.78395833,30.07448502,30.14650735,30.11049619,25.9760108,26.03475422,26.00538251,1.261770826,1.26467504,1.263222933
12/1/2023,23.81578125,23.86505208,23.84041667,30.10076592,30.17974486,30.14025539,25.91157,25.96756317,25.93956659,1.274014029,1.276929815,1.275471922
12/4/2023,23.875,23.92395833,23.89947917,30.2376875,30.31644,30.27706375,25.94735,26.0101275,25.97873875,1.272722427,1.276352877,1.274537652
12/5/2023,23.95239583,24.0015625,23.97697917,30.22792354,30.2995725,30.26374802,25.90691133,25.96969063,25.93830098,1.265374256,1.268977244,1.26717575
12/6/2023,23.99541667,24.04416667,24.01979167,30.20303096,30.27401025,30.2385206,25.86945871,25.9244205,25.8969396,1.264767221,1.267710959,1.26623909
12/7/2023,24.0690625,24.11833333,24.09369792,30.22592869,30.29745033,30.26168951,25.91515959,25.97785683,25.94650821,1.281741922,1.285392484,1.283567203
12/8/2023,24.2021875,24.250625,24.22640625,30.42456991,30.50243613,30.46350302,26.08269747,26.14459881,26.11364814,1.28095245,1.283815082,1.282383766
12/11/2023,24.29979167,24.34770833,24.32375,30.54240815,30.61237369,30.57739092,26.13199596,26.19326463,26.16263029,1.273300374,1.276025153,1.274662763
12/12/2023,24.390625,24.43979167,24.41520833,30.6541375,30.72570608,30.68992179,26.341875,26.40475092,26.37331296,1.290550229,1.29365825,1.29210424
12/13/2023,24.47927083,24.52875,24.50401042,30.64804708,30.7198065,30.68392679,26.40578945,26.46897413,26.43738179,1.282846181,1.285904137,1.284375159
12/14/2023,24.59552083,24.643125,24.61932292,31.2904216,31.35344794,31.32193477,26.86814696,26.930007,26.89907698,1.328546858,1.331305205,1.329926031
12/15/2023,24.78375,24.83229167,24.80802083,31.584411,31.65620542,31.62030821,27.11094413,27.17397677,27.14246045,1.355896272,1.358745215,1.357320743
12/18/2023,24.91526042,24.96442708,24.93984375,31.54022816,31.61245402,31.57634109,27.19002369,27.25366505,27.22184437,1.343705732,1.346778613,1.345242172
12/19/2023,25.06239583,25.11177083,25.08708333,31.90944238,31.98235133,31.94589685,27.46086711,27.52501201,27.49293956,1.355698737,1.346778613,1.351238675
12/20/2023,25.21052083,25.2596875,25.23510417,31.87114044,31.94340081,31.90727063,27.57778874,27.64167603,27.60973239,1.372001134,1.375051034,1.373526084
12/21/2023,25.29114583,25.3409375,25.31604167,32.02364885,32.09683144,32.06024015,27.77726547,27.84208803,27.80967675,1.379579754,1.382906807,1.38124328
12/22/2023,25.37510417,25.4240625,25.39958333,32.26951997,32.34194991,32.30573494,27.96843981,28.03257131,28.00050556,1.375776893,1.379553236,1.377665064
12/26/2023,25.4375,25.48604167,25.46177083,32.27255625,32.34433548,32.30844586,28.0066875,28.07032629,28.0385069,1.366248624,1.369481014,1.367864819
12/27/2023,25.5246875,25.573125,25.54890625,32.52100434,32.59294781,32.55697608,28.24561919,28.30944938,28.27753428,1.382073569,1.384973761,1.383523665
12/28/2023,25.61822917,25.66729167,25.64276042,32.70679318,32.78739838,32.74709578,28.43623438,28.52662796,28.48143117,1.380738879,1.38450249,1.382620685
12/29/2023,25.68541667,25.73520833,25.7103125,32.64873313,32.7223174,32.68552526,28.37981688,28.44512577,28.41247132,1.394415732,1.397816975,1.396116354
1/2/2024,25.72572917,25.7753125,25.75052083,32.52503939,32.59803772,32.56153855,28.17739116,28.24200991,28.20970053,1.386009868,1.389130288,1.387570078
1/3/2024,25.77,25.818125,25.7940625,32.544933,32.60829188,32.57661244,28.133109,28.18822888,28.16066894,1.369702832,1.373355657,1.371529245
1/4/2024,25.77010417,25.82010417,25.79510417,32.70741621,32.78120425,32.74431023,28.21826406,28.2833421,28.25080308,1.381263992,1.385057541,1.383160766
1/5/2024,25.81364583,25.86322917,25.8384375,32.68523835,32.75836606,32.72180221,28.17817579,28.24264625,28.21041102,1.372059118,1.375213576,1.373636347
1/8/2024,25.89286458,25.93994792,25.91640625,32.89429517,32.96707981,32.93068749,28.337151,28.39127299,28.364212,1.383291463,1.386228954,1.384760208
1/9/2024,25.98035417,26.02910417,26.00472917,33.04960854,33.12203505,33.08582179,28.40691925,28.47063414,28.43877669,1.390573037,1.393443373,1.392008205
1/10/2024,26.02614583,26.07572917,26.0509375,33.10265489,33.17615022,33.13940255,28.47260354,28.537278,28.50494077,1.393635654,1.397038798,1.395337226
1/11/2024,26.07583333,26.125625,26.10072917,33.27537092,33.34936031,33.31236561,28.63908775,28.70422419,28.67165597,1.401986824,1.404920735,1.403453779
1/12/2024,26.1103125,26.1603125,26.1353125,33.22798369,33.30207781,33.26503075,28.55162672,28.61676584,28.58419628,1.397708476,1.401510383,1.399609429
1/15/2024,26.15729167,26.206875,26.18208333,33.25638063,33.32728294,33.29183178,28.62392427,28.68866606,28.65629517,1.401100839,1.404035006,1.402567922
1/16/2024,26.2109375,26.258125,26.23453125,33.14373047,33.21390231,33.17881639,28.52798438,28.5898465,28.55891544,1.388379426,1.391343224,1.389861325
1/17/2024,26.25364583,26.30333333,26.27848958,33.28174682,33.35262667,33.31718674,28.54033839,28.604875,28.57260669,1.377760824,1.380708919,1.379234872
1/18/2024,26.32041667,26.3675,26.34395833,33.36376017,33.44190025,33.40283021,28.62871721,28.68520325,28.65696023,1.390951384,1.39378578,1.392368582
1/19/2024,26.41502083,26.46270833,26.43886458,33.48896341,33.56000671,33.52448506,28.74218417,28.80465802,28.77342109,1.39081326,1.394058124,1.392435692
1/22/2024,26.481875,26.53135417,26.50661458,33.67964863,33.75318877,33.7164187,28.82287275,28.88733842,28.85510558,1.379846446,1.382691142,1.381268794
1/23/2024,26.57677083,26.62427083,26.60052083,33.77907573,33.85276036,33.81591805,28.87034616,28.93259511,28.90147064,1.396388852,1.39998795,1.398188401
1/24/2024,26.65947917,26.70916667,26.68432292,33.96151051,34.03549108,33.9985008,29.04017066,29.10497892,29.07257479,1.414618675,1.417510955,1.416064815
1/25/2024,26.75833333,26.80791667,26.783125,34.07138583,34.13720108,34.10429346,29.14250083,29.20722521,29.17486302,1.415253176,1.418550895,1.416902036
1/26/2024,26.88325,26.9325,26.907875,34.21968893,34.290459,34.25507396,29.20865113,29.27293425,29.24079269,1.428083847,1.431841018,1.429962433
1/29/2024,26.98520833,27.03520833,27.01020833,34.24962642,34.33471458,34.2921705,29.20339246,29.26020598,29.23179922,1.438413271,1.441554869,1.43998407
1/30/2024,27.04325,27.09239583,27.06782292,34.26109343,34.32606552,34.29357947,29.32299598,29.38712176,29.35505887,1.431617258,1.434788605,1.433202931
1/31/2024,27.09645833,27.14645833,27.12145833,34.36372846,34.43799704,34.40086275,29.3590126,29.42404619,29.3915294,1.444874734,1.447841998,1.446358366
2/1/2024,27.1403125,27.18927083,27.16479167,34.39763206,34.46240078,34.43001642,29.35224797,29.40791533,29.38008165,1.451314804,1.454135001,1.452724903
2/2/2024,27.181375,27.23116667,27.20627083,34.67528009,34.74152243,34.70840126,29.57061786,29.62750933,29.5990636,1.456922982,1.459881342,1.458402162
2/5/2024,27.1925,27.2425,27.2175,34.1483415,34.2220285,34.185185,29.22921825,29.29386025,29.26153925,1.432888594,1.435856217,1.434372405
2/6/2024,27.07697917,27.12697917,27.10197917,34.00056274,34.07691123,34.03873698,29.05089095,29.11538674,29.08313884,1.428231241,1.43121586,1.429723551
2/7/2024,26.91572917,26.96572917,26.94072917,34.0080238,34.07389538,34.04095959,29.01515604,29.07984233,29.04749919,1.424843923,1.42792921,1.426386567
2/8/2024,26.93916667,26.98864583,26.96390625,33.92179867,33.99489829,33.95834848,28.96768592,29.03168632,28.99968612,1.419674038,1.422768915,1.421221476
2/9/2024,26.96544444,27.01444444,26.98994444,33.99533581,34.06791589,34.03162585,29.04448021,29.10806389,29.07627205,1.418091981,1.420683796,1.419387888
2/12/2024,26.92888889,26.97844444,26.95366667,33.96540756,34.04679689,34.00610222,29.00241333,29.05848251,29.03044792,1.417683016,1.420710736,1.419196876
2/13/2024,26.85766667,26.90766667,26.88266667,34.0420925,34.11892133,34.08050692,28.9659935,29.0279908,28.99699215,1.427467947,1.43115229,1.429310118
2/14/2024,26.7565625,26.8065625,26.7815625,33.58483725,33.66100053,33.62291889,28.64557581,28.70446713,28.67502147,1.403019422,1.406091001,1.404555212
2/15/2024,26.40833333,26.45833333,26.43333333,33.13717667,33.21314583,33.17516125,28.36783167,28.432125,28.39997833,1.388698996,1.391650274,1.390174635
2/16/2024,25.40916667,25.45916667,25.43416667,31.96727258,32.04036125,32.00381692,27.3656725,27.42206842,27.39387046,1.345347078,1.34839425,1.346870664
2/19/2024,23.4125,23.4625,23.4375,29.51145625,29.58386625,29.54766125,25.2152625,25.2784975,25.24688,1.233769313,1.236651803,1.235210558
2/20/2024,22.60083333,22.65083333,22.62583333,28.504171,28.57629133,28.54023117,24.41568025,24.4764905,24.44608538,1.193090536,1.196222575,1.194656556
2/21/2024,22.72822917,22.77822917,22.75322917,28.66711545,28.73929174,28.70320359,24.5464875,24.60504315,24.57576532,1.206836396,1.209767543,1.20830197
2/22/2024,22.89697917,22.94541667,22.92119792,28.98528593,29.05578113,29.02053353,24.82261511,24.88200983,24.85231247,1.201518582,1.20416776,1.202843171
2/23/2024,22.99520833,23.04520833,23.02020833,29.19011746,29.26511006,29.22761376,24.91530823,24.97409227,24.94470025,1.194289501,1.19710393,1.195696715
2/26/2024,23.0603125,23.10989583,23.08510417,29.24739434,29.31490286,29.2811486,25.01352097,25.07654797,25.04503447,1.194024393,1.196610322,1.195317358
2/27/2024,23.12739583,23.17739583,23.15239583,29.3185997,29.39125566,29.35492768,25.10247544,25.1660164,25.13424592,1.208391025,1.211478234,1.20993463
2/28/2024,23.21197917,23.26083333,23.23640625,29.33297807,29.40867158,29.37082483,25.09447068,25.15659125,25.12553096,1.209467492,1.212360491,1.210913992
2/29/2024,23.44521875,23.49490625,23.4700625,29.62068937,29.69051303,29.6556012,25.37007121,25.43088653,25.40047887,1.213834779,1.217125627,1.215480203
3/1/2024,23.56895833,23.6175,23.59322917,29.76995127,29.84543475,29.80769301,25.48040085,25.5399645,25.51018268,1.229054224,1.231739691,1.230396957
3/4/2024,23.68666667,23.73583333,23.71125,30.01337533,30.08991592,30.05164563,25.68582133,25.74625842,25.71603988,1.244557469,1.247540659,1.246049064
3/5/2024,23.82114583,23.87114583,23.84614583,30.20759503,30.2829356,30.24526532,25.83879689,25.90258034,25.87068861,1.254622753,1.258038031,1.256330392
3/6/2024,23.94333333,23.99125,23.96729167,30.441554,30.51447088,30.47801244,26.02879767,26.08808525,26.05844146,1.267506966,1.270440368,1.268973667
3/7/2024,24.14166667,24.190625,24.16614583,30.780625,30.85514219,30.81788359,26.25889083,26.31698094,26.28793589,1.285669906,1.289307129,1.287488517
3/11/2024,24.339375,24.388125,24.36375,31.20551269,31.28508675,31.24529972,26.58833325,26.651343,26.61983813,1.302518142,1.305392451,1.303955296
3/13/2024,24.62854167,24.67791667,24.65322917,31.51468192,31.59513671,31.55490931,26.93869888,27.00257642,26.97063765,1.317597992,1.320500884,1.319049438
3/14/2024,24.825625,24.87489583,24.85026042,31.737079,31.81001679,31.7735479,27.11703019,27.18079868,27.14891443,1.332197037,1.33591634,1.334056688
3/15/2024,25.09726042,25.14471875,25.12098958,32.00402648,32.07460324,32.03931486,27.33342632,27.39014213,27.36178423,1.341769427,1.34548639,1.343627908
3/18/2024,25.4159375,25.46447917,25.44020833,32.36211322,32.43665356,32.39938339,27.67795594,27.7410036,27.70947977,1.344253614,1.347540835,1.345897225
3/19/2024,25.686875,25.73635417,25.71161458,32.61462519,32.68259616,32.64861067,27.88053413,27.93938608,27.9099601,1.35786537,1.360667962,1.359266666
3/20/2024,25.885625,25.935625,25.910625,32.843681,32.92268238,32.88318169,28.06260606,28.12199819,28.09230213,1.370973508,1.374072848,1.372523178
3/21/2024,26.12114583,26.1709375,26.14604167,33.2078127,33.28158122,33.24469696,28.4616005,28.52632188,28.49396119,1.392132867,1.395783333,1.3939581
3/22/2024,26.36005208,26.40901042,26.38453125,33.2532057,33.33081205,33.29200888,28.52948437,28.59303558,28.56125997,1.387736356,1.390840983,1.38928867
3/25/2024,26.6471875,26.6971875,26.6721875,33.682045,33.76393303,33.72298902,28.8642335,28.92106322,28.89264836,1.40918087,1.412086379,1.410633625
3/26/2024,25.61489583,25.66489583,25.63989583,32.38747429,32.46352674,32.42550052,27.80496943,27.86951039,27.83723991,1.35341649,1.356352174,1.354884332
3/27/2024,25.07927083,25.12927083,25.10427083,31.63499223,31.70560101,31.67029662,27.12323141,27.18735811,27.15529476,1.324744648,1.328227683,1.326486166
3/28/2024,24.88489583,24.93489583,24.90989583,31.45948531,31.53765625,31.49857078,26.90306089,26.96459635,26.93382862,1.311187468,1.314521521,1.312854495
4/2/2024,24.8031,24.853125,24.8281125,31.17504781,31.24037813,31.20771297,26.71541901,26.77924219,26.7473306,1.321036723,1.324010047,1.322523385
4/3/2024,24.713,24.763,24.738,31.0667123,31.1419488,31.10433055,26.6529705,26.7168007,26.6848856,1.316138447,1.319616526,1.317877486
4/4/2024,24.63466667,24.684,24.65933333,31.21951307,31.28697,31.25324153,26.77295573,26.8339764,26.80346607,1.318038494,1.321462796,1.319750645
4/5/2024,24.69288889,24.74266667,24.71777778,31.06612351,31.14359453,31.10485902,26.66091213,26.72702853,26.69397033,1.321309109,1.324610619,1.322959864
4/8/2024,24.674,24.72355556,24.69877778,31.1731316,31.25304658,31.21308909,26.7441486,26.80775129,26.77594994,1.329611528,1.33245426,1.331032894
4/9/2024,24.68988889,24.739,24.71444444,31.35122091,31.4284256,31.38982326,26.85519214,26.9135581,26.88437512,1.338328675,1.341143433,1.339736054
4/10/2024,24.73222222,24.78222222,24.75722222,31.12302844,31.19833956,31.160684,26.621764,26.67806222,26.64991311,1.321116316,1.324218643,1.32266748
4/11/2024,24.86456667,24.91201111,24.88828889,31.23984156,31.30692436,31.27338296,26.7045446,26.76546474,26.73500467,1.327575866,1.330606342,1.329091104
4/12/2024,24.94111111,24.98844444,24.96477778,31.05667156,31.12810524,31.0923884,26.52237756,26.57770951,26.55004353,1.321873601,1.324691175,1.323282388
4/15/2024,25.02155556,25.06955556,25.04555556,31.24942073,31.32440967,31.2869152,26.66046744,26.72163927,26.69105336,1.320322069,1.323106244,1.321714156
4/16/2024,25.09644444,25.14644444,25.12144444,31.26264084,31.34001371,31.30132728,26.69006867,26.75330224,26.72168546,1.31987212,1.323114069,1.321493094
4/17/2024,25.18277778,25.23233333,25.20755556,31.38781422,31.4596732,31.42374371,26.80203039,26.85981883,26.83092461,1.325730323,1.328520983,1.327125653
4/18/2024,25.41733333,25.46733333,25.44233333,31.6293296,31.69664307,31.66298633,27.06946,27.13289693,27.10117847,1.327594792,1.33096414,1.329279466
4/19/2024,25.61611111,25.66611111,25.64111111,31.88949672,31.95944156,31.92446914,27.3195825,27.38060733,27.35009492,1.337977327,1.340883075,1.339430201
4/22/2024,25.80622222,25.85622222,25.83122222,31.75971769,31.83159518,31.79565643,27.43717547,27.50067796,27.46892671,1.347048807,1.350025178,1.348536993
4/23/2024,25.95944444,26.00888889,25.98416667,32.14558006,32.21721067,32.18139536,27.68834344,27.74628267,27.71731306,1.350977838,1.353868079,1.352422958
4/24/2024,26.12644444,26.17633333,26.15138889,32.49084631,32.56335867,32.52710249,27.91349324,27.97464743,27.94407034,1.357041654,1.35980246,1.358422057
4/25/2024,26.29422222,26.34422222,26.31922222,32.75734204,32.83016973,32.79375589,28.08222933,28.1435326,28.11288097,1.376387013,1.379054825,1.377720919
4/26/2024,26.49737778,26.54591111,26.52164444,33.1270217,33.19300725,33.16001448,28.38664081,28.45190753,28.41927417,1.408004516,1.410823352,1.409413934
4/30/2024,26.70388889,26.75366667,26.72877778,33.42258733,33.4929153,33.45775132,28.57316111,28.63980017,28.60648064,1.421584111,1.424628405,1.423106258
5/2/2024,26.86877778,26.91877778,26.89377778,33.62358851,33.68885039,33.65621945,28.74690534,28.81116786,28.7790366,1.439766464,1.442600324,1.441183394
5/3/2024,26.987,27.037,27.012,33.9901265,34.0639163,34.0270214,29.1270691,29.1891452,29.15810715,1.463114465,1.466827254,1.46497086
5/6/2024,27.12822222,27.17777778,27.153,34.14086767,34.21954,34.18020383,29.2496492,29.31395111,29.28180016,1.474063488,1.47705314,1.475558314
5/7/2024,27.16511111,27.21511111,27.19011111,34.10851351,34.18217956,34.14534653,29.27855676,29.3433328,29.31094478,1.471940912,1.475049788,1.47349535
5/8/2024,27.24377778,27.29377778,27.26877778,34.00568342,34.07355218,34.0396178,29.28978549,29.35172862,29.32075706,1.460471305,1.463724488,1.462097897
5/9/2024,27.29722222,27.34722222,27.32222222,34.12971694,34.20043611,34.16507653,29.36635167,29.43108056,29.39871611,1.477194356,1.480308662,1.478751509
5/10/2024,27.34411111,27.39366667,27.36888889,34.22662388,34.30508877,34.26585632,29.44687326,29.50571837,29.47629581,1.483537119,1.486741962,1.48513954
5/13/2024,26.13611111,26.18611111,26.16111111,32.81127389,32.87928111,32.8452775,28.21654556,28.27838139,28.24746347,1.427118807,1.429911436,1.428515121
5/14/2024,25.21277778,25.26277778,25.23777778,31.65968506,31.73510144,31.69739325,27.24240639,27.30906278,27.27573458,1.369046865,1.371948092,1.370497478
5/15/2024,25.37588889,25.42588889,25.40088889,32.07766114,32.1510365,32.11434882,27.54045221,27.60488757,27.57266989,1.3827918,1.386483493,1.384637647
5/16/2024,25.28933333,25.33877778,25.31405556,31.99100667,32.0636894,32.02734803,27.46168707,27.5255143,27.49360068,1.386392999,1.389583531,1.387988265
5/17/2024,25.49277778,25.54233333,25.51755556,32.2815045,32.35447363,32.31798907,27.6469175,27.71087743,27.67889747,1.398258964,1.401345989,1.399802476
5/20/2024,25.73322222,25.78322222,25.75822222,32.66317897,32.73695726,32.70006811,27.93341272,27.99800101,27.96570687,1.408827596,1.411804574,1.410316085
5/21/2024,25.926,25.976,25.951,32.9415756,33.0180936,32.9798346,28.1400804,28.2047408,28.1724106,1.427997026,1.431050535,1.42952378
5/22/2024,26.07733333,26.12711111,26.10222222,33.18340667,33.25981244,33.22160956,28.25218293,28.31395031,28.28306662,1.432670948,1.435926372,1.43429866
5/23/2024,26.32577778,26.37533333,26.35055556,33.51008253,33.588987,33.54953477,28.56346889,28.63306187,28.59826538,1.433569184,1.436580645,1.435074915
5/24/2024,26.58744444,26.63688889,26.61216667,33.81922933,33.89011373,33.85467153,28.84737722,28.9116792,28.87952821,1.440608833,1.444086031,1.442347432
5/27/2024,26.77911111,26.82911111,26.80411111,34.19156907,34.26077489,34.22617198,29.05533556,29.1203172,29.08782638,1.45771565,1.461002048,1.459358849
5/28/2024,26.91864444,26.96642222,26.94253333,34.42894624,34.49814395,34.4635451,29.2767177,29.34216402,29.30944086,1.469960106,1.472955217,1.471457661
5/29/2024,27.12322222,27.17322222,27.14822222,34.55769743,34.6295544,34.59362592,29.40428521,29.46664218,29.43546369,1.477613557,1.48080534,1.479209449
5/30/2024,27.14511111,27.19511111,27.17011111,34.53129584,34.6084984,34.56989712,29.3900118,29.44686631,29.41843906,1.460207484,1.464117878,1.462162681
5/31/2024,26.17177778,26.22177778,26.19677778,33.329759,33.40130053,33.36552977,28.45919116,28.52142769,28.49030942,1.398535713,1.401994192,1.400264953
6/3/2024,25.94966667,25.99835556,25.97401111,33.0469005,33.11410547,33.08050299,28.14500847,28.21081561,28.17791204,1.392971532,1.396004787,1.39448816
6/4/2024,26.14533333,26.19466667,26.17,33.37974707,33.4532088,33.41647793,28.4095192,28.47360267,28.44156093,1.398602396,1.402516835,1.400559615
6/5/2024,26.25611111,26.30544444,26.28077778,33.57106367,33.6420329,33.60654828,28.57977694,28.64399846,28.6118877,1.390021235,1.393304225,1.39166273
6/6/2024,26.31155556,26.36133333,26.33644444,33.59985644,33.67133107,33.63559376,28.6296036,28.69431133,28.66195747,1.386665168,1.389837896,1.388251532
6/7/2024,26.36811111,26.41733333,26.39272222,33.57715269,33.65304093,33.61509681,28.55666433,28.6258224,28.59124337,1.397837682,1.401576446,1.399707064
6/10/2024,26.44566667,26.49566667,26.47066667,33.60186407,33.6706932,33.63627863,28.39206773,28.456346,28.42420687,1.407103534,1.4100565,1.408580017
6/11/2024,26.44222222,26.49222222,26.46722222,33.650372,33.72724811,33.68881006,28.34606222,28.41025911,28.37816067,1.420212274,1.423058283,1.421635279
6/12/2024,26.34577778,26.39533333,26.37055556,33.8595936,33.92856147,33.89407753,28.52193902,28.58350647,28.55272274,1.425930536,1.428782794,1.427356665
6/13/2024,26.35477778,26.40411111,26.37944444,33.69458339,33.7682177,33.73140054,28.44734713,28.50323794,28.47529254,1.435023347,1.438132413,1.43657788
6/14/2024,26.191,26.241,26.216,33.2337599,33.3077013,33.2707306,27.9955599,28.0542531,28.0249065,1.425802834,1.429100474,1.427451654
6/17/2024,25.90055556,25.95055556,25.92555556,32.80046356,32.87935389,32.83990872,27.73172483,27.79564006,27.76368244,1.416391263,1.419304067,1.417847665
6/18/2024,25.832,25.882,25.857,32.7963072,32.87014,32.8332236,27.7229024,27.784327,27.7536147,1.428966555,1.433088044,1.431027299
6/19/2024,25.69111111,25.74111111,25.71611111,32.66881689,32.74011922,32.70446806,27.59739156,27.661398,27.62939478,1.425162043,1.428260533,1.426711288
6/20/2024,25.60777778,25.65777778,25.63277778,32.46041911,32.53406222,32.49724067,27.448977,27.51283511,27.48090606,1.414442695,1.417298381,1.415870538
6/21/2024,25.58677778,25.63677778,25.61177778,32.36471521,32.43565124,32.40018323,27.36505883,27.42622487,27.39564185,1.428590926,1.431934235,1.430262581
6/24/2024,25.61844444,25.668,25.64322222,32.44832173,32.521356,32.48483887,27.50140011,27.5648652,27.53313266,1.406640738,1.409578412,1.408109575
6/25/2024,25.69077778,25.74055556,25.71566667,32.56562991,32.63902444,32.60232718,27.51225392,27.57585717,27.54405554,1.415196947,1.418415616,1.416806282
6/26/2024,25.82077778,25.86822222,25.8445,32.66070181,32.73106158,32.69588169,27.57400859,27.6350218,27.60451519,1.420128576,1.423168499,1.421648538
6/27/2024,25.87177778,25.92177778,25.89677778,32.73297324,32.80660196,32.7697876,27.72937142,27.79333013,27.76135078,1.408662531,1.412538568,1.41060055
6/28/2024,24.6933,24.7183,24.7058,31.22961651,31.27112133,31.25036892,26.42676966,26.46341198,26.44509082,1.355798848,1.358290151,1.3570445
7/3/2024,24.20511111,24.25511111,24.23011111,30.78648082,30.8670544,30.82676761,26.0761662,26.13488222,26.10552421,1.313282573,1.316338209,1.314810391
7/4/2024,24.35055556,24.39911111,24.37483333,31.04939339,31.1161864,31.08278989,26.28642472,26.34860009,26.31751241,1.330464234,1.333547097,1.332005666
7/5/2024,24.45933333,24.50877778,24.48405556,31.31528447,31.38594082,31.35061264,26.47967427,26.54055546,26.51011486,1.343882494,1.346991392,1.345436943
7/8/2024,24.59922222,24.64855556,24.62388889,31.57556164,31.64628048,31.61092106,26.67047673,26.73382336,26.70215004,1.358967937,1.362943221,1.360955579
7/9/2024,24.85988889,24.90855556,24.88422222,31.83557371,31.90785967,31.87171669,26.89094181,26.95354797,26.92224489,1.367310297,1.370326155,1.368818226
7/10/2024,25.26344444,25.31344444,25.28844444,32.36247233,32.43158502,32.39702868,27.35020496,27.40939764,27.3798013,1.398846328,1.402779933,1.40081313
7/11/2024,25.46666667,25.51666667,25.49166667,32.96150667,33.031325,32.99641583,27.74338667,27.80806333,27.775725,1.416979645,1.420947608,1.418963626
7/12/2024,25.5794,25.62917778,25.60428889,33.17903974,33.25385817,33.21644895,27.85340866,27.91786335,27.88563601,1.422975078,1.426561602,1.42476834
7/15/2024,25.766,25.816,25.791,33.4288084,33.5040048,33.4664066,28.1003996,28.165256,28.1328278,1.411479846,1.414900964,1.413190405
7/16/2024,25.97055556,26.01944444,25.995,33.62927239,33.70558833,33.66743036,28.24557622,28.30655361,28.27606492,1.432052338,1.434898471,1.433475404
7/17/2024,26.18766667,26.23766667,26.21266667,34.10157953,34.1771846,34.13938207,28.64145103,28.70400733,28.67272918,1.43921491,1.442589121,1.440902016
7/18/2024,26.38444444,26.43444444,26.40944444,34.24700889,34.32248267,34.28474578,28.81181333,28.87170022,28.84175678,1.448866826,1.452019162,1.450442994
7/19/2024,25.61833333,25.66833333,25.64333333,33.09632483,33.1814545,33.13888967,27.8906795,27.952815,27.92174725,1.398037236,1.400987541,1.399512389
7/22/2024,25.85666667,25.90622222,25.88144444,33.39647067,33.47342973,33.4349502,28.12429633,28.1885604,28.15642837,1.416826943,1.420196051,1.418511497
7/23/2024,25.96766667,26.01677778,25.99222222,33.50088677,33.57985508,33.54037092,28.18270863,28.24641563,28.21456213,1.407461608,1.410788707,1.409125157
7/24/2024,26.01366667,26.06366667,26.03866667,33.635671,33.71074647,33.67320873,28.24824063,28.31035473,28.27929768,1.420363131,1.423100933,1.421732032
7/25/2024,26.06844444,26.11844444,26.09344444,33.54748116,33.61966169,33.58357142,28.271228,28.33851222,28.30487011,1.416917298,1.420121275,1.418519286
7/26/2024,26.12888889,26.17733333,26.15311111,33.61742844,33.690228,33.65382822,28.37597333,28.43905493,28.40751413,1.431876857,1.434736061,1.433306459
7/29/2024,26.17722222,26.22722222,26.20222222,33.59322928,33.67313061,33.63317994,28.31328356,28.36998628,28.34163492,1.41760564,1.420744208,1.419174924
7/30/2024,26.261,26.311,26.286,33.6981152,33.7649063,33.73151075,28.388141,28.4527154,28.4204282,1.429465685,1.432561634,1.43101366
7/31/2024,26.14377778,26.19377778,26.16877778,33.58168256,33.64852693,33.61510474,28.33724073,28.39405511,28.36564792,1.435343537,1.438286044,1.43681479
8/1/2024,25.92933333,25.97933333,25.95433333,33.1999184,33.26653633,33.23322737,27.98552947,28.04728827,28.01640887,1.425252481,1.428597614,1.426925048
8/2/2024,25.85877778,25.90877778,25.88377778,33.09664968,33.16323556,33.12994262,28.15503724,28.214659,28.18484812,1.424380744,1.427779798,1.426080271
8/6/2024,25.95411111,26.00411111,25.97911111,32.90981289,32.97841371,32.9441133,28.30555358,28.3652844,28.33541899,1.399301868,1.402375632,1.40083875
8/7/2024,25.98866667,26.03866667,26.01366667,33.07057833,33.13941107,33.1049947,28.379624,28.43682787,28.40822593,1.417403856,1.420525942,1.418964899
8/8/2024,26.03133333,26.081,26.05616667,33.02074633,33.0863566,33.05355147,28.36113767,28.4178576,28.38949763,1.416794569,1.419945992,1.41837028
8/9/2024,26.10544444,26.15544444,26.13044444,33.25572568,33.32203622,33.28888095,28.48887152,28.54605207,28.51746179,1.42458087,1.42810429,1.42634258
8/12/2024,26.15022222,26.20022222,26.17522222,33.37552862,33.45768378,33.4166062,28.56127271,28.61850273,28.58988772,1.435996937,1.438940148,1.437468543
8/13/2024,26.17088889,26.22088889,26.19588889,33.5170574,33.58371449,33.55038594,28.62571827,28.68303036,28.65437431,1.443242243,1.446398407,1.444820325
8/14/2024,26.20455556,26.25455556,26.22955556,33.66499252,33.73185298,33.69842275,28.89838387,28.96140023,28.92989205,1.453015623,1.456119107,1.454567365
8/15/2024,26.24724444,26.29724444,26.27224444,33.58859872,33.67099179,33.62979525,28.74335739,28.80074212,28.77204975,1.451045938,1.454187972,1.452616955
8/16/2024,26.27488889,26.32466667,26.29977778,33.90774411,33.9746148,33.94117946,28.89975029,28.95713333,28.92844181,1.467510159,1.470955821,1.46923299
8/19/2024,25.91222222,25.96177778,25.937,33.54596289,33.61271369,33.57933829,28.58636356,28.6462256,28.61629458,1.453489097,1.456726393,1.455107745
8/20/2024,25.77955556,25.82933333,25.80444444,33.58302702,33.65562133,33.61932418,28.6075728,28.66539413,28.63648347,1.448493078,1.45210588,1.450299479
8/21/2024,25.922,25.972,25.947,33.8126568,33.880474,33.8465654,28.8330406,28.8912528,28.8621467,1.448399173,1.451484905,1.449942039
8/22/2024,26.06533333,26.11533333,26.09033333,34.18989773,34.26592887,34.2279133,29.03678133,29.10031593,29.06854863,1.453297873,1.456280542,1.454789207
8/23/2024,26.17744444,26.22744444,26.20244444,34.34218937,34.41827534,34.38023236,29.17476183,29.23573232,29.20524708,1.459085026,1.462491465,1.460788245
8/26/2024,26.30867778,26.35867778,26.33367778,34.69851512,34.76973186,34.73412349,29.34469919,29.40310506,29.37390213,1.486139277,1.489291804,1.48771554
8/27/2024,26.29788889,26.34788889,26.32288889,34.78947721,34.86352658,34.82650189,29.36685252,29.42532231,29.39608742,1.479920364,1.483301745,1.481611054
8/28/2024,25.95411111,26.00411111,25.97911111,34.26461749,34.34102913,34.30282331,28.85058991,28.91137073,28.88098032,1.459875866,1.463025684,1.461450775
8/29/2024,26.01688889,26.06688889,26.04188889,34.29546293,34.36658631,34.33102462,28.86573822,28.92381991,28.89477907,1.47053707,1.473579744,1.472058407
8/30/2024,26.07444444,26.12444444,26.09944444,34.26182,34.34319467,34.30250733,28.84876533,28.90669778,28.87773156,1.474957402,1.478705868,1.476831635
9/2/2024,26.17913333,26.22911111,26.20412222,34.40199911,34.48078947,34.44139429,28.9803006,29.03824891,29.00927476,1.465403102,1.468389705,1.466896404
9/3/2024,26.27766667,26.32766667,26.30266667,34.52359847,34.594554,34.55907623,29.0578438,29.11576657,29.08680518,1.466600437,1.46973554,1.468167988
9/4/2024,26.38266667,26.43266667,26.40766667,34.62197347,34.69816153,34.6600675,29.1581232,29.21866973,29.18839647,1.474155529,1.477378584,1.475767056
9/5/2024,26.40055556,26.45055556,26.42555556,34.75369133,34.83009156,34.79189144,29.29405644,29.3521815,29.32311897,1.487346863,1.490516432,1.488931648
9/6/2024,26.30444444,26.35444444,26.32944444,34.77184511,34.843211,34.80752806,29.26369444,29.32722578,29.29546011,1.488936436,1.492290347,1.490613392
9/9/2024,26.35733333,26.40733333,26.38233333,34.48593493,34.55399567,34.5199653,29.098496,29.15633673,29.12741637,1.47205731,1.47527826,1.473667785
9/10/2024,26.41283333,26.46283333,26.43783333,34.50836675,34.5816306,34.54499868,29.12543132,29.18585888,29.1556451,1.474926336,1.478263217,1.476594777
9/11/2024,26.42833333,26.47833333,26.45333333,34.5286175,34.59659033,34.56260392,29.11873767,29.17912333,29.1489305,1.473800243,1.477865964,1.475833103
9/12/2024,26.30766667,26.35766667,26.33266667,34.2999358,34.38357617,34.34175598,28.9726333,29.0356056,29.00411945,1.466008363,1.468860121,1.467434242
9/13/2024,26.32066667,26.37066667,26.34566667,34.585356,34.66424133,34.62479867,29.19488347,29.2556176,29.22525053,1.484862161,1.488472205,1.486667183
9/16/2024,26.39377778,26.44377778,26.41877778,34.83450791,34.90314229,34.8688251,29.36307778,29.42134716,29.39221247,1.493790128,1.497671,1.495730564
9/17/2024,26.49411111,26.54411111,26.51911111,34.98547372,35.06211637,35.02379504,29.46939979,29.53032361,29.4998617,1.501423048,1.505510717,1.503466883
9/18/2024,26.44477778,26.49477778,26.46977778,34.98908548,35.06583839,35.02746193,29.42774871,29.48868767,29.45821819,1.506902222,1.510069749,1.508485985
9/19/2024,26.116,26.166,26.141,34.6115348,34.6804164,34.6459756,29.0644964,29.1253746,29.0949355,1.493845239,1.497536156,1.495690698
9/20/2024,26.29488889,26.34488889,26.31988889,35.00375609,35.08348853,35.04362231,29.37139089,29.43514436,29.40326762,1.502805528,1.506532752,1.50466914
9/23/2024,26.45877778,26.50877778,26.48377778,35.21663322,35.34415341,35.28039332,29.43803616,29.49631703,29.46717659,1.527343234,1.530591755,1.528967494
9/24/2024,26.52166667,26.57166667,26.54666667,35.517816,35.58743317,35.55262458,29.54513667,29.606151,29.57564383,1.532008218,1.535331007,1.533669612
9/25/2024,26.514,26.564,26.539,35.5526226,35.622324,35.5874733,29.722194,29.7835568,29.7528754,1.545951745,1.549291667,1.547621706
9/26/2024,26.40357778,26.45357778,26.42857778,35.27782027,35.34727063,35.31254545,29.43734886,29.50102994,29.4691894,1.527781475,1.531037827,1.529409651
9/27/2024,26.46266667,26.51266667,26.48766667,35.4784972,35.54818347,35.51334033,29.59055387,29.64911513,29.6198345,1.545138889,1.549143801,1.547141345
9/30/2024,26.45744444,26.50744444,26.48244444,35.41328939,35.4987696,35.45602949,29.53973672,29.59821247,29.56897459,1.536035557,1.539170733,1.537603145
10/1/2024,26.38677778,26.43677778,26.41177778,35.14982668,35.22436271,35.18709469,29.22863374,29.29194978,29.26029176,1.526906568,1.530393226,1.528649897
10/2/2024,26.25066667,26.30066667,26.27566667,34.85301013,34.9220252,34.88751767,29.02536213,29.0832772,29.05431967,1.510742787,1.514195463,1.512469125
10/3/2024,26.30277778,26.35277778,26.32777778,34.48031139,34.55112694,34.51571917,29.01722444,29.07501972,29.04612208,1.49844348,1.501625561,1.50003452
10/4/2024,26.38466667,26.43466667,26.40966667,34.50850553,34.576544,34.54252477,28.9149562,28.97239467,28.94367543,1.499648552,1.502780857,1.501214705
10/7/2024,26.468,26.51733333,26.49266667,34.6254376,34.6926272,34.6590324,29.0592172,29.116032,29.0876246,1.521350523,1.524413963,1.522882243
10/8/2024,26.52877778,26.57877778,26.55377778,34.73147587,34.81819889,34.77483738,29.11002786,29.16755073,29.13878929,1.515375964,1.518596392,1.516986178
10/9/2024,26.50144444,26.55144444,26.52644444,34.65858904,34.74256506,34.70057705,29.0270321,29.08445224,29.05574217,1.49967996,1.505064476,1.502372218
10/10/2024,26.49222222,26.54222222,26.51722222,34.63328211,34.70130133,34.66729172,28.98514033,29.04249956,29.01381994,1.508376637,1.511490249,1.509933443
10/11/2024,26.41202381,26.46202381,26.43702381,34.5046679,34.57263411,34.53865101,28.87098323,28.92828443,28.89963383,1.51007826,1.515536428,1.512807344
10/14/2024,26.4625,26.5125,26.4875,34.48593,34.5563925,34.52116125,28.86264875,28.92248625,28.8925675,1.505090433,1.508440439,1.506765436
10/15/2024,26.53916667,26.58892857,26.56404762,34.7291535,34.81288418,34.77101884,28.95423083,29.01117996,28.9827054,1.507247776,1.510296935,1.508772356
10/16/2024,26.6352381,26.6852381,26.6602381,34.6684259,34.73884295,34.70363443,29.00044724,29.06022429,29.03033576,1.511579389,1.514752204,1.513165796
10/17/2024,26.65964286,26.70964286,26.68464286,34.63087607,34.69849704,34.66468655,28.86706129,28.92387225,28.89546677,1.498153574,1.502018437,1.500086006
10/21/2024,26.7173,26.7673,26.7423,34.8099,34.8778,34.84385,28.9963,29.0532,29.02475,1.5182,1.5213,1.51975
10/22/2024,26.67142857,26.72142857,26.69642857,34.54216714,34.61493857,34.57855286,28.82648,28.88319214,28.85483607,1.517543189,1.520976547,1.519259868
10/23/2024,26.57666667,26.62666667,26.60166667,34.42475633,34.492184,34.45847017,28.63370067,28.692896,28.66329833,1.499549552,1.50292193,1.501235741
10/25/2024,26.59644286,26.64595238,26.62119762,34.54611963,34.61309214,34.57960589,28.8092669,28.86822481,28.83874586,1.511290329,1.51431873,1.51280453
10/28/2024,26.61928571,26.66928571,26.64428571,34.5651425,34.63806829,34.60160539,28.79674329,28.85350021,28.82512175,1.500405025,1.503452097,1.501928561
10/29/2024,26.65714286,26.70714286,26.68214286,34.57698,34.64450571,34.61074286,28.73906571,28.79831214,28.76868893,1.503428639,1.506724448,1.505076544
10/30/2024,26.69154762,26.74154762,26.71654762,34.61626811,34.68378726,34.65002768,28.90427692,28.96109607,28.93268649,1.509011574,1.511966552,1.510489063
10/31/2024,26.73178571,26.78178571,26.75678571,34.69785786,34.76543604,34.73164695,29.07081696,29.12787014,29.09934355,1.515708089,1.518965137,1.517336613
11/1/2024,26.78654762,26.83559524,26.81107143,34.69661513,34.76551363,34.73106438,29.14644246,29.20249474,29.1744686,1.525021641,1.528379631,1.526700636
11/4/2024,26.85630952,26.90630952,26.88130952,34.84069035,34.90824598,34.87446816,29.28143427,29.34133054,29.3113824,1.531225064,1.534452034,1.532838549
11/5/2024,26.9427381,26.99214286,26.96744048,34.97975687,35.04659829,35.01317758,29.35141888,29.40793964,29.37967926,1.541452393,1.54693405,1.544193222
11/6/2024,27.02619048,27.07619048,27.05119048,34.75027571,34.82810381,34.78918976,28.93423952,28.99047714,28.96235833,1.525197264,1.528855878,1.527026571
11/7/2024,27.14535714,27.19535714,27.17035714,35.21024275,35.27781729,35.24403002,29.29526943,29.35194896,29.3236092,1.565277597,1.568667279,1.566972438
11/8/2024,27.23785714,27.28785714,27.26285714,35.24306336,35.32140229,35.28223282,29.29703914,29.35354793,29.32529354,1.555897747,1.559243753,1.55757075
11/11/2024,27.26214286,27.31214286,27.28714286,35.10000893,35.16711514,35.13356204,29.04781321,29.10381943,29.07581632,1.527188248,1.530332089,1.528760169
11/12/2024,27.26571429,27.31571429,27.29071429,34.946466,35.01328257,34.97987429,28.95073543,29.006557,28.97864621,1.511177057,1.514569444,1.51287325
11/13/2024,27.29214286,27.34214286,27.31714286,34.78110686,34.8530295,34.81706818,29.000631,29.05922943,29.02993021,1.51434564,1.517599941,1.51597279
11/14/2024,27.40833333,27.45833333,27.43333333,34.66057833,34.7293,34.69493917,28.8198625,28.880675,28.85026875,1.493454953,1.49618756,1.494821256
11/15/2024,27.49428571,27.54428571,27.51928571,34.79401857,34.86555686,34.82978771,29.05046229,29.10604671,29.0782545,1.513227571,1.516538696,1.514883134
11/18/2024,27.59559524,27.64559524,27.62059524,34.83667943,34.90809311,34.87238627,29.15750593,29.21586505,29.18668549,1.526169987,1.529544286,1.527857136
11/19/2024,27.65535714,27.70535714,27.68035714,34.95637143,35.03342411,34.99489777,29.23447804,29.29010357,29.2622908,1.533197533,1.536574332,1.534885932
11/20/2024,27.75,27.8,27.775,35.150925,35.22816,35.1895425,29.29845,29.3568,29.327625,1.532006514,1.53586069,1.533933602
11/21/2024,27.70130952,27.75130952,27.72630952,34.99506432,35.08043037,35.03774735,29.16393867,29.2193538,29.19164623,1.532101231,1.53594549,1.534023361
11/22/2024,27.62785714,27.67785714,27.65285714,34.59007714,34.6609805,34.62552882,28.79098993,28.8486305,28.81981021,1.531350339,1.53500658,1.53317846
11/25/2024,27.6082381,27.6582381,27.6332381,34.75601094,34.85767747,34.8068442,29.035584,29.09370065,29.06464233,1.532233235,1.535502462,1.533867848
11/26/2024,27.54095238,27.59047619,27.56571429,34.65478038,34.73365048,34.69421543,28.93452457,28.99207238,28.96329848,1.518478728,1.521561583,1.520020156
11/27/2024,27.41488095,27.46488095,27.43988095,34.6112872,34.68814464,34.64971592,28.86786964,28.92326613,28.89556789,1.509846176,1.513233256,1.511539716
11/28/2024,27.07380952,27.12380952,27.09880952,34.283565,34.35772952,34.32064726,28.53308786,28.58849524,28.56079155,1.490971695,1.494251879,1.492611787
11/29/2024,26.92535714,26.97535714,26.95035714,34.16020061,34.23172821,34.19596441,28.43586968,28.49676729,28.46631848,1.488592153,1.492866828,1.49072949
12/2/2024,26.92642857,26.97642857,26.95142857,34.21541279,34.28164543,34.24852911,28.33468079,28.38999343,28.36233711,1.48246346,1.485592502,1.484027981
12/3/2024,27.00440476,27.05440476,27.02940476,34.15787158,34.22382202,34.1908468,28.38703029,28.44770661,28.41736845,1.491502845,1.494677206,1.493090025
12/4/2024,27.06964286,27.11845238,27.09404762,34.28370268,34.35907917,34.32139092,28.38252054,28.43640917,28.40946485,1.489184038,1.492550711,1.490867375
12/5/2024,27.1364881,27.1864881,27.1614881,34.58274043,34.65733502,34.62003773,28.65884508,28.71980602,28.68932555,1.505508416,1.508717624,1.50711302
12/6/2024,27.24720238,27.2960119,27.27160714,34.87914377,34.94435444,34.9117491,28.92835477,28.98290544,28.9556301,1.515113903,1.520432016,1.51777296
12/9/2024,27.40845238,27.45845238,27.43345238,34.97318524,35.05620615,35.0146957,28.97073417,29.02633001,28.99853209,1.538063893,1.541293524,1.539678708
12/10/2024,27.50297619,27.55297619,27.52797619,35.06079405,35.13831054,35.09955229,28.94688244,29.00226274,28.97457259,1.5382666,1.541339013,1.539802806
12/11/2024,27.59511905,27.64511905,27.62011905,35.15342215,35.23093971,35.19218093,28.99143207,29.04672658,29.01907933,1.552537895,1.55569231,1.554115102
12/12/2024,27.67297619,27.72297619,27.69797619,35.2138622,35.28857639,35.2512193,29.02895202,29.08694662,29.05794932,1.563895596,1.567102088,1.565498842
12/13/2024,27.70440476,27.75440476,27.72940476,35.07931731,35.15372907,35.11652319,29.14226337,29.20040925,29.17133631,1.548328951,1.551487501,1.549908226
12/16/2024,27.76011905,27.80964286,27.78488095,35.14431071,35.21813171,35.18122121,29.15645304,29.21124886,29.18385095,1.553170056,1.556907802,1.555038929
12/17/2024,27.82160714,27.87017857,27.84589286,35.33622323,35.40070082,35.36846203,29.20434102,29.26090048,29.23262075,1.534756596,1.537894118,1.536325357
12/18/2024,27.8297619,27.8797619,27.8547619,35.39667417,35.47142107,35.43404762,29.21290107,29.26817405,29.24053756,1.539784766,1.544756311,1.542270539
12/19/2024,27.68988095,27.73988095,27.71488095,34.91693988,34.99385982,34.95539985,28.8196281,28.87721607,28.84842208,1.513207475,1.516370805,1.51478914
12/20/2024,27.7,27.7497619,27.72488095,34.71364,34.79542645,34.75453323,28.80246,28.85975238,28.83110619,1.505451146,1.508631179,1.507041163
12/23/2024,27.71309524,27.76309524,27.73809524,34.68848131,34.76772417,34.72810274,28.8077625,28.86251381,28.83513815,1.500795817,1.504065575,1.502430696
12/24/2024,27.74047619,27.78952381,27.765,34.81707167,34.8925261,34.85479888,28.83345095,28.8927679,28.86310943,1.492009025,1.495161695,1.49358536
12/26/2024,27.7647619,27.8147619,27.7897619,34.75315248,34.82964486,34.79139867,28.86979943,28.92735238,28.8985759,1.491157807,1.494372853,1.49276533
12/27/2024,27.795,27.84404762,27.81952381,34.9021815,34.966555,34.93436825,28.990185,29.04691048,29.01854774,1.484704261,1.48796005,1.486332155
12/30/2024,27.82202381,27.87202381,27.84702381,35.03627458,35.1159628,35.07611869,29.07123268,29.12905208,29.10014238,1.482908026,1.487047239,1.484977633
12/31/2024,27.85642857,27.905,27.88071429,34.90689064,34.9844985,34.94569457,28.96790007,29.0239905,28.99594529,1.477065881,1.481125666,1.479095774
1/2/2025,27.89392857,27.94178571,27.91785714,34.64146989,34.71487457,34.67817223,28.78653429,28.83871704,28.81262566,1.491071858,1.494085304,1.492578581
1/3/2025,27.93416667,27.98202381,27.95809524,34.65512717,34.72569155,34.69040936,28.75822458,28.81308992,28.78565725,1.489520346,1.49264527,1.491082808
1/6/2025,27.98309524,28.03119048,28.00714286,35.07121326,35.13709726,35.10415526,29.13320045,29.18607552,29.15963799,1.513180477,1.516420819,1.514800648
1/7/2025,28.08869048,28.13714286,28.11291667,35.21198238,35.28679086,35.24938662,29.19257601,29.24574629,29.21916115,1.511160214,1.514581771,1.512870993
1/8/2025,28.13392857,28.18345238,28.15869048,34.71445446,34.79247196,34.75346321,28.93574554,28.99513581,28.96544067,1.486012337,1.489367618,1.487689978
1/9/2025,27.97607143,28.02607143,28.00107143,34.39657982,34.47767307,34.43712645,28.82374639,28.88086661,28.8523065,1.482356601,1.485974392,1.484165497
1/10/2025,27.81833333,27.86833333,27.84333333,34.25271383,34.3198525,34.28628317,28.66401067,28.7183175,28.69116408,1.461576587,1.465004092,1.463290339
1/13/2025,27.65964286,27.70964286,27.68464286,33.52348714,33.60071293,33.56210004,28.21560168,28.26937764,28.24248966,1.445877828,1.448673271,1.44727555
1/14/2025,27.72916667,27.77916667,27.75416667,33.71312083,33.79613417,33.7546275,28.40853125,28.46531208,28.43692167,1.463056665,1.466197624,1.464627145
1/15/2025,27.76369048,27.81369048,27.78869048,33.89391333,33.96329744,33.92860539,28.59104845,28.64531982,28.61818414,1.470744782,1.473674503,1.472209643
1/16/2025,27.79654762,27.84654762,27.82154762,33.90066948,33.96721879,33.93394413,28.54427475,28.60118906,28.5727319,1.472313759,1.475329414,1.473821587
1/17/2025,27.8247619,27.8747619,27.8497619,33.9016899,33.97933476,33.94051233,28.64559238,28.70264233,28.67411736,1.483053966,1.486138773,1.48459637
1/20/2025,27.8452381,27.8952381,27.8702381,33.96005238,34.03219048,33.99612143,28.72514762,28.78230667,28.75372714,1.484319394,1.488341368,1.486330381
1/21/2025,27.91130952,27.96130952,27.93630952,34.17460738,34.2470119,34.21080964,28.90216101,28.95673214,28.92944658,1.499946772,1.503045703,1.501496238
1/22/2025,27.96119048,28.01119048,27.98619048,34.5404586,34.61342807,34.57694333,29.18589062,29.24088174,29.21338618,1.513051433,1.516561297,1.514806365
1/23/2025,27.9427381,27.9927381,27.9677381,34.41707051,34.49545115,34.45626083,29.08280181,29.14044036,29.11162108,1.504433071,1.50748218,1.505957626
1/24/2025,27.8422619,27.8922619,27.8672619,34.54389435,34.61429702,34.57909568,29.15920089,29.21993357,29.18956723,1.51396453,1.517318655,1.515641593
1/27/2025,27.85464286,27.90464286,27.87964286,34.84058729,34.91707961,34.87883345,29.29472789,29.35289382,29.32381086,1.492450203,1.495481763,1.493965983
1/28/2025,27.92115385,27.97115385,27.94615385,34.69203365,34.76534712,34.72869038,29.08825808,29.14594231,29.11710019,1.492303828,1.495383793,1.49384381
1/29/2025,27.96564103,28.01564103,27.99064103,34.73612272,34.81223554,34.77417913,29.08706323,29.14467136,29.11586729,1.499586626,1.502678693,1.50113266
1/30/2025,27.99035714,28.04035714,28.01535714,34.797612,34.87379218,34.83570209,29.11836854,29.17318757,29.14577805,1.509329095,1.513004287,1.511166691
1/31/2025,28.01190476,28.06190476,28.03690476,34.80479167,34.88375381,34.84427274,29.09876667,29.15912524,29.12894595,1.504382593,1.507569827,1.50597621
2/3/2025,28.05630952,28.10630952,28.08130952,34.52328887,34.7422092,34.63274904,28.79980173,28.85393736,28.82686954,1.487916882,1.491311982,1.489614432
2/4/2025,28.12440476,28.17380952,28.14910714,34.91926095,34.99187143,34.95556619,29.05532256,29.11199738,29.08365997,1.498761252,1.501866259,1.500313755
2/5/2025,28.0522619,28.1022619,28.0772619,35.17753643,35.25990801,35.21872222,29.23606736,29.29379781,29.26493258,1.510817871,1.51417944,1.512498656
2/6/2025,28.10130952,28.15107143,28.12619048,34.79785158,34.8791775,34.83851454,29.11014654,29.16732511,29.13873582,1.509378634,1.512685192,1.511031913
2/7/2025,28.07309524,28.12285714,28.09797619,34.94538895,35.02420629,34.98479762,29.13425824,29.18871343,29.16148583,1.523252969,1.526242912,1.52474794
2/10/2025,28.05428571,28.10428571,28.07928571,34.75645457,34.83526214,34.79585836,28.95763371,29.01486457,28.98624914,1.524440891,1.527489848,1.525965369
2/11/2025,28.06511905,28.11511905,28.09011905,34.76706948,34.83744401,34.80225674,28.9744289,29.02886042,29.00164466,1.517238494,1.520352524,1.518795509
2/12/2025,28.08478571,28.13333333,28.10905952,34.95713278,35.026,34.99156639,29.12953974,29.18270667,29.1561232,1.522342627,1.5253545,1.523848564
2/13/2025,28.09642857,28.14630952,28.12136905,35.03624643,35.10689187,35.07156915,29.19499893,29.24964486,29.22232189,1.516438915,1.520222393,1.518330654
2/14/2025,28.13452381,28.18452381,28.15952381,35.42980583,35.5068631,35.46833446,29.47935405,29.5345625,29.50695827,1.531447255,1.53468684,1.533067047
2/17/2025,28.16,28.21,28.185,35.461888,35.533316,35.497602,29.489152,29.547154,29.518153,1.52764517,1.530781127,1.529213148
2/18/2025,28.16547619,28.215,28.1902381,35.47441726,35.5424355,35.50842638,29.42447298,29.4818535,29.45316324,1.528663721,1.531443025,1.530053373
2/19/2025,28.17753571,28.22729762,28.20241667,35.4670642,35.54663589,35.50685005,29.38353424,29.44389415,29.41371419,1.518939114,1.522146719,1.520542917
2/20/2025,28.2245,28.2745,28.2495,35.6023843,35.68524645,35.64381538,29.5002474,29.55533485,29.52779113,1.532732358,1.535689457,1.534210907
2/21/2025,28.26619048,28.31559524,28.29089286,35.73694462,35.8107333,35.77383896,29.58056833,29.64359665,29.61208249,1.536890923,1.540808682,1.538849803
2/24/2025,28.27238095,28.32214286,28.2972619,35.74477124,35.81051743,35.77764433,29.6040101,29.66178021,29.63289515,1.542831157,1.545740685,1.544285921
2/25/2025,28.31559524,28.36559524,28.34059524,35.89001696,35.96757476,35.92879586,29.74836436,29.80373092,29.77604764,1.543016939,1.545952227,1.544484583
2/26/2025,28.3575,28.40595238,28.38172619,35.88074475,35.95341393,35.91707934,29.73283875,29.78648167,29.75966021,1.541822077,1.544666437,1.543244257
2/27/2025,28.44357143,28.49357143,28.46857143,36.04653807,36.12414986,36.08534396,29.80032979,29.85556414,29.82794696,1.54467098,1.548285983,1.546478482
2/28/2025,28.5147619,28.5647619,28.5397619,35.9171941,35.9916,35.95439705,29.67531271,29.73020419,29.70275845,1.543248773,1.548737626,1.5459932
3/3/2025,28.57809524,28.62809524,28.60309524,36.23130914,36.31473881,36.27302398,29.90411886,29.96216448,29.93314167,1.533464005,1.537285286,1.535374646
3/4/2025,28.64238095,28.69238095,28.66738095,36.49612181,36.56557029,36.53084605,30.22344038,30.27906962,30.251255,1.544879826,1.547802074,1.54634095
3/5/2025,28.70607143,28.75547619,28.73077381,36.78683054,36.86164493,36.82423773,30.74707311,30.80574164,30.77640738,1.555918363,1.558883466,1.557400914
3/6/2025,28.78702381,28.83690476,28.81196429,37.07768667,37.16500286,37.12134476,31.11589404,31.19287988,31.15438696,1.572949671,1.576519409,1.57473454
3/7/2025,28.59536905,28.64536905,28.62036905,36.95951449,37.03559764,36.99755607,31.07458754,31.13465162,31.10461958,1.575901829,1.579719467,1.577810648
3/10/2025,28.48666667,28.53666667,28.51166667,36.858898,36.92644667,36.89267233,30.88239533,30.939454,30.91092467,1.561717634,1.564939219,1.563328427
3/11/2025,28.5422619,28.59107143,28.56666667,36.90229042,36.98255089,36.94242065,31.17671268,31.23288643,31.20479955,1.564568238,1.569144682,1.56685646
3/13/2025,28.57785714,28.62607143,28.60196429,36.95688486,37.03354861,36.99521673,30.99840164,31.05642489,31.02741327,1.554555338,1.557516958,1.556036148
3/14/2025,28.6147619,28.66178571,28.63827381,37.0275019,37.10268161,37.06509176,31.1757831,31.22988171,31.2028324,1.5739087,1.577883792,1.575896246
3/17/2025,28.65547619,28.70369048,28.67958333,37.17474926,37.24877913,37.2117642,31.24306569,31.2985041,31.27078489,1.578935906,1.581670982,1.580303444
3/18/2025,28.70011905,28.74833333,28.72422619,37.20970435,37.27796383,37.24383409,31.32043992,31.37880583,31.34962288,1.587958074,1.591083512,1.589520793
3/19/2025,28.75321429,28.80011905,28.77666667,37.26416571,37.33935435,37.30176003,31.34962954,31.40364981,31.37663967,1.586025467,1.588945786,1.587485626
3/20/2025,28.80166667,28.84916667,28.82541667,37.28951783,37.36255575,37.32603679,31.18068433,31.23499275,31.20783854,1.581657496,1.585005833,1.583331664
3/21/2025,28.82809524,28.87702381,28.85255952,37.25743029,37.32932868,37.29337948,31.21506152,31.27092908,31.2429953,1.585599148,1.588569909,1.587084529
3/24/2025,28.84966667,28.89859524,28.87413095,37.31415887,37.39189238,37.35302562,31.22110927,31.27694963,31.24902945,1.592083455,1.595267799,1.593675627
3/25/2025,28.89304762,28.94233333,28.91769048,37.41649667,37.5005813,37.45853898,31.26516683,31.3358643,31.30051556,1.590081208,1.592793566,1.591437387
3/26/2025,28.82964286,28.87964286,28.85464286,37.15564371,37.23452354,37.19508363,31.06682314,31.13514296,31.10098305,1.578132649,1.580869645,1.579501147
3/27/2025,28.73583333,28.78583333,28.76083333,37.15830608,37.23447542,37.19639075,30.97148117,31.03112833,31.00130475,1.570229795,1.572961975,1.571595885
3/28/2025,28.55952381,28.60952381,28.58452381,36.95887976,37.03502857,36.99695417,30.80715833,30.86395429,30.83555631,1.570887699,1.573637898,1.572262799
3/31/2025,28.18821429,28.23761905,28.21291667,36.464274,36.53665529,36.50046464,30.49119139,30.54745629,30.51932384,1.533251432,1.535938723,1.534595078
4/1/2025,28.07619048,28.12619048,28.10119048,36.20986286,36.29122357,36.25054321,30.29982476,30.35659738,30.32821107,1.529462517,1.532186288,1.530824403
4/2/2025,27.93880952,27.98880952,27.96380952,36.15281952,36.23431281,36.19356617,30.23817355,30.29508743,30.26663049,1.500255576,1.502940472,1.501598024
4/3/2025,27.8677381,27.91702381,27.89238095,36.67394333,36.74717844,36.71056089,30.87188026,30.93206238,30.90197132,1.476710282,1.47932193,1.478016106
4/4/2025,27.84404762,27.89404762,27.86904762,36.18333988,36.25389369,36.21861679,30.69249369,30.7503981,30.72144589,1.462581818,1.4652082,1.463895009
4/7/2025,27.895,27.945,27.92,35.7307055,35.8115175,35.7711115,30.589657,30.650076,30.6198665,1.436073001,1.438647069,1.437360035
4/8/2025,27.9822619,28.0322619,28.0072619,35.75573426,35.83644362,35.79608894,30.63777856,30.69813001,30.66795429,1.441470712,1.444046399,1.442758555
4/9/2025,28.06178571,28.11178571,28.08678571,35.89102393,35.96059629,35.92581011,31.08965239,31.14785857,31.11875548,1.417218959,1.419744135,1.418481547
4/10/2025,28.1352381,28.185,28.16011905,36.32821943,36.4065645,36.36739196,31.28638476,31.3445385,31.31546163,1.4495527,1.452116478,1.450834589
4/11/2025,28.19595238,28.2452381,28.22059524,37.01846588,37.08599762,37.05223175,32.17440126,32.23629024,32.20534575,1.468975289,1.471543015,1.470259152
4/14/2025,28.26796429,28.31653571,28.29225,37.1186639,37.20226462,37.16046426,31.95693363,32.01467528,31.98580445,1.494465495,1.49703336,1.495749428
4/15/2025,28.32404762,28.37404762,28.34904762,37.44722336,37.52467798,37.48595067,32.04865988,32.11090969,32.07978479,1.496109594,1.498750653,1.497430124
4/16/2025,28.37095238,28.42095238,28.39595238,37.62555705,37.70607752,37.66581729,32.2350761,32.29757029,32.26632319,1.503463222,1.506112874,1.504788048
4/17/2025,28.42035714,28.47035714,28.44535714,37.65981525,37.73461136,37.6972133,32.29120979,32.35086682,32.3210383,1.513379402,1.516041894,1.514710648
4/22/2025,28.49892857,28.54892857,28.52392857,38.1030675,38.17562729,38.13934739,32.66547193,32.72563682,32.69555438,1.533321599,1.536011738,1.534666669
4/23/2025,28.49702381,28.54702381,28.52202381,37.87539435,37.94470405,37.9100492,32.36406994,32.42370964,32.39388979,1.528916921,1.531599511,1.530258216
4/24/2025,28.18345238,28.23345238,28.20845238,37.48962836,37.57590177,37.53276507,32.06431377,32.13249215,32.09840296,1.508136539,1.51081211,1.509474324
4/25/2025,28.0297619,28.0797619,28.0547619,37.33283988,37.41066679,37.37175333,31.80256786,31.85929786,31.83093286,1.487771397,1.490425311,1.489098354
4/29/2025,27.95821429,28.00821429,27.98321429,37.50314864,37.58142193,37.54228529,31.9003225,31.96297414,31.93164832,1.509304967,1.512004183,1.510654575
4/30/2025,27.93190476,27.98190476,27.95690476,37.23322905,37.31666819,37.27494862,31.74181657,31.80423295,31.77302476,1.499884805,1.502569701,1.501227253
5/2/2025,27.84630952,27.89630952,27.87130952,37.06343798,37.14393613,37.10368705,31.59442279,31.65394242,31.6241826,1.514382258,1.517101438,1.515741848
5/5/2025,27.7172619,27.7672619,27.7422619,36.94711012,37.02486702,36.98598857,31.48126607,31.54360952,31.5124378,1.518196712,1.520935432,1.519566072
5/6/2025,27.26559524,27.31559524,27.29059524,36.5031789,36.57831358,36.54074624,30.92736468,30.9895428,30.95845374,1.494209905,1.496950006,1.495579956
5/7/2025,26.8697619,26.9197619,26.8947619,35.92218469,35.99710562,35.95964515,30.5382905,30.5943094,30.56629995,1.470905264,1.473642365,1.472273814
5/8/2025,26.64452381,26.69452381,26.66952381,35.52780805,35.60782531,35.56781668,30.11896971,30.17815917,30.14856444,1.469726448,1.472484476,1.471105462
5/9/2025,26.47061905,26.52061905,26.49561905,35.19004096,35.26446715,35.22725405,29.8165053,29.87547736,29.84599133,1.452012257,1.454754944,1.4533836
5/12/2025,26.44470238,26.49464286,26.46967262,34.89114032,34.97027911,34.93070971,29.39857564,29.46204286,29.43030925,1.445318437,1.448047902,1.44668317
5/13/2025,26.52166667,26.57166667,26.54666667,35.09346933,35.16760083,35.13053508,29.52126717,29.57957933,29.55042325,1.436710004,1.439418563,1.438064283
5/14/2025,26.60071429,26.65071429,26.62571429,35.42151114,35.49608636,35.45879875,29.84334136,29.91009664,29.876719,1.455945917,1.458682584,1.457314251
5/15/2025,26.67619048,26.72619048,26.70119048,35.49800667,35.59126786,35.54463726,29.89867429,29.9573869,29.9280306,1.479232911,1.482005483,1.480619197
5/16/2025,26.82702381,26.87702381,26.85202381,35.64774924,35.71687694,35.68231309,30.02480505,30.08614045,30.05547275,1.482614721,1.485378007,1.483996364
5/19/2025,26.94464286,26.99404762,26.96934524,36.00343179,36.08024405,36.04183792,30.31541768,30.37370238,30.34456003,1.491299092,1.494033486,1.492666289
5/20/2025,27.06166667,27.11166667,27.08666667,36.094851,36.17238567,36.13361833,30.379427,30.44097933,30.41020317,1.502799759,1.50557638,1.50418807
5/21/2025,27.17727381,27.22727381,27.20227381,36.48549009,36.57439691,36.5299435,30.7891335,30.84850123,30.81881736,1.516089781,1.518879041,1.517484411
5/22/2025,27.25738095,27.30738095,27.28238095,36.56577655,36.63558229,36.60067942,30.7735831,30.83276383,30.80317346,1.508750094,1.511517693,1.510133894
5/23/2025,27.34285714,27.39285714,27.36785714,36.89371714,36.97487857,36.93429786,30.95758286,31.02515,30.99136643,1.52381377,1.526600263,1.525207017
5/27/2025,27.15059524,27.20059524,27.17559524,36.77276619,36.88128708,36.82702664,30.8756569,30.93795702,30.90680696,1.519866727,1.522665684,1.521266205
5/28/2025,26.61488095,26.66488095,26.63988095,35.83427571,35.91226167,35.87326869,30.07481548,30.14198143,30.10839845,1.484004625,1.486792548,1.485398587
5/29/2025,26.4577381,26.5077381,26.4827381,35.72323798,35.79339875,35.75831836,30.03217851,30.09158429,30.0618814,1.488605964,1.491419141,1.490012552
5/30/2025,26.5902381,26.6402381,26.6152381,35.83300486,35.91104095,35.8720229,30.13205781,30.19138183,30.16171982,1.481977779,1.484764474,1.483371126
6/2/2025,26.71404762,26.76404762,26.73904762,36.14677783,36.22781486,36.18729635,30.49408536,30.55383676,30.52396106,1.491921479,1.49471387,1.493317675
6/3/2025,26.78444048,26.83396429,26.80920238,36.1804222,36.25805254,36.21923737,30.49944237,30.55851853,30.52898045,1.498220695,1.50099087,1.499605783
6/4/2025,26.18654762,26.23654762,26.21154762,35.51943319,35.60037146,35.55990233,29.92860527,29.98837393,29.9584896,1.470799055,1.473607366,1.47220321
6/5/2025,26.05345238,26.10345238,26.07845238,35.45093265,35.52679869,35.48886567,29.93281144,29.99286679,29.96283911,1.472437275,1.475263075,1.473850175
6/6/2025,25.29595238,25.34595238,25.32095238,34.19759802,34.2753314,34.23646471,28.79944179,28.86650517,28.83297348,1.422719481,1.42553163,1.424125556
6/9/2025,24.81821429,24.86821429,24.84321429,33.58400757,33.66161486,33.62281121,28.27787336,28.33733018,28.30760177,1.399368169,1.402187405,1.400777787
6/10/2025,25.03958333,25.08958333,25.06458333,33.88356417,33.96126,33.92241208,28.65029125,28.71502813,28.68265969,1.415041471,1.41786708,1.416454275
6/11/2025,24.85511905,24.90511905,24.88011905,33.58175135,33.65179686,33.6167741,28.49142296,28.55371899,28.52257098,1.401038249,1.403856658,1.402447453
6/12/2025,24.68964286,24.73964286,24.71464286,33.60013496,33.68302375,33.64157936,28.68195811,28.74251707,28.71223759,1.388142586,1.39095377,1.389548178
6/13/2025,24.32559524,24.37559524,24.35059524,32.897935,32.98261792,32.94027646,28.00362524,28.0636228,28.03362402,1.347364892,1.350134331,1.348749612
6/16/2025,24.20345238,24.25345238,24.22845238,32.89007144,32.97256851,32.93131998,28.05422165,28.11702735,28.0856245,1.361649295,1.364462219,1.363055757
6/17/2025,24.2935,24.3435,24.3185,32.9274099,33.009786,32.96859795,28.083286,28.14352035,28.11340318,1.361590629,1.364393005,1.362991817
6/18/2025,24.1235119,24.1735119,24.1485119,32.4316494,32.50128676,32.46646808,27.73238929,27.79470399,27.76354664,1.337757415,1.34053014,1.339143777
6/19/2025,23.51440476,23.56440476,23.53940476,31.56808839,31.64935204,31.60872021,26.99218523,27.05429311,27.02323917,1.299547634,1.302310936,1.300929285
6/20/2025,23.10178571,23.15178571,23.12678571,31.18972089,31.27111696,31.23041893,26.59939607,26.65928125,26.62933866,1.284853016,1.287633868,1.286243442
6/23/2025,23.20642857,23.25642857,23.23142857,31.07340786,31.14966043,31.11153414,26.61081164,26.67512357,26.64296761,1.280213415,1.282971731,1.281592573
6/24/2025,23.32761905,23.37690476,23.3522619,31.71623086,31.79025279,31.75324182,27.041376,27.10084569,27.07111085,1.31428389,1.317060659,1.315672275
6/25/2025,23.41595238,23.46595238,23.44095238,31.84101205,31.91838843,31.87970024,27.1414304,27.201732,27.1715812,1.313466332,1.316270972,1.314868652
6/26/2025,23.53535714,23.58535714,23.56035714,32.28815646,32.37326121,32.33070884,27.56225675,27.62552882,27.59389279,1.326959802,1.32977888,1.328369341
6/27/2025,23.66714286,23.71714286,23.69214286,32.49262043,32.57075229,32.53168636,27.76865871,27.83206714,27.80036293,1.328674245,1.331481247,1.330077746
6/30/2025,23.78988095,23.83964286,23.8147619,32.56596804,32.64600693,32.60598748,27.8769825,27.94006143,27.90852196,1.338081284,1.340880183,1.339480733
7/1/2025,23.88964286,23.93940476,23.91452381,32.81959136,32.89753002,32.85856069,28.19933443,28.26286126,28.23109785,1.357127032,1.359953915,1.358540474
7/2/2025,23.98947619,24.03947619,24.01447619,32.5945013,32.67445604,32.63447867,28.22121979,28.28484769,28.25303374,1.356034808,1.35886112,1.357447964
7/3/2025,24.14352381,24.19352381,24.16852381,32.89072249,32.96609554,32.92840901,28.35415436,28.41771307,28.38593371,1.375260533,1.378108627,1.37668458
7/4/2025,24.25922619,24.30922619,24.28422619,33.11141783,33.19181744,33.15161763,28.57979438,28.6411303,28.61046234,1.377285208,1.380123891,1.378704549
7/9/2025,24.33821429,24.38678571,24.3625,33.13404493,33.20748611,33.17076552,28.51465186,28.5764355,28.54554368,1.367814892,1.370544621,1.369179757
7/10/2025,23.64120238,23.69120238,23.66620238,32.06692691,32.14896163,32.10794427,27.68384799,27.74476711,27.71430755,1.332649514,1.335468003,1.334058759
7/11/2025,23.24083333,23.29083333,23.26583333,31.38442133,31.46125767,31.4228395,27.163886,27.22931325,27.19659963,1.297631145,1.30042285,1.299026998
7/14/2025,23.26345238,23.31345238,23.28845238,31.35913381,31.43352785,31.39633083,27.17636507,27.23710642,27.20673574,1.299140683,1.301932918,1.300536801
7/15/2025,22.93488095,22.98488095,22.95988095,30.80383861,30.88248605,30.84316233,26.75353863,26.81646061,26.78499962,1.290644451,1.293458166,1.292051308
7/16/2025,22.87297619,22.92297619,22.89797619,30.61776593,30.69386512,30.65581552,26.5189286,26.57919089,26.54905974,1.276543356,1.279333861,1.277938608
7/17/2025,22.8825,22.9325,22.9075,30.66026175,30.73642975,30.69834575,26.525394,26.5879405,26.55666725,1.278351955,1.281145251,1.279748603
7/18/2025,22.95202381,23.00202381,22.97702381,30.91637607,30.99752729,30.95695168,26.77124057,26.83646118,26.80385088,1.298595367,1.301424301,1.300009834
7/21/2025,22.99583333,23.04583333,23.02083333,30.98228625,31.05886958,31.02057792,26.81544125,26.88296458,26.84920292,1.29881805,1.301642079,1.300230064
7/22/2025,23.11452381,23.16452381,23.13952381,31.163001,31.23967681,31.2013389,27.00238671,27.06542962,27.03390817,1.318155958,1.321007317,1.319581638
7/23/2025,23.20928571,23.25928571,23.23428571,31.41608914,31.49074693,31.45341804,27.21520843,27.27616436,27.24568639,1.322165074,1.325013428,1.323589251
7/24/2025,23.29845238,23.34845238,23.32345238,31.54610452,31.6231439,31.58462421,27.38733077,27.45077546,27.41905312,1.322993934,1.325833166,1.32441355
7/25/2025,23.36238095,23.41238095,23.38738095,31.3803501,31.45453381,31.41744195,27.37370176,27.43696924,27.4053355,1.313489498,1.316300619,1.314895058
7/28/2025,23.33041667,23.38041667,23.35541667,31.32108438,31.39989958,31.36049198,27.14727283,27.21012892,27.17870088,1.307026144,1.309827264,1.308426704
7/29/2025,23.06142857,23.11142857,23.08642857,30.70629214,30.77748943,30.74189079,26.587521,26.64978829,26.61865464,1.283786578,1.286569984,1.285178281
7/30/2025,22.99880952,23.04880952,23.02380952,30.58611679,30.65722155,30.62166917,26.36813512,26.43006988,26.3991025,1.281427781,1.284213638,1.282820709
7/31/2025,22.95964286,23.00964286,22.98464286,30.29754471,30.37272857,30.33513664,26.19236057,26.26090539,26.22663298,1.267305271,1.270065125,1.268685198
8/1/2025,22.93666667,22.98666667,22.96166667,30.48053633,30.556176,30.51835617,26.53084233,26.597872,26.56435717,1.270511251,1.273280859,1.271896055
8/5/2025,22.98678571,23.03678571,23.01178571,30.53104879,30.60436982,30.5677093,26.52215336,26.58214704,26.5521502,1.277235236,1.280013431,1.278624333
8/6/2025,23.05821429,23.10761905,23.08291667,30.72045889,30.7955239,30.7579914,26.81900904,26.88109324,26.85005114,1.29619175,1.298968984,1.297580367
8/7/2025,23.13035714,23.18035714,23.15535714,31.04325232,31.11499339,31.07912286,26.94455304,27.00511607,26.97483455,1.306696484,1.309521119,1.308108802
8/8/2025,23.18511905,23.23511905,23.21011905,31.13993339,31.21638244,31.17815792,27.01066369,27.07588423,27.04327396,1.308695942,1.311518218,1.31010708
8/11/2025,23.21692857,23.26692857,23.24192857,31.15711814,31.23585161,31.19648488,26.97574931,27.036171,27.00596015,1.305399885,1.308211195,1.30680554
8/12/2025,23.17505952,23.22505952,23.20005952,31.21680518,31.29809021,31.2574477,26.93868919,26.9991317,26.96891044,1.311370245,1.314199516,1.312784881
8/13/2025,23.11035714,23.16035714,23.13535714,31.33071118,31.41239239,31.37155179,27.02987371,27.09298579,27.06142975,1.317204739,1.320054554,1.318629646
8/14/2025,23.14404762,23.19345238,23.16875,31.35787012,31.43176667,31.39481839,26.99521714,27.05980089,27.02750902,1.312765038,1.31556735,1.314166194
8/15/2025,23.21083333,23.26083333,23.23583333,31.48085325,31.5556465,31.51824988,27.13578525,27.19656633,27.16617579,1.319382075,1.322224243,1.320803159
8/18/2025,23.25169048,23.30169048,23.27669048,31.47813857,31.55281907,31.51547882,27.14169829,27.20472363,27.17321096,1.320271103,1.323110189,1.321690646
8/19/2025,23.2922619,23.3422619,23.3172619,31.46784583,31.53773006,31.50278795,27.19371577,27.254425,27.22407039,1.322094366,1.324932421,1.323513393
8/20/2025,23.32059524,23.37059524,23.34559524,31.43849444,31.51524768,31.47687106,27.19881023,27.25946229,27.22913626,1.316521313,1.319343971,1.317932642
8/21/2025,23.2322619,23.2822619,23.2572619,31.24274581,31.32162694,31.28218638,27.05629221,27.11917867,27.08773544,1.313054202,1.31588013,1.314467166
8/22/2025,23.22428571,23.27428571,23.24928571,31.16234657,31.24340114,31.20287386,26.97500786,27.03773771,27.00637279,1.318625165,1.321464058,1.320044611
8/25/2025,23.26785714,23.31785714,23.29285714,31.42324107,31.50009321,31.46166714,27.22106607,27.28189286,27.25147946,1.324309733,1.327155525,1.325732629
8/26/2025,23.30547619,23.35547619,23.33047619,31.39946807,31.48084636,31.44015721,27.12990483,27.19278093,27.16134288,1.320154314,1.322986597,1.321570455
8/27/2025,23.36591667,23.41591667,23.39091667,31.40846518,31.48504155,31.44675337,27.0857706,27.14607219,27.1159214,1.314686134,1.31749939,1.316092762
8/28/2025,23.47515476,23.52515476,23.50015476,31.69380644,31.76366396,31.7287352,27.38142051,27.44444555,27.41293303,1.328847534,1.331677861,1.330262698
8/29/2025,23.55488095,23.60488095,23.57988095,31.6978033,31.78161171,31.73970751,27.47912412,27.52801217,27.50356814,1.329222211,1.332043754,1.330632982
9/1/2025,23.59904762,23.64904762,23.62404762,31.95075057,32.0302701,31.99051033,27.64156448,27.70485929,27.67321188,1.34159438,1.344436855,1.343015618
9/2/2025,23.66378571,23.71378571,23.68878571,31.61481771,31.69347461,31.65414616,27.53518106,27.59810381,27.56664244,1.333065883,1.335882562,1.334474223
9/3/2025,23.75188333,23.80188333,23.77688333,31.87027706,31.94450762,31.90739234,27.65669295,27.72205352,27.68937324,1.346020817,1.34885432,1.347437568
9/4/2025,23.80440476,23.85440476,23.82940476,31.98359824,32.06032,32.02195912,27.7178489,27.77845435,27.74815163,1.338792765,1.341604835,1.3401988
9/5/2025,23.87839286,23.92839286,23.90339286,32.32895609,32.40622245,32.36758927,28.03084538,28.09432605,28.06258571,1.360592186,1.363441188,1.362016687
9/8/2025,23.92952381,23.97952381,23.95452381,32.42929067,32.50184657,32.46556862,28.11958343,28.18073638,28.1501599,1.364952246,1.367804272,1.366378259
9/9/2025,24.00702381,24.05702381,24.03202381,32.55592499,32.6333528,32.59463889,28.20105087,28.26459727,28.23282407,1.371633984,1.374490719,1.373062352
9/10/2025,24.12619048,24.17595238,24.15107143,32.67651238,32.75116269,32.71383754,28.26383214,28.32454581,28.29418898,1.375730768,1.378568306,1.377149537
9/11/2025,24.00910714,24.05910714,24.03410714,32.51073198,32.58565471,32.54819335,28.15788086,28.22373859,28.19080972,1.375273211,1.378137277,1.376705244
9/12/2025,23.81119048,23.86119048,23.83619048,32.25463862,32.3319131,32.29327586,27.88528517,27.94622629,27.91575573,1.369230399,1.372105581,1.37066799
9/15/2025,23.74190476,23.79190476,23.76690476,32.30323562,32.38078238,32.342009,27.92285419,27.98641757,27.95463588,1.369214452,1.372097992,1.370656222
9/16/2025,23.47738095,23.52738095,23.50238095,32.02079988,32.10311131,32.0619556,27.72443917,27.7858369,27.75513804,1.351091753,1.353969186,1.352530469
9/17/2025,23.46202381,23.51202381,23.48702381,32.0209701,32.0962637,32.0586169,27.7837286,27.8452898,27.8145092,1.350293448,1.353171063,1.351732256
9/18/2025,23.53738095,23.58738095,23.56238095,31.97317829,32.05053324,32.01185576,27.73880345,27.80952214,27.7741628,1.353578754,1.356454135,1.355016444
9/19/2025,23.62833333,23.67833333,23.65333333,31.855719,31.93970383,31.89771142,27.758566,27.81967383,27.78911992,1.359364243,1.362240798,1.360802521
9/22/2025,23.76142857,23.8102381,23.78583333,32.09218543,32.16763167,32.12990855,27.99809129,28.06274662,28.03041895,1.373365965,1.376187063,1.374776514
9/23/2025,23.68821429,23.73821429,23.71321429,32.05252275,32.12967304,32.09109789,27.94972404,28.01346668,27.98159536,1.372625063,1.375522337,1.3740737
9/24/2025,23.64797619,23.69797619,23.67297619,31.76632642,31.84297061,31.80464851,27.75090006,27.81668445,27.78379226,1.364505746,1.367390783,1.365948265
9/25/2025,23.72121429,23.77121429,23.74621429,31.75321744,31.82965593,31.79143669,27.7633092,27.82420632,27.79375776,1.363107996,1.36598118,1.364544588
9/26/2025,23.7777381,23.8277381,23.8027381,31.82174689,31.89819299,31.85996994,27.79379806,27.85462583,27.82421195,1.365430203,1.368301439,1.366865821
9/29/2025,23.81482143,23.86357143,23.83919643,32.00712,32.08218543,32.04465271,27.96812629,28.030151,27.99913864,1.378252296,1.38107364,1.379662968
9/30/2025,23.84297619,23.89297619,23.86797619,31.98773686,32.06198475,32.0248608,27.9391995,28.0001788,27.96968915,1.378071299,1.380961188,1.379516244
10/1/2025,23.90369048,23.95369048,23.92869048,32.2962762,32.37341268,32.33484444,28.09400742,28.15516779,28.1245876,1.391083916,1.393993684,1.3925388
10/2/2025,23.84934524,23.89934524,23.87434524,32.07021454,32.14700928,32.10861191,27.98243677,28.04588164,28.0141592,1.383107946,1.386007623,1.384557784
10/3/2025,23.77119048,23.82119048,23.79619048,31.9865139,32.06332238,32.02491814,27.9050005,27.96845974,27.93673012,1.378783372,1.381683486,1.380233429
10/6/2025,23.74297619,23.7927381,23.76785714,31.91056,31.99647419,31.9535171,27.76266206,27.82322793,27.79294499,1.375344007,1.378226532,1.376785269
10/7/2025,23.73309524,23.78309524,23.75809524,31.83557395,31.90740057,31.87148726,27.68228229,27.7453589,27.7138206,1.379382017,1.382288048,1.380835033
10/8/2025,23.67404762,23.72404762,23.69904762,31.77530671,31.85190633,31.81360652,27.53528479,27.5981846,27.56673469,1.337516815,1.340341673,1.338929244
10/9/2025,23.10904762,23.15904762,23.13404762,30.90372938,30.9775421,30.94063574,26.83191519,26.8922861,26.86210064,1.351501136,1.354425318,1.352963227
10/10/2025,22.66845238,22.71845238,22.69345238,30.10143792,30.18146399,30.14145095,26.22966625,26.29206494,26.2608656,1.317481351,1.320387331,1.318934341
10/13/2025,22.74869048,22.79869048,22.77369048,30.33310388,30.41117323,30.37213855,26.31568514,26.37808488,26.34688501,1.311314876,1.314197053,1.312755965
10/14/2025,22.60619048,22.65619048,22.63119048,29.95772362,30.0330461,29.99538486,26.1214531,26.18375933,26.15260621,1.292461779,1.295320424,1.293891101
10/15/2025,22.64857143,22.69857143,22.67357143,30.22678343,30.30259286,30.26468814,26.30858057,26.36893043,26.3387555,1.305039639,1.307920703,1.306480171
10/16/2025,22.69,22.74,22.715,30.506705,30.583026,30.5448655,26.458809,26.519388,26.4890985,1.309751268,1.312637455,1.311194362
10/17/2025,22.65535714,22.70535714,22.68035714,30.37630286,30.452425,30.41436393,26.44559839,26.50850446,26.47705143,1.300328141,1.303197944,1.301763043
10/20/2025,22.64345238,22.69345238,22.66845238,30.39430613,30.47049851,30.43240232,26.38188637,26.44468006,26.41328321,1.309824056,1.312716336,1.311270196
10/21/2025,22.6352381,22.6852381,22.6602381,30.29500267,30.36645971,30.33073119,26.28177495,26.344367,26.31307098,1.303107511,1.305986004,1.304546758
10/22/2025,22.52595238,22.57595238,22.55095238,30.00682117,30.08019895,30.04351006,26.09406324,26.15649843,26.12528083,1.292151758,1.295019898,1.293585828
10/23/2025,22.25714286,22.30714286,22.28214286,29.69325429,29.76888214,29.73106821,25.81828571,25.87851643,25.84840107,1.282440687,1.285321651,1.283881169
10/27/2025,22.03202381,22.08202381,22.05702381,29.38411015,29.45962796,29.42186906,25.6364629,25.69685111,25.66665701,1.279570214,1.282474101,1.281022157
10/28/2025,21.98547619,22.03547619,22.01047619,29.271463,29.34023655,29.30584977,25.6284696,25.69116169,25.65981564,1.274350445,1.27724861,1.275799528
10/29/2025,22.0022619,22.0522619,22.0272619,29.03638504,29.11780662,29.07709583,25.59523127,25.6556015,25.62541639,1.285922461,1.288844712,1.287383587
10/30/2025,22.09190476,22.14190476,22.11690476,29.00446176,29.07896352,29.04171264,25.51615,25.57611419,25.5461321,1.272919786,1.27580075,1.274360268
10/31/2025,22.17857143,22.22857143,22.20357143,29.06723571,29.13721143,29.10222357,25.62290357,25.68289143,25.6528975,1.277273176,1.280152697,1.278712936
11/3/2025,22.25565476,22.30565476,22.28065476,29.23057696,29.30516923,29.2678731,25.62293533,25.68496146,25.65394839,1.285814841,1.288703579,1.28725921
11/4/2025,22.34,22.39,22.365,29.180508,29.254774,29.217641,25.67983,25.739544,25.709687,1.277505833,1.280365067,1.27893545
11/5/2025,22.43607143,22.48607143,22.46107143,29.24766271,29.31733993,29.28250132,25.76782804,25.82975025,25.79878914,1.285425366,1.288290006,1.286857686
11/6/2025,22.59517857,22.64517857,22.62017857,29.59968393,29.67650652,29.63809522,26.04998138,26.11215541,26.08106839,1.301145861,1.304025117,1.302585489
11/7/2025,22.66809524,22.71809524,22.69309524,29.73827414,29.81522819,29.77675117,26.2043181,26.2643899,26.234354,1.306789607,1.309672049,1.308230828
11/10/2025,22.70940476,22.75940476,22.73440476,29.9378083,30.00599924,29.97190377,26.28386507,26.34401101,26.31393804,1.321251397,1.324160437,1.322705917
11/11/2025,22.63595238,22.68595238,22.66095238,29.757223,29.8252216,29.7912223,26.20111488,26.26125848,26.23118668,1.31849676,1.321409155,1.319952958
11/12/2025,22.515,22.565,22.54,29.5374285,29.60528,29.57135425,26.0611125,26.1235005,26.0923065,1.320706019,1.323638966,1.322172492
11/13/2025,22.48702381,22.53821429,22.51261905,29.62215646,29.69860496,29.66038071,26.12542426,26.189405,26.15741463,1.323015145,1.326026916,1.32452103
11/14/2025,22.5402381,22.59,22.56511905,29.67196943,29.746512,29.70924071,26.25036129,26.310573,26.28046714,1.315365696,1.318269618,1.316817657
11/17/2025,22.67,22.72,22.7,29.89,29.96,29.93,26.29,26.35,26.32,1.33,1.33,1.33
11/18/2025,22.74,22.79,22.77,29.91,29.98,29.94,26.36,26.43,26.4,1.32,1.32,1.32
11/19/2025,22.79,22.84,22.82,29.89,29.96,29.93,26.39,26.45,26.42,1.33,1.33,1.33
11/20/2025,22.89,22.94,22.92,29.89,29.96,29.92,26.35,26.41,26.38,1.33,1.33,1.33
11/21/2025,22.98,23.03,23.01,30.07,30.14,30.1,26.47,26.53,26.5,1.32,1.33,1.33
11/24/2025,23.03,23.08,23.05,30.19,30.27,30.23,26.59,26.65,26.62,1.33,1.34,1.33
11/25/2025,22.88,22.93,22.9,30.02,30.1,30.06,26.4,26.46,26.43,1.33,1.33,1.33
11/26/2025,22.81,22.86,22.84,30.09,30.16,30.12,26.4,26.46,26.43,1.33,1.33,1.33
11/27/2025,22.88,22.93,22.9,30.27,30.35,30.31,26.5,26.56,26.53,1.33,1.34,1.33
11/28/2025,22.95,23,22.97,30.32,30.4,30.36,26.54,26.61,26.57,1.34,1.34,1.34
12/1/2025,22.96,23.01,22.98,30.41,30.48,30.45,26.71,26.77,26.74,1.34,1.35,1.35
12/2/2025,22.99,23.04,23.02,30.36,30.44,30.4,26.7,26.77,26.73,1.34,1.35,1.35
12/3/2025,23.02,23.07,23.05,30.61,30.69,30.65,26.85,26.91,26.88,1.35,1.35,1.35
12/4/2025,23.04,23.09,23.07,30.74,30.81,30.78,26.89,26.95,26.92,1.36,1.36,1.36
12/5/2025,23.06,23.11,23.08,30.76,30.83,30.8,26.85,26.91,26.88,1.36,1.37,1.36
12/8/2025,23.08,23.13,23.11,30.74,30.82,30.78,26.88,26.95,26.92,1.36,1.36,1.36
12/9/2025,23.13,23.18,23.15,30.81,30.88,30.84,26.91,26.97,26.94,1.35,1.36,1.36
12/10/2025,23.24,23.29,23.26,30.92,30.99,30.96,27.03,27.09,27.06,1.36,1.37,1.37
12/11/2025,23.1,23.15,23.12,30.93,31,30.97,27.06,27.13,27.09,1.36,1.37,1.37
12/12/2025,22.97,23.02,23,30.73,30.81,30.77,26.95,27.01,26.98,1.36,1.37,1.36
12/15/2025,23.08307143,23.13307143,23.10807143,30.89899941,30.97055603,30.93477772,27.12722554,27.19061216,27.15891885,1.37534313,1.378913791,1.377128461
12/16/2025,23.02683333,23.07683333,23.05183333,30.93655058,31.015264,30.97590729,27.11639893,27.1798943,27.14814662,1.372482988,1.377598026,1.375040507
12/17/2025,22.94738095,22.99738095,22.97238095,30.61410093,30.69460436,30.65435264,26.90121469,26.96212943,26.93167206,1.370205581,1.374208602,1.372207092
12/18/2025,22.83392857,22.88333333,22.85863095,30.59518089,30.67282,30.63400045,26.76136429,26.82384333,26.79260381,1.360717521,1.363897349,1.362307435
12/19/2025,22.62857143,22.67857143,22.65357143,30.23403429,30.31444643,30.27424036,26.48900571,26.54980357,26.51940464,1.347797194,1.35106498,1.349431087
12/22/2025,22.53309524,22.58309524,22.55809524,30.27772007,30.35168,30.31470004,26.46962698,26.5328786,26.50125279,1.349165957,1.352435022,1.35080049
12/23/2025,22.52202381,22.57202381,22.54702381,30.41599315,30.49706137,30.45652726,26.55346607,26.61467327,26.58406967,1.34902,1.352509066,1.350764533
12/24/2025,22.50392857,22.55392857,22.52892857,30.38705475,30.46584671,30.42645073,26.52087982,26.586571,26.55372541,1.352017674,1.356374365,1.354196019
12/26/2025,22.48428571,22.53428571,22.50928571,30.35603414,30.43931314,30.39767364,26.51122129,26.57919,26.54520564,1.348140407,1.352663136,1.350401772
12/29/2025,22.40369048,22.45369048,22.42869048,30.20913624,30.28778308,30.24845966,26.36018221,26.42350295,26.39184258,1.344807765,1.348205619,1.346506692
12/30/2025,22.23571429,22.28571429,22.26071429,30.00264929,30.08348571,30.0430675,26.1492,26.21245714,26.18082857,1.336867393,1.340260303,1.338563848
12/31/2025,22.11130952,22.16130952,22.13630952,29.77730054,29.85793232,29.81761643,25.98963321,26.05283548,26.02123435,1.334909624,1.33834031,1.336624967
1/2/2026,22.04440476,22.09440476,22.06940476,29.6387022,29.71918385,29.67894302,25.84486014,25.90789902,25.87637958,1.335182961,1.338576192,1.336879576
1/5/2026,21.4125,21.4625,21.4375,28.78054125,28.8584775,28.81950938,24.97554,25.0381525,25.00684625,1.298309545,1.302209737,1.300259641
1/6/2026,20.96190476,21.01190476,20.98690476,28.32162952,28.39758929,28.3596094,24.53800571,24.5986369,24.56832131,1.278149337,1.284409064,1.281279201
1/7/2026,20.37142857,20.42142857,20.39642857,27.47698286,27.55259143,27.51478714,23.80197714,23.86448143,23.83322929,1.238949586,1.242330489,1.240640037
1/8/2026,19.82761905,19.87761905,19.85261905,26.63444067,26.70955671,26.67199869,23.13883143,23.20115695,23.16999419,1.200030204,1.203340399,1.201685301
1/9/2026,19.4922619,19.5422619,19.5172619,26.14886935,26.22376125,26.1863153,22.69094208,22.75305554,22.72199881,1.175861851,1.179376096,1.177618973
1/12/2026,,,19.44261905,,,,,,,,,
1/13/2026,,,19.51178571,,,,,,,,,
1/14/2026,,,19.64097143,,,,,,,,,
1/15/2026,,,19.87071429,,,,,,,,,
1/16/2026,,,20.0122619,,,,,,,,,
1/19/2026,,,20.11958333,,,,,,,,,
1/20/2026,,,20.15369048,,,,,,,,,
1/21/2026,,,20.20684524,,,,,,,,,
1/22/2026,,,20.12345238,,,,,,,,,
1/23/2026,,,19.65845238,,,,,,,,,
1/26/2026,,,19.62642857,,,,,,,,,
1/27/2026,,,19.75517857,,,,,,,,,
1/28/2026,,,19.86440476,,,,,,,,,
1/29/2026,,,19.88464286,,,,,,,,,
1/30/2026,,,19.74821429,,,,,,,,,
2/2/2026,,,19.63583333,,,,,,,,,
2/3/2026,,,19.70607143,,,,,,,,,
2/4/2026,,,19.58630952,,,,,,,,,
2/5/2026,,,18.86202381,,,,,,,,,
2/6/2026,,,18.66821429,,,,,,,,,
